Payment_Transaction_ID,Order_ID,Customer_ID,Payment_Method_ID,Transaction_Date,Payment_Amount,Payment_Status,Gateway_Response
TXN_900001,ORD_10001,CUST_2151,PAY_DC,28-03-2024,6879.14,success,Transaction Approved
TXN_900002,ORD_10002,CUST_2039,PAY_UPI,11-10-2024,8318.96,Success,Transaction Approved
TXN_900003,ORD_10003,CUST_2221,PAY_NB,21-02-2024,813.49,Success,
TXN_900004,ORD_10004,CUST_2098,PAY_NB,10-03-2024,1063.47,Success,Transaction Approved
TXN_900005,ORD_10005,CUST_2153,PAY_UPI,09-08-2024,2043.49,Success,transaction approved
TXN_900006,ORD_10006,CUST_2002,PAY_DC,09-02-2024,1063.47,Success,
TXN_900007,ORD_10007,CUST_2106,PAY_DC,29-02-2024,1818.6,Success,TRANSACTION APPROVED
TXN_900008,ORD_10008,CUST_2242,PAY_AJIO_WALLET,10-05-2024,1655.45,Failed,Network Timeout
TXN_900009,ORD_10008,CUST_2242,PAY_UPI,10-05-2024,1655.45,Success,
TXN_900010,ORD_10009,CUST_2196,PAY_COD,26-08-2024,724.48,  Success   ,Transaction Approved
TXN_900011,ORD_10010,CUST_2138,PAY_CC,13-02-2024,1272.36,Failed,
TXN_900012,ORD_10010,CUST_2138,PAY_NB,13-02-2024,1272.36,Success,Transaction Approved
TXN_900013,ORD_10011,CUST_2278,PAY_NB,17-07-2024,1000.52,Failed,Insufficient Funds
TXN_900014,ORD_10011,CUST_2278,PAY_CC,17-07-2024,1000.52,  Success   ,
TXN_900015,ORD_10012,CUST_2275,PAY_COD,31-08-2024,763.45,  Success   ,
TXN_900016,ORD_10013,CUST_2018,PAY_NB,13-11-2024,1630.6,Success,Transaction Approved
TXN_900017,ORD_10014,CUST_2230,PAY_CC,08-04-2024,3864.52,Success,
TXN_900018,ORD_10015,CUST_2223,PAY_AJIO_WALLET,05-12-2024,8361.91,success,
TXN_900019,ORD_10016,CUST_2035,PAY_NB,21-05-2024,552.37,Success,Transaction Approved
TXN_900020,ORD_10017,CUST_2007,PAY_NB,08-02-2024,3839.52,Success,TRANSACTION APPROVED
TXN_900021,ORD_10018,CUST_2076,  PAY_NB   ,15-10-2024,2678.66,Success,Transaction Approved
TXN_900022,ORD_10019,CUST_2275,pay_cod,09-05-2024,798.5,Success,Transaction Approved
TXN_900023,ORD_10020,CUST_2020,PAY_COD,14-12-2024,958.3,Success,Transaction Approved
TXN_900024,ORD_10021,CUST_2203,PAY_DC,16-01-2025,2136.07,Success,transaction approved
TXN_900025,ORD_10022,CUST_2191,  PAY_DC   ,09-08-2024,5503.31,Success,
TXN_900026,ORD_10023,CUST_2117,PAY_AJIO_WALLET,13-06-2024,937.22,Success,Transaction Approved
TXN_900027,ORD_10024,CUST_2046,PAY_CC,23-01-2025,4590.85,Success,Transaction Approved
TXN_900028,ORD_10025,CUST_2029,PAY_CC,16-09-2024,2174.13,Success,Transaction Approved
TXN_900029,ORD_10026,CUST_2269,PAY_UPI,04-12-2024,798.5,Success,
TXN_900030,ORD_10027,CUST_2234,pay_dc,07-07-2024,1139.24,Success,
TXN_900031,ORD_10028,CUST_2064,PAY_CC,16-08-2024,2286.24,Success,Transaction Approved
TXN_900032,ORD_10029,CUST_2243,PAY_DC,05-12-2024,1339.33,Failed,
TXN_900033,ORD_10029,CUST_2243,PAY_AJIO_WALLET,05-12-2024,1339.33,Success,Transaction Approved
TXN_900034,ORD_10030,CUST_2015,PAY_CC,19-04-2024,736.14,Success,Transaction Approved
TXN_900035,ORD_10031,CUST_2106,PAY_COD,02-03-2025,2961.91,Success,Transaction Approved
TXN_900036,ORD_10032,CUST_2068,PAY_NB,11-07-2024,1528.98,Success,
TXN_900037,ORD_10033,CUST_2141,PAY_COD,21-04-2024,1119.44,Success,Transaction Approved
TXN_900038,ORD_10034,CUST_2267,PAY_COD,18-09-2024,19917.51,Success,
TXN_900039,ORD_10035,CUST_2192,PAY_NB,16-12-2024,3899.51,Success,Transaction Approved
TXN_900040,ORD_10036,CUST_2173,PAY_DC,30-12-2024,3159.37,Success,Transaction Approved
TXN_900041,ORD_10037,CUST_2077,PAY_CC,11-03-2024,2174.13,Success,transaction approved
TXN_900042,ORD_10038,CUST_2072,PAY_AJIO_WALLET,05-12-2024,1659.17,Success,Transaction Approved
TXN_900043,ORD_10039,CUST_2019,PAY_NB,31-12-2024,1138.43,Success,Transaction Approved
TXN_900044,ORD_10040,CUST_2244,PAY_DC,28-03-2024,4858.78,Success,  Transaction Approved   
TXN_900045,ORD_10041,CUST_2093,pay_cod,01-06-2025,647.8,Success,Transaction Approved
TXN_900046,ORD_10042,CUST_2094,pay_dc,30-06-2024,1357.45,Success,Transaction Approved
TXN_900047,ORD_10043,CUST_2158,PAY_DC,30-05-2024,1791.1,Success,Transaction Approved
TXN_900048,ORD_10044,CUST_2241,PAY_AJIO_WALLET,13-11-2024,1199.2,Success,Transaction Approved
TXN_900049,ORD_10045,CUST_2100,PAY_AJIO_WALLET,30-07-2024,3043.78,Success,Transaction Approved
TXN_900050,ORD_10046,CUST_2078,PAY_DC,22-08-2024,493.11,Success,Transaction Approved
TXN_900051,ORD_10047,CUST_2093,PAY_COD,31-03-2024,867.37,Success,  Transaction Approved   
TXN_900052,ORD_10048,CUST_2003,PAY_CC,22-03-2024,1478.01,Success,Transaction Approved
TXN_900053,ORD_10049,CUST_2046,PAY_COD,08-07-2024,493.11,Success,Transaction Approved
TXN_900054,ORD_10050,CUST_2020,PAY_AJIO_WALLET,13-06-2024,4159.48,Success,Transaction Approved
TXN_900055,ORD_10051,CUST_2003,PAY_CC,25-06-2024,813.49,Success,
TXN_900056,ORD_10052,CUST_2197,PAY_DC,24-01-2024,5544.03,Success,
TXN_900057,ORD_10053,CUST_2234,PAY_NB,17-12-2024,1659.17,SUCCESS,Transaction Approved
TXN_900058,ORD_10054,CUST_2251,PAY_CC,25-07-2024,724.48,Success,Transaction Approved
TXN_900059,ORD_10055,CUST_2068,PAY_UPI,03-04-2024,4918.77,Success,Transaction Approved
TXN_900060,ORD_10056,CUST_2020,PAY_AJIO_WALLET,15-11-2024,736.14,Success,Transaction Approved
TXN_900061,ORD_10057,CUST_2025,PAY_AJIO_WALLET,29-02-2024,763.45,Success,
TXN_900062,ORD_10058,CUST_2064,PAY_COD,21-12-2024,4939.38,Success,Transaction Approved
TXN_900063,ORD_10059,CUST_2155,PAY_UPI,14-11-2024,2126.94,Success,Transaction Approved
TXN_900064,ORD_10060,CUST_2215,PAY_UPI,03-01-2024,4979.38,Success,  Transaction Approved   
TXN_900065,ORD_10061,CUST_2055,PAY_NB,24-09-2024,1758.91,Success,Transaction Approved
TXN_900066,ORD_10062,CUST_2210,PAY_UPI,16-04-2024,947.2,Success,Transaction Approved
TXN_900067,ORD_10063,CUST_2170,PAY_UPI,26-02-2024,2773.31,Success,TRANSACTION APPROVED
TXN_900068,ORD_10064,CUST_2077,PAY_NB,21-02-2024,552.37,Success,  Transaction Approved   
TXN_900069,ORD_10065,CUST_2234,PAY_COD,30-03-2024,647.8,Success,
TXN_900070,ORD_10066,CUST_2185,PAY_DC,18-02-2024,3583.55,Success,Transaction Approved
TXN_900071,ORD_10067,CUST_2071,PAY_CC,08-12-2024,763.45,Failed,Insufficient Funds
TXN_900072,ORD_10067,CUST_2071,PAY_DC,08-12-2024,763.45,Success,Transaction Approved
TXN_900073,ORD_10068,CUST_2048,PAY_DC,23-07-2024,724.48,Success,Transaction Approved
TXN_900074,ORD_10069,CUST_2198,PAY_COD,26-03-2024,1079.28,Success,Transaction Approved
TXN_900075,ORD_10070,CUST_2031,PAY_UPI,09-04-2024,1078.17,success,
TXN_900076,ORD_10071,CUST_2093,PAY_DC,16-12-2024,752.12,Success,
TXN_900077,ORD_10072,CUST_2250,PAY_COD,13-05-2024,2435.39,Success,
TXN_900078,ORD_10073,CUST_2269,PAY_NB,12-08-2024,826.45,Success,
TXN_900079,ORD_10074,CUST_2049,PAY_AJIO_WALLET,12-05-2024,1000.52,Success,Transaction Approved
TXN_900080,ORD_10075,CUST_2077,PAY_NB,25-11-2024,4979.38,success,Transaction Approved
TXN_900081,ORD_10076,CUST_2241,PAY_CC,13-06-2024,1078.17,Success,Transaction Approved
TXN_900082,ORD_10077,CUST_2143,PAY_CC,25-07-2024,1199.2,Success,
TXN_900083,ORD_10078,CUST_2228,PAY_COD,16-08-2024,5119.36,Success,Transaction Approved
TXN_900084,ORD_10079,CUST_2255,PAY_UPI,19-01-2024,1659.17,Success,
TXN_900085,ORD_10080,CUST_2047,PAY_NB,17-09-2024,4863.39,Success,Transaction Approved
TXN_900086,ORD_10081,CUST_2234,PAY_UPI,18-06-2024,3228.71,Success,
TXN_900087,ORD_10082,CUST_2243,PAY_DC,19-02-2024,1025.32,Success,  Transaction Approved   
TXN_900088,ORD_10083,CUST_2175,PAY_AJIO_WALLET,07-10-2024,724.48,Success,Transaction Approved
TXN_900089,ORD_10084,CUST_2085,PAY_AJIO_WALLET,24-02-2024,1965.84,Success,TRANSACTION APPROVED
TXN_900090,ORD_10085,CUST_2097,PAY_COD,02-04-2025,5914.52,Failed,Authentication Failed
TXN_900091,ORD_10085,CUST_2097,PAY_COD,02-04-2025,5914.52,Success,Transaction Approved
TXN_900092,ORD_10086,CUST_2056,PAY_UPI,28-10-2024,1554.9,Success,Transaction Approved
TXN_900093,ORD_10087,CUST_2231,PAY_NB,09-12-2024,918.42,Success,Transaction Approved
TXN_900094,ORD_10088,CUST_2025,PAY_COD,17-09-2024,3899.51,Success,Transaction Approved
TXN_900095,ORD_10089,CUST_2089,PAY_CC,11-03-2024,4977.51,Success,Transaction Approved
TXN_900096,ORD_10090,CUST_2259,PAY_COD,25-01-2025,798.5,Success,Transaction Approved
TXN_900097,ORD_10091,CUST_2176,PAY_CC,24-12-2024,348.4,Success,transaction approved
TXN_900098,ORD_10092,CUST_2281,PAY_AJIO_WALLET,19-11-2024,1024.26,Success,Transaction Approved
TXN_900099,ORD_10093,CUST_2149,PAY_AJIO_WALLET,28-11-2024,763.45,Success,Transaction Approved
TXN_900100,ORD_10094,CUST_2166,PAY_DC,19-10-2024,1618.92,Success,Transaction Approved
TXN_900101,ORD_10095,CUST_2274,PAY_COD,13-01-2024,348.4,Success,Transaction Approved
TXN_900102,ORD_10096,CUST_2029,PAY_CC,15-03-2024,2623.34,Success,Transaction Approved
TXN_900103,ORD_10097,CUST_2152,PAY_NB,19-08-2024,3279.18,Success,transaction approved
TXN_900104,ORD_10098,CUST_2288,PAY_AJIO_WALLET,05-01-2024,2048.52,Success,transaction approved
TXN_900105,ORD_10099,CUST_2148,PAY_UPI,16-12-2024,3021.98,Success,
TXN_900106,ORD_10100,CUST_2028,PAY_DC,02-03-2025,11694.54,success,Transaction Approved
TXN_900107,ORD_10101,CUST_2189,PAY_NB,02-01-2025,826.45,success,Transaction Approved
TXN_900108,ORD_10102,CUST_2091,PAY_CC,02-03-2024,763.45,Success,Transaction Approved
TXN_900109,ORD_10103,CUST_2143,PAY_CC,05-10-2024,4419.45,Success,Transaction Approved
TXN_900110,ORD_10104,CUST_2080,PAY_DC,16-11-2024,1798.8,Success,Transaction Approved
TXN_900111,ORD_10105,CUST_2155,PAY_NB,28-12-2024,1551.98,Success,Transaction Approved
TXN_900112,ORD_10106,CUST_2095,PAY_NB,10-01-2024,1848.01,Success,Transaction Approved
TXN_900113,ORD_10107,CUST_2114,pay_ajio_wallet,30-05-2024,2398.4,Failed,
TXN_900114,ORD_10107,CUST_2114,PAY_CC,30-05-2024,2398.4,Success,Transaction Approved
TXN_900115,ORD_10108,CUST_2272,PAY_AJIO_WALLET,26-06-2024,2069.31,Success,  Transaction Approved   
TXN_900116,ORD_10109,CUST_2125,PAY_DC,28-02-2024,1199.2,Success,Transaction Approved
TXN_900117,ORD_10110,CUST_2145,PAY_NB,17-09-2024,5503.31,Success,transaction approved
TXN_900118,ORD_10111,CUST_2152,PAY_CC,19-02-2024,2398.4,Success,Transaction Approved
TXN_900119,ORD_10112,CUST_2276,PAY_AJIO_WALLET,18-11-2024,10398.7,Success,Transaction Approved
TXN_900120,ORD_10113,CUST_2218,PAY_CC,14-01-2025,4979.38,Success,Transaction Approved
TXN_900121,ORD_10114,CUST_2037,PAY_CC,18-06-2024,1659.17,Success,Transaction Approved
TXN_900122,ORD_10115,CUST_2028,PAY_DC,26-04-2024,958.3,Success,Transaction Approved
TXN_900123,ORD_10116,CUST_2231,PAY_COD,10-12-2024,813.49,Success,Transaction Approved
TXN_900124,ORD_10117,CUST_2033,PAY_NB,02-07-2024,2455.11,Success,
TXN_900125,ORD_10118,CUST_2055,PAY_AJIO_WALLET,24-05-2024,348.4,  Success   ,Transaction Approved
TXN_900126,ORD_10119,CUST_2016,PAY_NB,19-07-2024,1758.91,Success,
TXN_900127,ORD_10120,CUST_2074,PAY_AJIO_WALLET,01-06-2024,617.86,Success,
TXN_900128,ORD_10121,CUST_2073,PAY_UPI,10-02-2024,7828.04,Failed,  Insufficient Funds   
TXN_900129,ORD_10121,CUST_2073,PAY_COD,10-02-2024,7828.04,Success,Transaction Approved
TXN_900130,ORD_10122,CUST_2157,PAY_AJIO_WALLET,30-07-2024,6230.44,Success,Transaction Approved
TXN_900131,ORD_10123,CUST_2073,PAY_CC,04-09-2024,958.3,Success,Transaction Approved
TXN_900132,ORD_10124,CUST_2291,PAY_NB,02-07-2024,1078.17,Success,Transaction Approved
TXN_900133,ORD_10125,CUST_2129,PAY_AJIO_WALLET,18-06-2024,2609.35,Success,Transaction Approved
TXN_900134,ORD_10126,CUST_2121,PAY_NB,06-11-2024,3479.13,Success,Transaction Approved
TXN_900135,ORD_10127,CUST_2157,PAY_CC,06-10-2024,1079.28,Success,Transaction Approved
TXN_900136,ORD_10128,CUST_2161,PAY_CC,08-11-2024,5546.61,Success,  Transaction Approved   
TXN_900137,ORD_10129,CUST_2069,PAY_DC,07-02-2024,763.45,success,Transaction Approved
TXN_900138,ORD_10130,CUST_2056,PAY_NB,12-03-2024,958.3,Success,Transaction Approved
TXN_900139,ORD_10131,CUST_2040,PAY_UPI,24-10-2024,1659.17,success,Transaction Approved
TXN_900140,ORD_10132,CUST_2109,PAY_NB,10-03-2024,2591.35,Success,Transaction Approved
TXN_900141,ORD_10133,CUST_2077,PAY_CC,28-05-2024,724.48,Success,Transaction Approved
TXN_900142,ORD_10134,CUST_2262,PAY_DC,05-02-2024,552.37,Success,Transaction Approved
TXN_900143,ORD_10135,CUST_2264,PAY_CC,16-10-2024,937.22,Success,  Transaction Approved   
TXN_900144,ORD_10136,CUST_2075,PAY_COD,24-01-2025,1327.34,Success,Transaction Approved
TXN_900145,ORD_10137,CUST_2136,PAY_UPI,07-03-2024,690.71,SUCCESS,Transaction Approved
TXN_900146,ORD_10138,CUST_2233,PAY_UPI,26-12-2024,761.02,Success,Transaction Approved
TXN_900147,ORD_10139,CUST_2141,PAY_DC,30-03-2024,4979.38,Success,Transaction Approved
TXN_900148,ORD_10140,CUST_2188,PAY_UPI,24-04-2024,1339.33,Success,Transaction Approved
TXN_900149,ORD_10141,CUST_2177,PAY_COD,03-12-2024,1551.98,Success,Transaction Approved
TXN_900150,ORD_10142,CUST_2040,PAY_DC,21-03-2024,1848.01,Failed,Network Timeout
TXN_900151,ORD_10142,CUST_2040,PAY_UPI,21-03-2024,1848.01,Success,
TXN_900152,ORD_10143,CUST_2061,PAY_COD,09-03-2024,763.45,Success,TRANSACTION APPROVED
TXN_900153,ORD_10144,CUST_2108,PAY_AJIO_WALLET,23-01-2024,1339.33,Success,Transaction Approved
TXN_900154,ORD_10145,CUST_2083,PAY_NB,16-03-2024,493.11,  Success   ,
TXN_900155,ORD_10146,CUST_2093,PAY_NB,03-01-2025,3261.19,Success,Transaction Approved
TXN_900156,ORD_10147,CUST_2044,PAY_NB,28-03-2024,4590.85,Success,Transaction Approved
TXN_900157,ORD_10148,CUST_2074,PAY_CC,15-05-2024,7679.04,Success,Transaction Approved
TXN_900158,ORD_10149,CUST_2176,PAY_NB,07-12-2024,2429.39,Success,Transaction Approved
TXN_900159,ORD_10150,CUST_2009,PAY_NB,17-03-2024,3115.22,Success,Transaction Approved
TXN_900160,ORD_10151,CUST_2244,PAY_NB,29-09-2024,1499,Success,
TXN_900161,ORD_10152,CUST_2048,PAY_CC,01-01-2024,1551.98,Success,Transaction Approved
TXN_900162,ORD_10153,CUST_2268,PAY_UPI,27-04-2024,2126.94,  Success   ,Transaction Approved
TXN_900163,ORD_10154,CUST_2196,PAY_AJIO_WALLET,08-05-2024,690.71,Success,Transaction Approved
TXN_900164,ORD_10155,CUST_2120,PAY_UPI,10-05-2024,2591.35,Success,  Transaction Approved   
TXN_900165,ORD_10156,CUST_2003,PAY_UPI,23-09-2024,1079.28,Success,Transaction Approved
TXN_900166,ORD_10157,CUST_2106,PAY_DC,20-03-2024,1079.28,Success,
TXN_900167,ORD_10158,CUST_2130,PAY_NB,11-09-2024,13822.24,SUCCESS,Transaction Approved
TXN_900168,ORD_10159,CUST_2204,PAY_COD,09-04-2024,867.37,Success,Transaction Approved
TXN_900169,ORD_10160,CUST_2285,PAY_DC,27-12-2024,3103.97,Failed,Network Timeout
TXN_900170,ORD_10160,CUST_2285,PAY_AJIO_WALLET,27-12-2024,3103.97,Success,Transaction Approved
TXN_900171,ORD_10161,CUST_2061,PAY_COD,21-02-2024,1576.21,Success,Transaction Approved
TXN_900172,ORD_10162,CUST_2174,PAY_NB,27-01-2024,4863.39,  Success   ,Transaction Approved
TXN_900173,ORD_10163,CUST_2003,PAY_CC,08-10-2024,3583.55,Success,Transaction Approved
TXN_900174,ORD_10164,CUST_2114,PAY_NB,24-07-2024,724.48,Success,Transaction Approved
TXN_900175,ORD_10165,CUST_2147,PAY_UPI,08-12-2024,966.39,Failed,  User Cancelled   
TXN_900176,ORD_10165,CUST_2147,PAY_AJIO_WALLET,08-12-2024,966.39,Success,Transaction Approved
TXN_900177,ORD_10166,CUST_2266,PAY_UPI,23-12-2024,348.4,Success,Transaction Approved
TXN_900178,ORD_10167,CUST_2019,pay_ajio_wallet,14-02-2024,1350.96,Success,
TXN_900179,ORD_10168,CUST_2181,PAY_COD,01-08-2024,1607.51,Success,Transaction Approved
TXN_900180,ORD_10169,CUST_2282,PAY_NB,21-05-2024,348.4,Success,Transaction Approved
TXN_900181,ORD_10170,CUST_2100,PAY_COD,30-03-2024,918.42,Failed,User Cancelled
TXN_900182,ORD_10170,CUST_2100,PAY_DC,30-03-2024,918.42,  Success   ,Transaction Approved
TXN_900183,ORD_10171,CUST_2287,PAY_DC,19-09-2024,1006.74,Success,Transaction Approved
TXN_900184,ORD_10172,CUST_2295,PAY_COD,29-01-2025,5528.89,Success,TRANSACTION APPROVED
TXN_900185,ORD_10173,CUST_2235,PAY_NB,05-12-2024,763.45,Success,Transaction Approved
TXN_900186,ORD_10174,CUST_2113,PAY_CC,29-06-2024,763.45,Success,
TXN_900187,ORD_10175,CUST_2135,  PAY_UPI   ,24-06-2024,2043.49,Success,Transaction Approved
TXN_900188,ORD_10176,CUST_2092,PAY_DC,17-05-2024,5276.74,Success,Transaction Approved
TXN_900189,ORD_10177,CUST_2098,PAY_CC,15-05-2024,1758.91,Success,Transaction Approved
TXN_900190,ORD_10178,CUST_2128,PAY_DC,03-02-2024,5643.29,success,Transaction Approved
TXN_900191,ORD_10179,CUST_2253,  PAY_NB   ,09-07-2024,752.12,Success,
TXN_900192,ORD_10180,CUST_2295,PAY_COD,18-09-2024,965.44,Failed,
TXN_900193,ORD_10180,CUST_2295,PAY_CC,18-09-2024,965.44,Success,Transaction Approved
TXN_900194,ORD_10181,CUST_2296,PAY_NB,10-03-2024,493.11,success,Transaction Approved
TXN_900195,ORD_10182,CUST_2202,PAY_CC,23-12-2024,1078.17,Success,Transaction Approved
TXN_900196,ORD_10183,CUST_2005,PAY_CC,15-06-2024,4815.4,Success,Transaction Approved
TXN_900197,ORD_10184,CUST_2133,PAY_DC,11-09-2024,958.3,Success,
TXN_900198,ORD_10185,CUST_2256,PAY_COD,07-05-2024,1063.47,Success,Transaction Approved
TXN_900199,ORD_10186,CUST_2093,PAY_NB,21-02-2024,2544.73,Success,Transaction Approved
TXN_900200,ORD_10187,CUST_2285,PAY_COD,13-01-2025,1000.52,Success,
TXN_900201,ORD_10188,CUST_2005,PAY_COD,18-11-2024,958.3,Failed,Authentication Failed
TXN_900202,ORD_10188,CUST_2005,PAY_AJIO_WALLET,18-11-2024,958.3,Success,Transaction Approved
TXN_900203,ORD_10189,CUST_2162,PAY_DC,17-10-2024,4095.49,Failed,  Insufficient Funds   
TXN_900204,ORD_10189,CUST_2162,PAY_UPI,17-10-2024,4095.49,Success,Transaction Approved
TXN_900205,ORD_10190,CUST_2084,PAY_DC,19-02-2024,2398.4,Success,Transaction Approved
TXN_900206,ORD_10191,CUST_2134,PAY_NB,05-11-2024,724.48,Success,Transaction Approved
TXN_900207,ORD_10192,CUST_2063,PAY_AJIO_WALLET,21-10-2024,724.48,Success,Transaction Approved
TXN_900208,ORD_10193,CUST_2090,PAY_DC,09-06-2024,1964.09,Success,Transaction Approved
TXN_900209,ORD_10194,CUST_2196,PAY_COD,26-03-2024,1335.93,Success,Transaction Approved
TXN_900210,ORD_10195,CUST_2173,PAY_NB,02-06-2024,1119.44,Failed,
TXN_900211,ORD_10195,CUST_2173,PAY_NB,02-06-2024,1119.44,Success,Transaction Approved
TXN_900212,ORD_10196,CUST_2117,PAY_AJIO_WALLET,11-05-2024,1519.39,Success,
TXN_900213,ORD_10197,CUST_2228,PAY_DC,18-08-2024,826.45,Success,Transaction Approved
TXN_900214,ORD_10198,CUST_2012,PAY_CC,15-01-2025,892.81,Success,Transaction Approved
TXN_900215,ORD_10199,CUST_2108,PAY_UPI,30-08-2024,958.3,Success,Transaction Approved
TXN_900216,ORD_10200,CUST_2204,PAY_UPI,20-03-2024,2174.13,SUCCESS,Transaction Approved
TXN_900217,ORD_10201,CUST_2200,PAY_CC,16-11-2024,348.4,Success,Transaction Approved
TXN_900218,ORD_10202,CUST_2088,PAY_AJIO_WALLET,15-06-2024,5503.31,Success,  Transaction Approved   
TXN_900219,ORD_10203,CUST_2277,PAY_NB,23-12-2024,2267.43,SUCCESS,Transaction Approved
TXN_900220,ORD_10204,CUST_2234,PAY_AJIO_WALLET,23-11-2024,813.49,Success,
TXN_900221,ORD_10205,CUST_2178,PAY_CC,07-06-2024,2069.31,Success,
TXN_900222,ORD_10206,CUST_2156,PAY_NB,28-08-2024,5847.27,Success,
TXN_900223,ORD_10207,CUST_2252,PAY_DC,29-05-2024,867.37,Success,Transaction Approved
TXN_900224,ORD_10208,CUST_2004,PAY_CC,08-11-2024,3639.54,Success,Transaction Approved
TXN_900225,ORD_10209,CUST_2200,PAY_CC,16-11-2024,5311.34,Success,Transaction Approved
TXN_900226,ORD_10210,CUST_2140,PAY_AJIO_WALLET,30-07-2024,647.8,Success,Transaction Approved
TXN_900227,ORD_10211,CUST_2094,PAY_UPI,19-08-2024,892.81,Success,Transaction Approved
TXN_900228,ORD_10212,CUST_2252,PAY_UPI,30-09-2024,2787.3,Success,
TXN_900229,ORD_10213,CUST_2053,PAY_CC,01-05-2024,348.4,Success,Transaction Approved
TXN_900230,ORD_10214,CUST_2008,PAY_DC,09-12-2024,2069.31,Success,Transaction Approved
TXN_900231,ORD_10215,CUST_2017,PAY_CC,19-07-2024,1899.24,Success,Transaction Approved
TXN_900232,ORD_10216,CUST_2093,PAY_DC,03-03-2024,2295.43,Success,Transaction Approved
TXN_900233,ORD_10217,CUST_2227,PAY_UPI,29-01-2025,2481.38,Success,
TXN_900234,ORD_10218,CUST_2107,PAY_AJIO_WALLET,22-03-2024,3310.9,Success,Transaction Approved
TXN_900235,ORD_10219,CUST_2282,PAY_DC,04-11-2024,4565.67,Success,
TXN_900236,ORD_10220,CUST_2112,PAY_AJIO_WALLET,26-03-2024,2435.39,Success,Transaction Approved
TXN_900237,ORD_10221,CUST_2203,PAY_UPI,19-12-2024,5119.36,SUCCESS,Transaction Approved
TXN_900238,ORD_10222,CUST_2080,PAY_UPI,16-02-2024,724.48,Success,Transaction Approved
TXN_900239,ORD_10223,CUST_2031,pay_ajio_wallet,24-02-2024,1019.32,Success,Transaction Approved
TXN_900240,ORD_10224,CUST_2163,pay_ajio_wallet,08-12-2024,4159.48,Success,Transaction Approved
TXN_900241,ORD_10225,CUST_2194,PAY_CC,09-05-2024,724.48,SUCCESS,Transaction Approved
TXN_900242,ORD_10226,CUST_2278,PAY_CC,27-06-2024,1618.92,Failed,Network Timeout
TXN_900243,ORD_10226,CUST_2278,PAY_AJIO_WALLET,27-06-2024,1618.92,Success,Transaction Approved
TXN_900244,ORD_10227,CUST_2141,PAY_NB,28-09-2024,1078.17,Success,Transaction Approved
TXN_900245,ORD_10228,CUST_2135,pay_cod,16-09-2024,10398.7,Success,Transaction Approved
TXN_900246,ORD_10229,CUST_2010,PAY_DC,01-04-2025,752.12,Success,Transaction Approved
TXN_900247,ORD_10230,CUST_2276,PAY_CC,27-01-2025,4979.38,Success,Transaction Approved
TXN_900248,ORD_10231,CUST_2145,PAY_AJIO_WALLET,24-09-2024,1519.39,Success,Transaction Approved
TXN_900249,ORD_10232,CUST_2067,PAY_UPI,04-08-2024,958.3,Success,
TXN_900250,ORD_10233,CUST_2199,PAY_NB,05-11-2024,763.45,Success,Transaction Approved
TXN_900251,ORD_10234,CUST_2037,pay_cc,02-10-2024,13070.37,Success,Transaction Approved
TXN_900252,ORD_10235,CUST_2032,PAY_AJIO_WALLET,28-12-2024,1350.96,Success,Transaction Approved
TXN_900253,ORD_10236,CUST_2137,PAY_AJIO_WALLET,02-09-2024,8696.52,  Success   ,Transaction Approved
TXN_900254,ORD_10237,CUST_2050,PAY_CC,04-08-2024,2609.35,Success,Transaction Approved
TXN_900255,ORD_10238,CUST_2292,PAY_NB,17-01-2025,1452.53,Failed,Network Timeout
TXN_900256,ORD_10238,CUST_2292,PAY_NB,17-01-2025,1452.53,Success,Transaction Approved
TXN_900257,ORD_10239,CUST_2296,pay_cod,23-02-2024,1283.41,Success,Transaction Approved
TXN_900258,ORD_10240,CUST_2282,PAY_DC,11-03-2024,1958.35,Success,Transaction Approved
TXN_900259,ORD_10241,CUST_2162,PAY_DC,08-08-2024,3639.54,Success,
TXN_900260,ORD_10242,CUST_2289,PAY_COD,05-10-2024,15598.05,Success,Transaction Approved
TXN_900261,ORD_10243,CUST_2230,PAY_AJIO_WALLET,11-01-2024,736.14,Success,Transaction Approved
TXN_900262,ORD_10244,CUST_2155,PAY_CC,01-12-2024,11694.54,Success,Transaction Approved
TXN_900263,ORD_10245,CUST_2284,PAY_NB,20-01-2024,1630.6,Success,Transaction Approved
TXN_900264,ORD_10246,CUST_2071,PAY_NB,06-02-2024,3356.83,Success,
TXN_900265,ORD_10247,CUST_2292,PAY_AJIO_WALLET,09-04-2024,3239.19,Success,Transaction Approved
TXN_900266,ORD_10248,CUST_2296,PAY_UPI,20-01-2024,4979.38,Success,  Transaction Approved   
TXN_900267,ORD_10249,CUST_2029,  PAY_DC   ,08-10-2024,7774.06,Failed,User Cancelled
TXN_900268,ORD_10249,CUST_2029,pay_cc,10-08-2024,7774.06,Success,Transaction Approved
TXN_900269,ORD_10250,CUST_2062,PAY_CC,11-04-2024,1024.26,Success,Transaction Approved
TXN_900270,ORD_10251,CUST_2196,PAY_NB,16-10-2024,1199.2,Success,transaction approved
TXN_900271,ORD_10252,CUST_2114,PAY_AJIO_WALLET,16-08-2024,493.11,  Success   ,Transaction Approved
TXN_900272,ORD_10253,CUST_2047,PAY_DC,21-06-2024,2043.49,Failed,Insufficient Funds
TXN_900273,ORD_10253,CUST_2047,PAY_UPI,21-06-2024,2043.49,Success,Transaction Approved
TXN_900274,ORD_10254,CUST_2026,PAY_DC,08-10-2024,5199.35,Success,Transaction Approved
TXN_900275,ORD_10255,CUST_2070,PAY_CC,19-10-2024,2069.31,Success,transaction approved
TXN_900276,ORD_10256,CUST_2269,PAY_UPI,14-06-2024,7006.25,Success,Transaction Approved
TXN_900277,ORD_10257,CUST_2046,PAY_COD,04-07-2024,2435.39,Success,
TXN_900278,ORD_10258,CUST_2013,PAY_CC,14-08-2024,867.37,Success,Transaction Approved
TXN_900279,ORD_10259,CUST_2023,PAY_CC,20-03-2024,2753.31,Success,Transaction Approved
TXN_900280,ORD_10260,CUST_2028,PAY_CC,21-12-2024,2335.42,Success,Transaction Approved
TXN_900281,ORD_10261,CUST_2242,PAY_CC,14-04-2024,6535.18,Success,Transaction Approved
TXN_900282,ORD_10262,CUST_2133,PAY_NB,21-12-2024,4939.38,Success,Transaction Approved
TXN_900283,ORD_10263,CUST_2193,PAY_AJIO_WALLET,28-03-2024,1339.33,Failed,Authentication Failed
TXN_900284,ORD_10263,CUST_2193,PAY_CC,28-03-2024,1339.33,  Success   ,Transaction Approved
TXN_900285,ORD_10264,CUST_2139,PAY_AJIO_WALLET,12-04-2024,1199.2,Success,Transaction Approved
TXN_900286,ORD_10265,CUST_2185,PAY_UPI,28-11-2024,1078.17,Success,Transaction Approved
TXN_900287,ORD_10266,CUST_2195,PAY_UPI,11-01-2024,1739.3,Success,Transaction Approved
TXN_900288,ORD_10267,CUST_2102,  PAY_NB   ,05-06-2024,2065.42,Success,Transaction Approved
TXN_900289,ORD_10268,CUST_2251,PAY_CC,29-06-2024,736.14,Success,
TXN_900290,ORD_10269,CUST_2121,PAY_UPI,17-07-2024,6196.27,Success,Transaction Approved
TXN_900291,ORD_10270,CUST_2144,PAY_DC,14-02-2024,2043.49,Failed,Insufficient Funds
TXN_900292,ORD_10270,CUST_2144,PAY_COD,14-02-2024,2043.49,Success,Transaction Approved
TXN_900293,ORD_10271,CUST_2117,PAY_NB,06-08-2024,1000.52,Success,Transaction Approved
TXN_900294,ORD_10272,CUST_2278,PAY_AJIO_WALLET,16-12-2024,937.22,success,Transaction Approved
TXN_900295,ORD_10273,CUST_2159,PAY_NB,29-01-2025,966.39,Success,Transaction Approved
TXN_900296,ORD_10274,CUST_2290,PAY_DC,01-03-2025,3239.19,Success,
TXN_900297,ORD_10275,CUST_2075,PAY_DC,06-04-2024,2322.84,Success,Transaction Approved
TXN_900298,ORD_10276,CUST_2141,PAY_CC,14-01-2024,493.11,Success,Transaction Approved
TXN_900299,ORD_10277,CUST_2291,PAY_NB,14-01-2024,752.12,Success,Transaction Approved
TXN_900300,ORD_10278,CUST_2245,PAY_NB,07-10-2024,937.22,Success,Transaction Approved
TXN_900301,ORD_10279,CUST_2252,PAY_CC,28-07-2024,5276.74,Success,Transaction Approved
TXN_900302,ORD_10280,CUST_2212,PAY_AJIO_WALLET,02-03-2024,7444.14,Success,Transaction Approved
TXN_900303,ORD_10281,CUST_2225,PAY_COD,22-08-2024,1024.26,Success,
TXN_900304,ORD_10282,CUST_2022,PAY_COD,11-09-2024,716.96,Success,Transaction Approved
TXN_900305,ORD_10283,CUST_2269,PAY_AJIO_WALLET,19-08-2024,1528.98,  Success   ,
TXN_900306,ORD_10284,CUST_2022,PAY_NB,01-11-2025,798.5,Success,  Transaction Approved   
TXN_900307,ORD_10285,CUST_2265,PAY_UPI,22-07-2024,1391.23,Success,
TXN_900308,ORD_10286,CUST_2147,PAY_COD,28-01-2024,918.42,Success,Transaction Approved
TXN_900309,ORD_10287,CUST_2073,PAY_AJIO_WALLET,13-09-2024,918.42,success,Transaction Approved
TXN_900310,ORD_10288,CUST_2300,PAY_NB,14-06-2024,798.5,success,Transaction Approved
TXN_900311,ORD_10289,CUST_2233,  PAY_AJIO_WALLET   ,16-02-2024,1138.43,Success,Transaction Approved
TXN_900312,ORD_10290,CUST_2084,PAY_UPI,18-08-2024,1079.28,Success,Transaction Approved
TXN_900313,ORD_10291,CUST_2269,pay_ajio_wallet,22-03-2024,1079.28,Success,Transaction Approved
TXN_900314,ORD_10292,CUST_2023,PAY_DC,17-03-2024,1636.74,Failed,User Cancelled
TXN_900315,ORD_10292,CUST_2023,PAY_NB,17-03-2024,1636.74,Success,Transaction Approved
TXN_900316,ORD_10293,CUST_2092,PAY_UPI,01-08-2025,867.37,Success,
TXN_900317,ORD_10294,CUST_2093,PAY_CC,26-01-2025,2957.26,Success,Transaction Approved
TXN_900318,ORD_10295,CUST_2255,PAY_NB,09-09-2024,1078.17,Success,Transaction Approved
TXN_900319,ORD_10296,CUST_2244,PAY_COD,01-04-2024,2608.26,SUCCESS,Transaction Approved
TXN_900320,ORD_10297,CUST_2143,PAY_NB,16-03-2024,752.12,Success,Transaction Approved
TXN_900321,ORD_10298,CUST_2019,PAY_UPI,11-04-2024,493.11,Success,Transaction Approved
TXN_900322,ORD_10299,CUST_2045,PAY_COD,25-05-2024,1019.32,Success,Transaction Approved
TXN_900323,ORD_10300,CUST_2294,PAY_CC,07-03-2024,3583.55,Success,Transaction Approved
TXN_900324,ORD_10301,CUST_2154,PAY_COD,10-08-2024,1899.24,Success,Transaction Approved
TXN_900325,ORD_10302,CUST_2069,PAY_DC,25-09-2024,2783.3,Success,Transaction Approved
TXN_900326,ORD_10303,CUST_2030,PAY_AJIO_WALLET,14-02-2024,6610.35,Success,Transaction Approved
TXN_900327,ORD_10304,CUST_2148,PAY_DC,15-11-2024,2686.66,Success,Transaction Approved
TXN_900328,ORD_10305,CUST_2289,PAY_AJIO_WALLET,04-02-2024,1965.84,Success,
TXN_900329,ORD_10306,CUST_2149,PAY_UPI,03-01-2024,6558.36,SUCCESS,Transaction Approved
TXN_900330,ORD_10307,CUST_2213,PAY_DC,22-11-2024,1119.44,Success,Transaction Approved
TXN_900331,ORD_10308,CUST_2104,PAY_DC,16-09-2024,1079.28,Success,Transaction Approved
TXN_900332,ORD_10309,CUST_2004,PAY_DC,18-10-2024,11133.22,Success,Transaction Approved
TXN_900333,ORD_10310,CUST_2090,pay_dc,30-08-2024,3115.22,Success,Transaction Approved
TXN_900334,ORD_10311,CUST_2247,PAY_COD,24-08-2024,1332.33,success,Transaction Approved
TXN_900335,ORD_10312,CUST_2029,PAY_DC,06-10-2024,4979.38,Success,Transaction Approved
TXN_900336,ORD_10313,CUST_2107,PAY_DC,17-03-2024,2142.93,SUCCESS,Transaction Approved
TXN_900337,ORD_10314,CUST_2174,PAY_NB,18-07-2024,736.14,Success,Transaction Approved
TXN_900338,ORD_10315,CUST_2158,PAY_DC,30-07-2024,1025.32,Success,
TXN_900339,ORD_10316,CUST_2122,PAY_DC,30-03-2024,724.48,Failed,Authentication Failed
TXN_900340,ORD_10316,CUST_2122,PAY_DC,30-03-2024,724.48,Success,Transaction Approved
TXN_900341,ORD_10317,CUST_2020,PAY_UPI,09-04-2024,867.37,SUCCESS,Transaction Approved
TXN_900342,ORD_10318,CUST_2175,pay_ajio_wallet,16-06-2024,4858.78,Success,Transaction Approved
TXN_900343,ORD_10319,CUST_2051,PAY_AJIO_WALLET,19-01-2024,5643.29,Success,Transaction Approved
TXN_900344,ORD_10320,CUST_2268,PAY_DC,31-10-2024,3479.13,success,Transaction Approved
TXN_900345,ORD_10321,CUST_2024,PAY_AJIO_WALLET,22-10-2024,3305.17,Success,Transaction Approved
TXN_900346,ORD_10322,CUST_2108,PAY_CC,06-12-2024,1519.39,Success,
TXN_900347,ORD_10323,CUST_2140,PAY_DC,14-11-2024,493.11,Success,Transaction Approved
TXN_900348,ORD_10324,CUST_2106,PAY_NB,26-12-2024,4159.48,Success,Transaction Approved
TXN_900349,ORD_10325,CUST_2088,PAY_NB,26-01-2024,552.37,Success,Transaction Approved
TXN_900350,ORD_10326,CUST_2026,PAY_UPI,04-01-2024,10437.39,Success,Transaction Approved
TXN_900351,ORD_10327,CUST_2229,PAY_DC,31-12-2024,1406.24,Success,Transaction Approved
TXN_900352,ORD_10328,CUST_2041,PAY_COD,23-12-2024,2429.39,Success,Transaction Approved
TXN_900353,ORD_10329,CUST_2159,PAY_AJIO_WALLET,24-04-2024,1428.9,Success,Transaction Approved
TXN_900354,ORD_10330,CUST_2133,  PAY_COD   ,12-06-2024,5506.62,Success,Transaction Approved
TXN_900355,ORD_10331,CUST_2167,PAY_UPI,28-06-2024,918.42,Failed,Insufficient Funds
TXN_900356,ORD_10331,CUST_2167,PAY_COD,28-06-2024,918.42,Success,Transaction Approved
TXN_900357,ORD_10332,CUST_2088,PAY_DC,17-09-2024,348.4,Success,
TXN_900358,ORD_10333,CUST_2055,PAY_AJIO_WALLET,29-09-2024,1899.24,Success,Transaction Approved
TXN_900359,ORD_10334,CUST_2212,PAY_CC,09-03-2024,2189.45,Success,Transaction Approved
TXN_900360,ORD_10335,CUST_2107,PAY_NB,08-10-2024,9294.84,Success,
TXN_900361,ORD_10336,CUST_2279,PAY_CC,13-01-2025,2050.63,Success,Transaction Approved
TXN_900362,ORD_10337,CUST_2059,PAY_COD,15-08-2024,1339.33,Success,
TXN_900363,ORD_10338,CUST_2208,PAY_UPI,29-01-2025,527.2,success,Transaction Approved
TXN_900364,ORD_10339,CUST_2032,PAY_CC,21-11-2024,1006.74,Success,Transaction Approved
TXN_900365,ORD_10340,CUST_2077,PAY_DC,16-08-2024,918.42,Success,Transaction Approved
TXN_900366,ORD_10341,CUST_2163,PAY_AJIO_WALLET,08-10-2024,1497,Success,Transaction Approved
TXN_900367,ORD_10342,CUST_2299,PAY_NB,30-05-2024,4815.4,Success,Transaction Approved
TXN_900368,ORD_10343,CUST_2282,PAY_AJIO_WALLET,07-02-2024,1798.8,Success,Transaction Approved
TXN_900369,ORD_10344,CUST_2016,PAY_AJIO_WALLET,06-11-2024,2189.45,Success,Transaction Approved
TXN_900370,ORD_10345,CUST_2223,PAY_AJIO_WALLET,04-06-2024,4419.45,Success,Transaction Approved
TXN_900371,ORD_10346,CUST_2185,PAY_CC,12-09-2024,5311.34,Success,Transaction Approved
TXN_900372,ORD_10347,CUST_2037,PAY_CC,12-02-2024,2905.06,Success,Transaction Approved
TXN_900373,ORD_10348,CUST_2070,PAY_AJIO_WALLET,22-12-2024,1510.11,  Success   ,Transaction Approved
TXN_900374,ORD_10349,CUST_2093,PAY_COD,15-07-2024,918.42,Success,Transaction Approved
TXN_900375,ORD_10350,CUST_2218,PAY_NB,05-01-2024,752.12,Success,Transaction Approved
TXN_900376,ORD_10351,CUST_2280,PAY_UPI,26-12-2024,1339.33,Success,Transaction Approved
TXN_900377,ORD_10352,CUST_2247,PAY_CC,19-01-2025,1025.32,  Success   ,Transaction Approved
TXN_900378,ORD_10353,CUST_2041,PAY_NB,18-11-2024,8696.52,Failed,Authentication Failed
TXN_900379,ORD_10353,CUST_2041,PAY_CC,18-11-2024,8696.52,Success,Transaction Approved
TXN_900380,ORD_10354,CUST_2040,PAY_NB,28-01-2024,763.45,Success,Transaction Approved
TXN_900381,ORD_10355,CUST_2006,PAY_NB,18-06-2024,2069.31,Success,Transaction Approved
TXN_900382,ORD_10356,CUST_2151,PAY_UPI,18-01-2025,617.86,Success,Transaction Approved
TXN_900383,ORD_10357,CUST_2289,PAY_AJIO_WALLET,20-10-2024,2764.45,Failed,Authentication Failed
TXN_900384,ORD_10357,CUST_2289,PAY_NB,20-10-2024,2764.45,  Success   ,Transaction Approved
TXN_900385,ORD_10358,CUST_2150,PAY_NB,02-12-2024,5119.36,Success,
TXN_900386,ORD_10359,CUST_2143,PAY_NB,05-11-2024,6318.74,Success,Transaction Approved
TXN_900387,ORD_10360,CUST_2090,PAY_AJIO_WALLET,07-08-2024,2753.31,Success,Transaction Approved
TXN_900388,ORD_10361,CUST_2121,PAY_NB,13-02-2024,2069.31,success,Transaction Approved
TXN_900389,ORD_10362,CUST_2079,PAY_COD,13-08-2024,4647.42,Success,Transaction Approved
TXN_900390,ORD_10363,CUST_2296,PAY_DC,21-01-2025,1659.17,Success,
TXN_900391,ORD_10364,CUST_2238,PAY_DC,20-01-2025,736.14,Success,Transaction Approved
TXN_900392,ORD_10365,CUST_2200,PAY_CC,01-07-2024,4655.95,Success,Transaction Approved
TXN_900393,ORD_10366,CUST_2230,PAY_DC,22-01-2024,1546.06,Failed,
TXN_900394,ORD_10366,CUST_2230,PAY_UPI,22-01-2024,1546.06,Success,transaction approved
TXN_900395,ORD_10367,CUST_2182,pay_nb,20-06-2024,1024.26,Success,Transaction Approved
TXN_900396,ORD_10368,CUST_2051,PAY_NB,12-11-2024,5528.89,Failed,Insufficient Funds
TXN_900397,ORD_10368,CUST_2051,PAY_COD,12-11-2024,5528.89,Success,Transaction Approved
TXN_900398,ORD_10369,CUST_2100,PAY_AJIO_WALLET,06-09-2024,2065.42,Success,Transaction Approved
TXN_900399,ORD_10370,CUST_2005,PAY_UPI,23-02-2024,4647.42,Success,
TXN_900400,ORD_10371,CUST_2113,pay_dc,13-11-2024,1410.29,Success,Transaction Approved
TXN_900401,ORD_10372,CUST_2112,PAY_UPI,14-02-2024,716.96,Success,
TXN_900402,ORD_10373,CUST_2290,PAY_UPI,30-05-2024,4863.39,Success,Transaction Approved
TXN_900403,ORD_10374,CUST_2039,PAY_DC,12-07-2024,813.49,Success,Transaction Approved
TXN_900404,ORD_10375,CUST_2038,PAY_UPI,31-01-2024,11057.79,Success,Transaction Approved
TXN_900405,ORD_10376,CUST_2136,PAY_UPI,04-12-2024,958.3,Success,
TXN_900406,ORD_10377,CUST_2252,PAY_NB,25-11-2024,7306.17,Success,Transaction Approved
TXN_900407,ORD_10378,CUST_2133,PAY_UPI,05-08-2024,3479.13,Success,Transaction Approved
TXN_900408,ORD_10379,CUST_2255,PAY_AJIO_WALLET,12-06-2024,493.11,Success,
TXN_900409,ORD_10380,CUST_2169,  PAY_NB   ,29-01-2025,798.5,Success,
TXN_900410,ORD_10381,CUST_2207,PAY_UPI,15-07-2024,1617.25,Success,Transaction Approved
TXN_900411,ORD_10382,CUST_2247,PAY_NB,06-04-2024,2783.3,Success,Transaction Approved
TXN_900412,ORD_10383,CUST_2047,PAY_DC,24-01-2025,724.48,Success,Transaction Approved
TXN_900413,ORD_10384,CUST_2091,pay_cod,22-12-2024,14818.15,Success,Transaction Approved
TXN_900414,ORD_10385,CUST_2184,PAY_AJIO_WALLET,03-12-2024,2069.31,  Success   ,Transaction Approved
TXN_900415,ORD_10386,CUST_2123,PAY_UPI,09-12-2024,6207.93,Success,Transaction Approved
TXN_900416,ORD_10387,CUST_2231,PAY_DC,01-04-2025,6879.14,Success,Transaction Approved
TXN_900417,ORD_10388,CUST_2109,PAY_AJIO_WALLET,13-12-2024,3839.52,  Success   ,Transaction Approved
TXN_900418,ORD_10389,CUST_2297,PAY_UPI,09-07-2024,2919.27,Success,Transaction Approved
TXN_900419,ORD_10390,CUST_2024,PAY_AJIO_WALLET,19-11-2024,7444.14,Success,Transaction Approved
TXN_900420,ORD_10391,CUST_2050,PAY_CC,24-02-2024,918.42,Success,Transaction Approved
TXN_900421,ORD_10392,CUST_2113,PAY_CC,12-01-2025,552.37,  Success   ,Transaction Approved
TXN_900422,ORD_10393,CUST_2062,PAY_NB,19-04-2024,763.45,  Success   ,Transaction Approved
TXN_900423,ORD_10394,CUST_2172,PAY_DC,27-03-2024,552.37,Failed,Network Timeout
TXN_900424,ORD_10394,CUST_2172,PAY_UPI,27-03-2024,552.37,Success,Transaction Approved
TXN_900425,ORD_10395,CUST_2085,PAY_NB,19-11-2024,918.42,Failed,User Cancelled
TXN_900426,ORD_10395,CUST_2085,PAY_DC,19-11-2024,918.42,Success,Transaction Approved
TXN_900427,ORD_10396,CUST_2081,PAY_COD,04-01-2024,13758.28,Success,
TXN_900428,ORD_10397,CUST_2146,PAY_COD,14-03-2024,1063.47,Success,Transaction Approved
TXN_900429,ORD_10398,CUST_2231,PAY_CC,11-01-2024,1679.16,Success,Transaction Approved
TXN_900430,ORD_10399,CUST_2046,PAY_DC,10-12-2024,813.49,  Success   ,
TXN_900431,ORD_10400,CUST_2272,PAY_DC,25-08-2024,2609.35,SUCCESS,
TXN_900432,ORD_10401,CUST_2142,PAY_UPI,30-08-2024,1019.32,Success,Transaction Approved
TXN_900433,ORD_10402,CUST_2023,PAY_DC,05-08-2024,1199.2,Success,Transaction Approved
TXN_900434,ORD_10403,CUST_2233,PAY_AJIO_WALLET,31-03-2024,2398.4,Success,
TXN_900435,ORD_10404,CUST_2249,PAY_UPI,30-10-2024,1848.01,Success,
TXN_900436,ORD_10405,CUST_2102,PAY_DC,15-06-2024,1410.29,Success,Transaction Approved
TXN_900437,ORD_10406,CUST_2212,pay_cod,26-10-2024,965.44,Success,
TXN_900438,ORD_10407,CUST_2224,PAY_NB,07-10-2024,493.11,Failed,Authentication Failed
TXN_900439,ORD_10407,CUST_2224,PAY_COD,07-10-2024,493.11,Success,
TXN_900440,ORD_10408,CUST_2100,PAY_DC,17-01-2024,813.49,Success,Transaction Approved
TXN_900441,ORD_10409,CUST_2144,PAY_COD,24-01-2025,493.11,Success,Transaction Approved
TXN_900442,ORD_10410,CUST_2152,PAY_AJIO_WALLET,22-10-2024,1406.24,Success,Transaction Approved
TXN_900443,ORD_10411,CUST_2045,PAY_NB,20-04-2024,1119.44,Success,Transaction Approved
TXN_900444,ORD_10412,CUST_2237,  PAY_AJIO_WALLET   ,05-06-2024,2764.45,Failed,
TXN_900445,ORD_10412,CUST_2237,PAY_COD,05-06-2024,2764.45,success,Transaction Approved
TXN_900446,ORD_10413,CUST_2297,PAY_NB,01-03-2024,12406.9,Success,Transaction Approved
TXN_900447,ORD_10414,CUST_2021,PAY_NB,20-07-2024,4138.62,Success,
TXN_900448,ORD_10415,CUST_2051,PAY_CC,01-07-2024,1738.84,  Success   ,Transaction Approved
TXN_900449,ORD_10416,CUST_2112,PAY_DC,16-02-2024,493.11,  Success   ,Transaction Approved
TXN_900450,ORD_10417,CUST_2157,PAY_COD,13-01-2024,958.3,Success,TRANSACTION APPROVED
TXN_900451,ORD_10418,CUST_2071,PAY_COD,07-08-2024,965.44,Success,Transaction Approved
TXN_900452,ORD_10419,CUST_2001,PAY_UPI,19-06-2024,1078.17,success,
TXN_900453,ORD_10420,CUST_2219,PAY_AJIO_WALLET,16-04-2024,867.37,Success,Transaction Approved
TXN_900454,ORD_10421,CUST_2172,PAY_UPI,12-11-2024,3733.13,Success,Transaction Approved
TXN_900455,ORD_10422,CUST_2057,PAY_COD,07-06-2024,736.14,Success,Transaction Approved
TXN_900456,ORD_10423,CUST_2035,PAY_CC,05-02-2024,4419.45,Success,Transaction Approved
TXN_900457,ORD_10424,CUST_2245,PAY_NB,16-01-2025,1576.21,Success,Transaction Approved
TXN_900458,ORD_10425,CUST_2137,PAY_COD,07-09-2024,1739.3,Success,Transaction Approved
TXN_900459,ORD_10426,CUST_2257,PAY_UPI,13-12-2024,4565.67,Success,
TXN_900460,ORD_10427,CUST_2232,PAY_AJIO_WALLET,02-03-2024,2003.89,  Success   ,Transaction Approved
TXN_900461,ORD_10428,CUST_2235,PAY_COD,02-09-2024,552.37,Success,Transaction Approved
TXN_900462,ORD_10429,CUST_2058,PAY_COD,23-09-2024,966.39,Success,Transaction Approved
TXN_900463,ORD_10430,CUST_2214,PAY_CC,15-08-2024,763.45,Success,Transaction Approved
TXN_900464,ORD_10431,CUST_2097,PAY_CC,29-07-2024,552.37,Failed,Network Timeout
TXN_900465,ORD_10431,CUST_2097,PAY_NB,29-07-2024,552.37,Success,transaction approved
TXN_900466,ORD_10432,CUST_2168,PAY_AJIO_WALLET,10-07-2024,1965.84,Failed,User Cancelled
TXN_900467,ORD_10432,CUST_2168,PAY_COD,10-07-2024,1965.84,Success,TRANSACTION APPROVED
TXN_900468,ORD_10433,CUST_2291,PAY_DC,26-04-2024,493.11,Success,Transaction Approved
TXN_900469,ORD_10434,CUST_2148,PAY_UPI,21-08-2024,867.37,Failed,User Cancelled
TXN_900470,ORD_10434,CUST_2148,PAY_DC,21-08-2024,867.37,Success,Transaction Approved
TXN_900471,ORD_10435,CUST_2083,PAY_DC,28-12-2024,2752.16,  Success   ,Transaction Approved
TXN_900472,ORD_10436,CUST_2079,PAY_UPI,21-10-2024,958.3,Success,Transaction Approved
TXN_900473,ORD_10437,CUST_2190,PAY_NB,06-11-2024,912.83,Success,Transaction Approved
TXN_900474,ORD_10438,CUST_2230,PAY_NB,13-01-2024,12478.44,Success,Transaction Approved
TXN_900475,ORD_10439,CUST_2075,PAY_DC,13-01-2025,2956.03,Success,
TXN_900476,ORD_10440,CUST_2170,PAY_DC,21-01-2025,813.49,Success,
TXN_900477,ORD_10441,CUST_2290,PAY_COD,01-09-2025,3982.01,Success,
TXN_900478,ORD_10442,CUST_2072,pay_upi,11-12-2024,763.45,Success,Transaction Approved
TXN_900479,ORD_10443,CUST_2048,PAY_NB,26-09-2024,3608.56,Success,
TXN_900480,ORD_10444,CUST_2143,PAY_UPI,12-12-2024,9837.54,Success,Transaction Approved
TXN_900481,ORD_10445,CUST_2263,PAY_COD,18-09-2024,1649.14,Success,Transaction Approved
TXN_900482,ORD_10446,CUST_2185,PAY_AJIO_WALLET,07-09-2024,736.14,Success,Transaction Approved
TXN_900483,ORD_10447,CUST_2180,  PAY_NB   ,15-08-2024,647.8,Failed,
TXN_900484,ORD_10447,CUST_2180,PAY_UPI,15-08-2024,647.8,Success,Transaction Approved
TXN_900485,ORD_10448,CUST_2148,PAY_AJIO_WALLET,31-07-2024,1818.6,Success,TRANSACTION APPROVED
TXN_900486,ORD_10449,CUST_2045,PAY_DC,25-09-2024,493.11,Success,
TXN_900487,ORD_10450,CUST_2193,PAY_COD,31-07-2024,527.2,Failed,
TXN_900488,ORD_10450,CUST_2193,PAY_COD,31-07-2024,527.2,Success,
TXN_900489,ORD_10451,CUST_2291,pay_cc,14-07-2024,867.37,Success,Transaction Approved
TXN_900490,ORD_10452,CUST_2022,  PAY_DC   ,13-10-2024,4979.38,Success,Transaction Approved
TXN_900491,ORD_10453,CUST_2002,PAY_DC,29-08-2024,493.11,Success,Transaction Approved
TXN_900492,ORD_10454,CUST_2148,PAY_COD,15-01-2024,2126.94,Success,Transaction Approved
TXN_900493,ORD_10455,CUST_2253,PAY_AJIO_WALLET,16-10-2024,1006.74,Success,Transaction Approved
TXN_900494,ORD_10456,CUST_2244,PAY_UPI,21-10-2024,1726.85,Success,Transaction Approved
TXN_900495,ORD_10457,CUST_2084,PAY_CC,20-12-2024,1339.33,Success,Transaction Approved
TXN_900496,ORD_10458,CUST_2028,PAY_COD,07-01-2024,3751.75,Success,Transaction Approved
TXN_900497,ORD_10459,CUST_2272,pay_upi,17-11-2024,1528.98,Success,Transaction Approved
TXN_900498,ORD_10460,CUST_2086,PAY_DC,18-05-2024,4939.38,Success,
TXN_900499,ORD_10461,CUST_2186,PAY_NB,01-07-2024,2783.3,Success,Transaction Approved
TXN_900500,ORD_10462,CUST_2191,PAY_COD,24-03-2024,867.37,Success,Transaction Approved
TXN_900501,ORD_10463,CUST_2258,PAY_CC,26-09-2024,4378.91,  Success   ,
TXN_900502,ORD_10464,CUST_2059,PAY_UPI,01-09-2024,1119.44,Success,Transaction Approved
TXN_900503,ORD_10465,CUST_2186,PAY_COD,24-06-2024,937.22,success,Transaction Approved
TXN_900504,ORD_10466,CUST_2015,PAY_UPI,21-12-2024,1410.29,Success,
TXN_900505,ORD_10467,CUST_2158,PAY_CC,25-01-2025,493.11,Failed,Authentication Failed
TXN_900506,ORD_10467,CUST_2158,PAY_DC,25-01-2025,493.11,Success,  Transaction Approved   
TXN_900507,ORD_10468,CUST_2248,PAY_UPI,12-03-2024,867.37,Success,Transaction Approved
TXN_900508,ORD_10469,CUST_2241,PAY_DC,12-07-2024,6958.26,Success,
TXN_900509,ORD_10470,CUST_2064,PAY_CC,04-04-2024,2429.39,Success,
TXN_900510,ORD_10471,CUST_2047,PAY_AJIO_WALLET,27-06-2024,493.11,Success,Transaction Approved
TXN_900511,ORD_10472,CUST_2257,PAY_NB,02-04-2024,1391.23,SUCCESS,
TXN_900512,ORD_10473,CUST_2008,PAY_AJIO_WALLET,28-03-2024,1848.01,Success,Transaction Approved
TXN_900513,ORD_10474,CUST_2051,PAY_NB,23-12-2024,3077.23,Success,Transaction Approved
TXN_900514,ORD_10475,CUST_2055,PAY_DC,20-09-2024,958.3,Success,Transaction Approved
TXN_900515,ORD_10476,CUST_2161,PAY_UPI,25-01-2025,5218.69,Success,Transaction Approved
TXN_900516,ORD_10477,CUST_2286,PAY_UPI,16-07-2024,1327.34,Success,
TXN_900517,ORD_10478,CUST_2160,PAY_COD,28-05-2024,763.45,Success,TRANSACTION APPROVED
TXN_900518,ORD_10479,CUST_2036,PAY_COD,01-07-2024,761.02,failed,User Cancelled
TXN_900519,ORD_10479,CUST_2036,PAY_CC,01-07-2024,761.02,  Success   ,
TXN_900520,ORD_10480,CUST_2054,PAY_NB,03-02-2024,701.78,Success,  Transaction Approved   
TXN_900521,ORD_10481,CUST_2053,PAY_CC,04-11-2024,1659.17,Success,Transaction Approved
TXN_900522,ORD_10482,CUST_2207,PAY_COD,26-01-2025,3305.17,Success,Transaction Approved
TXN_900523,ORD_10483,CUST_2205,PAY_AJIO_WALLET,09-05-2024,724.48,Success,Transaction Approved
TXN_900524,ORD_10484,CUST_2233,PAY_DC,17-11-2024,2435.39,Success,Transaction Approved
TXN_900525,ORD_10485,CUST_2028,pay_cod,04-01-2024,6307.21,Success,
TXN_900526,ORD_10486,CUST_2168,PAY_NB,02-09-2024,937.22,Success,
TXN_900527,ORD_10487,CUST_2253,PAY_CC,09-08-2024,4095.49,Success,  Transaction Approved   
TXN_900528,ORD_10488,CUST_2176,PAY_NB,26-01-2025,19197.6,Success,Transaction Approved
TXN_900529,ORD_10489,CUST_2061,PAY_DC,19-01-2024,736.14,SUCCESS,Transaction Approved
TXN_900530,ORD_10490,CUST_2156,  PAY_CC   ,06-08-2024,798.5,Success,Transaction Approved
TXN_900531,ORD_10491,CUST_2057,PAY_COD,10-03-2024,1272.36,Success,
TXN_900532,ORD_10492,CUST_2288,PAY_NB,09-10-2024,4312.68,Success,Transaction Approved
TXN_900533,ORD_10493,CUST_2181,PAY_DC,24-01-2024,1636.74,Success,
TXN_900534,ORD_10494,CUST_2179,PAY_NB,16-11-2024,5119.36,Success,Transaction Approved
TXN_900535,ORD_10495,CUST_2220,PAY_COD,05-05-2024,724.48,Success,Transaction Approved
TXN_900536,ORD_10496,CUST_2160,PAY_AJIO_WALLET,28-02-2024,1339.33,Success,TRANSACTION APPROVED
TXN_900537,ORD_10497,CUST_2276,PAY_COD,17-10-2024,5412.83,Success,Transaction Approved
TXN_900538,ORD_10498,CUST_2137,PAY_COD,06-11-2024,5159.35,Success,
TXN_900539,ORD_10499,CUST_2166,PAY_COD,15-04-2024,1339.33,Success,Transaction Approved
TXN_900540,ORD_10500,CUST_2174,PAY_DC,13-04-2024,958.3,Failed,Authentication Failed
TXN_900541,ORD_10500,CUST_2174,PAY_COD,13-04-2024,958.3,Success,TRANSACTION APPROVED
TXN_900542,ORD_10501,CUST_2039,PAY_NB,25-01-2024,28216.47,Success,transaction approved
TXN_900543,ORD_10502,CUST_2206,  PAY_NB   ,01-02-2025,4863.39,Success,Transaction Approved
TXN_900544,ORD_10503,CUST_2173,PAY_NB,17-04-2024,5923.81,Success,
TXN_900545,ORD_10504,CUST_2155,  PAY_DC   ,06-09-2024,2174.13,Success,Transaction Approved
TXN_900546,ORD_10505,CUST_2129,PAY_COD,04-02-2024,716.96,Success,
TXN_900547,ORD_10506,CUST_2265,PAY_NB,15-01-2025,1078.17,Success,Transaction Approved
TXN_900548,ORD_10507,CUST_2273,PAY_COD,31-01-2024,3839.52,Success,Transaction Approved
TXN_900549,ORD_10508,CUST_2237,PAY_CC,06-02-2024,493.11,Success,
TXN_900550,ORD_10509,CUST_2033,  PAY_COD   ,26-11-2024,813.49,Success,Transaction Approved
TXN_900551,ORD_10510,CUST_2121,PAY_UPI,05-05-2024,736.14,Success,Transaction Approved
TXN_900552,ORD_10511,CUST_2287,PAY_AJIO_WALLET,19-05-2024,1119.44,Success,Transaction Approved
TXN_900553,ORD_10512,CUST_2143,PAY_CC,01-04-2025,1357.45,Success,Transaction Approved
TXN_900554,ORD_10513,CUST_2029,PAY_UPI,02-02-2024,2587.61,Success,Transaction Approved
TXN_900555,ORD_10514,CUST_2047,PAY_AJIO_WALLET,19-10-2024,1752.21,Success,
TXN_900556,ORD_10515,CUST_2268,PAY_NB,16-02-2024,763.45,Success,Transaction Approved
TXN_900557,ORD_10516,CUST_2161,PAY_NB,18-01-2025,5412.83,Success,Transaction Approved
TXN_900558,ORD_10517,CUST_2112,PAY_CC,13-08-2024,493.11,Success,Transaction Approved
TXN_900559,ORD_10518,CUST_2029,PAY_DC,11-06-2024,1965.84,Success,Transaction Approved
TXN_900560,ORD_10519,CUST_2127,PAY_CC,07-07-2024,3159.37,Success,Transaction Approved
TXN_900561,ORD_10520,CUST_2018,PAY_AJIO_WALLET,12-09-2024,6639.17,Success,Transaction Approved
TXN_900562,ORD_10521,CUST_2197,PAY_AJIO_WALLET,16-12-2024,348.4,Success,
TXN_900563,ORD_10522,CUST_2122,PAY_COD,20-07-2024,1078.17,Success,Transaction Approved
TXN_900564,ORD_10523,CUST_2121,PAY_CC,27-01-2025,348.4,Success,Transaction Approved
TXN_900565,ORD_10524,CUST_2018,PAY_UPI,30-07-2024,5528.89,Success,Transaction Approved
TXN_900566,ORD_10525,CUST_2052,PAY_AJIO_WALLET,29-06-2024,5311.34,Success,Transaction Approved
TXN_900567,ORD_10526,CUST_2281,PAY_COD,27-01-2024,1576.21,Failed,
TXN_900568,ORD_10526,CUST_2281,pay_cc,27-01-2024,1576.21,Success,Transaction Approved
TXN_900569,ORD_10527,CUST_2228,PAY_CC,17-11-2024,5119.36,Success,Transaction Approved
TXN_900570,ORD_10528,CUST_2043,PAY_CC,28-01-2025,5218.69,Success,Transaction Approved
TXN_900571,ORD_10529,CUST_2211,PAY_COD,03-09-2024,3583.55,Success,Transaction Approved
TXN_900572,ORD_10530,CUST_2168,PAY_CC,04-03-2024,10238.72,Success,Transaction Approved
TXN_900573,ORD_10531,CUST_2293,PAY_UPI,16-11-2024,6568.36,Success,
TXN_900574,ORD_10532,CUST_2237,PAY_AJIO_WALLET,11-12-2024,2787.3,Success,  Transaction Approved   
TXN_900575,ORD_10533,CUST_2077,PAY_CC,01-02-2025,552.37,Success,Transaction Approved
TXN_900576,ORD_10534,CUST_2233,PAY_COD,14-04-2024,19917.51,  Success   ,Transaction Approved
TXN_900577,ORD_10535,CUST_2137,PAY_COD,15-04-2024,348.4,Success,Transaction Approved
TXN_900578,ORD_10536,CUST_2145,PAY_CC,15-03-2024,1659.17,Success,Transaction Approved
TXN_900579,ORD_10537,CUST_2135,PAY_COD,16-12-2024,2481.38,Success,Transaction Approved
TXN_900580,ORD_10538,CUST_2006,PAY_DC,18-04-2024,3931.69,SUCCESS,
TXN_900581,ORD_10539,CUST_2132,PAY_NB,30-04-2024,1510.11,Success,
TXN_900582,ORD_10540,CUST_2024,PAY_NB,21-07-2024,5159.35,Success,Transaction Approved
TXN_900583,ORD_10541,CUST_2287,PAY_CC,09-09-2024,1918.72,Success,  Transaction Approved   
TXN_900584,ORD_10542,CUST_2068,PAY_AJIO_WALLET,13-05-2024,552.37,Failed,User Cancelled
TXN_900585,ORD_10542,CUST_2068,PAY_UPI,13-05-2024,552.37,Success,
TXN_900586,ORD_10543,CUST_2066,PAY_DC,08-08-2024,5897.53,Success,Transaction Approved
TXN_900587,ORD_10544,CUST_2135,PAY_DC,25-03-2024,1406.24,Success,Transaction Approved
TXN_900588,ORD_10545,CUST_2252,PAY_NB,13-08-2024,826.45,Success,Transaction Approved
TXN_900589,ORD_10546,CUST_2028,PAY_UPI,27-12-2024,2043.49,Success,transaction approved
TXN_900590,ORD_10547,CUST_2254,PAY_DC,22-08-2024,1139.24,Success,Transaction Approved
TXN_900591,ORD_10548,CUST_2076,PAY_UPI,04-02-2024,5914.52,Success,Transaction Approved
TXN_900592,ORD_10549,CUST_2140,PAY_AJIO_WALLET,01-03-2024,2009,SUCCESS,Transaction Approved
TXN_900593,ORD_10550,CUST_2093,pay_upi,12-12-2024,2854.57,Success,Transaction Approved
TXN_900594,ORD_10551,CUST_2014,PAY_AJIO_WALLET,29-10-2024,647.8,success,Transaction Approved
TXN_900595,ORD_10552,CUST_2079,PAY_COD,20-08-2024,26140.73,Success,Transaction Approved
TXN_900596,ORD_10553,CUST_2003,PAY_AJIO_WALLET,15-06-2024,1899.24,Success,Transaction Approved
TXN_900597,ORD_10554,CUST_2025,PAY_DC,15-01-2025,4095.49,Success,
TXN_900598,ORD_10555,CUST_2196,PAY_DC,29-01-2025,552.37,Success,Transaction Approved
TXN_900599,ORD_10556,CUST_2107,PAY_COD,30-11-2024,958.3,Success,
TXN_900600,ORD_10557,CUST_2252,PAY_AJIO_WALLET,11-04-2024,4095.49,Success,Transaction Approved
TXN_900601,ORD_10558,CUST_2050,PAY_NB,17-07-2024,5643.29,Success,Transaction Approved
TXN_900602,ORD_10559,CUST_2217,PAY_COD,08-10-2024,552.37,  Success   ,Transaction Approved
TXN_900603,ORD_10560,CUST_2021,PAY_COD,17-12-2024,6196.27,Success,Transaction Approved
TXN_900604,ORD_10561,CUST_2270,  PAY_NB   ,11-08-2024,2293.47,Failed,Network Timeout
TXN_900605,ORD_10561,CUST_2270,PAY_COD,08-11-2024,2293.47,Success,Transaction Approved
TXN_900606,ORD_10562,CUST_2245,PAY_CC,05-07-2024,348.4,Success,Transaction Approved
TXN_900607,ORD_10563,CUST_2292,PAY_UPI,18-09-2024,1199.2,Success,
TXN_900608,ORD_10564,CUST_2238,PAY_NB,26-10-2024,1428.9,Success,Transaction Approved
TXN_900609,ORD_10565,CUST_2009,PAY_AJIO_WALLET,04-03-2024,2435.39,Success,
TXN_900610,ORD_10566,CUST_2214,PAY_DC,20-08-2024,798.5,Success,Transaction Approved
TXN_900611,ORD_10567,CUST_2136,PAY_CC,17-01-2025,1614.35,Success,Transaction Approved
TXN_900612,ORD_10568,CUST_2055,PAY_UPI,01-07-2024,1119.44,Success,Transaction Approved
TXN_900613,ORD_10569,CUST_2236,PAY_AJIO_WALLET,09-06-2024,1025.32,SUCCESS,Transaction Approved
TXN_900614,ORD_10570,CUST_2185,PAY_AJIO_WALLET,06-03-2024,1025.32,Success,Transaction Approved
TXN_900615,ORD_10571,CUST_2008,PAY_UPI,14-01-2024,3115.22,Success,Transaction Approved
TXN_900616,ORD_10572,CUST_2075,PAY_COD,10-02-2024,775.27,Success,Transaction Approved
TXN_900617,ORD_10573,CUST_2238,PAY_COD,19-03-2024,493.11,Success,Transaction Approved
TXN_900618,ORD_10574,CUST_2249,PAY_COD,30-05-2024,3103.97,Success,Transaction Approved
TXN_900619,ORD_10575,CUST_2201,PAY_UPI,31-12-2024,4796.8,Success,Transaction Approved
TXN_900620,ORD_10576,CUST_2254,PAY_NB,28-05-2024,1576.21,success,Transaction Approved
TXN_900621,ORD_10577,CUST_2249,PAY_AJIO_WALLET,09-06-2024,3261.19,Success,Transaction Approved
TXN_900622,ORD_10578,CUST_2271,PAY_NB,17-05-2024,5503.31,SUCCESS,Transaction Approved
TXN_900623,ORD_10579,CUST_2243,PAY_NB,23-12-2024,3305.17,Success,Transaction Approved
TXN_900624,ORD_10580,CUST_2148,  PAY_COD   ,16-09-2024,1327.34,Success,Transaction Approved
TXN_900625,ORD_10581,CUST_2174,PAY_AJIO_WALLET,30-05-2024,12308.92,Success,Transaction Approved
TXN_900626,ORD_10582,CUST_2185,PAY_CC,19-12-2024,3839.52,SUCCESS,Transaction Approved
TXN_900627,ORD_10583,CUST_2067,PAY_CC,31-07-2024,958.3,Success,Transaction Approved
TXN_900628,ORD_10584,CUST_2108,PAY_UPI,07-01-2024,4159.48,Success,Transaction Approved
TXN_900629,ORD_10585,CUST_2258,  PAY_UPI   ,11-12-2024,1199.2,Success,Transaction Approved
TXN_900630,ORD_10586,CUST_2115,PAY_DC,29-01-2025,1655.45,Success,Transaction Approved
TXN_900631,ORD_10587,CUST_2078,PAY_NB,27-12-2024,2425.88,Failed,Authentication Failed
TXN_900632,ORD_10587,CUST_2078,PAY_UPI,27-12-2024,2425.88,Success,Transaction Approved
TXN_900633,ORD_10588,CUST_2225,PAY_UPI,11-08-2024,10238.72,Success,Transaction Approved
TXN_900634,ORD_10589,CUST_2022,PAY_CC,15-04-2024,2065.42,Success,
TXN_900635,ORD_10590,CUST_2150,PAY_NB,20-02-2024,1079.28,Success,Transaction Approved
TXN_900636,ORD_10591,CUST_2172,  PAY_UPI   ,31-07-2024,5643.29,Success,Transaction Approved
TXN_900637,ORD_10592,CUST_2243,PAY_NB,07-09-2024,1614.35,  Success   ,Transaction Approved
TXN_900638,ORD_10593,CUST_2126,PAY_NB,03-11-2024,493.11,Success,Transaction Approved
TXN_900639,ORD_10594,CUST_2210,PAY_NB,16-01-2024,761.02,Success,
TXN_900640,ORD_10595,CUST_2006,PAY_NB,06-10-2024,5396.4,  Success   ,Transaction Approved
TXN_900641,ORD_10596,CUST_2085,PAY_COD,24-11-2024,3358.32,Success,Transaction Approved
TXN_900642,ORD_10597,CUST_2030,PAY_AJIO_WALLET,08-02-2024,1720.1,Success,
TXN_900643,ORD_10598,CUST_2284,PAY_AJIO_WALLET,25-06-2024,2048.52,Success,
TXN_900644,ORD_10599,CUST_2271,PAY_CC,25-11-2024,2003.89,Success,Transaction Approved
TXN_900645,ORD_10600,CUST_2227,PAY_AJIO_WALLET,06-03-2024,1079.28,Success,Transaction Approved
TXN_900646,ORD_10601,CUST_2172,PAY_AJIO_WALLET,23-09-2024,701.78,Success,Transaction Approved
TXN_900647,ORD_10602,CUST_2048,PAY_DC,21-11-2024,1630.6,Success,Transaction Approved
TXN_900648,ORD_10603,CUST_2277,PAY_CC,15-09-2024,2142.93,Success,Transaction Approved
TXN_900649,ORD_10604,CUST_2191,PAY_NB,22-01-2025,9478.1,Success,Transaction Approved
TXN_900650,ORD_10605,CUST_2230,PAY_AJIO_WALLET,30-04-2024,348.4,Success,
TXN_900651,ORD_10606,CUST_2274,PAY_CC,12-07-2024,1078.17,Success,Transaction Approved
TXN_900652,ORD_10607,CUST_2194,PAY_CC,25-10-2024,4348.26,Success,
TXN_900653,ORD_10608,CUST_2185,PAY_CC,29-07-2024,874.95,Success,Transaction Approved
TXN_900654,ORD_10609,CUST_2218,PAY_COD,07-08-2024,798.5,Success,Transaction Approved
TXN_900655,ORD_10610,CUST_2287,PAY_COD,21-11-2024,8696.52,Success,
TXN_900656,ORD_10611,CUST_2251,PAY_CC,09-05-2024,1410.29,Success,Transaction Approved
TXN_900657,ORD_10612,CUST_2263,PAY_UPI,30-08-2024,2048.52,success,Transaction Approved
TXN_900658,ORD_10613,CUST_2287,PAY_UPI,26-02-2024,724.48,Failed,User Cancelled
TXN_900659,ORD_10613,CUST_2287,PAY_NB,26-02-2024,724.48,Success,Transaction Approved
TXN_900660,ORD_10614,CUST_2149,PAY_CC,07-10-2024,1199.2,Success,Transaction Approved
TXN_900661,ORD_10615,CUST_2015,PAY_CC,06-05-2024,3839.52,Success,Transaction Approved
TXN_900662,ORD_10616,CUST_2251,PAY_NB,23-01-2024,5503.31,Success,TRANSACTION APPROVED
TXN_900663,ORD_10617,CUST_2159,PAY_DC,01-03-2025,1339.33,Success,transaction approved
TXN_900664,ORD_10618,CUST_2071,PAY_COD,17-03-2024,2174.13,Success,
TXN_900665,ORD_10619,CUST_2210,PAY_COD,12-09-2024,1374.28,  Success   ,Transaction Approved
TXN_900666,ORD_10620,CUST_2046,PAY_AJIO_WALLET,30-01-2025,1078.17,Success,
TXN_900667,ORD_10621,CUST_2064,PAY_UPI,10-04-2024,1299.63,Success,
TXN_900668,ORD_10622,CUST_2292,PAY_COD,03-02-2024,4891.79,Success,Transaction Approved
TXN_900669,ORD_10623,CUST_2093,PAY_CC,23-10-2024,5847.27,Failed,Insufficient Funds
TXN_900670,ORD_10623,CUST_2093,PAY_NB,23-10-2024,5847.27,Success,Transaction Approved
TXN_900671,ORD_10624,CUST_2274,PAY_COD,01-12-2024,752.12,Success,Transaction Approved
TXN_900672,ORD_10625,CUST_2213,PAY_NB,16-02-2024,22013.25,Success,Transaction Approved
TXN_900673,ORD_10626,CUST_2278,PAY_CC,15-02-2024,958.3,Success,Transaction Approved
TXN_900674,ORD_10627,CUST_2209,PAY_UPI,04-02-2024,1428.9,Success,Transaction Approved
TXN_900675,ORD_10628,CUST_2153,PAY_DC,14-06-2024,736.14,Success,Transaction Approved
TXN_900676,ORD_10629,CUST_2062,PAY_CC,09-09-2024,1798.8,success,
TXN_900677,ORD_10630,CUST_2198,PAY_UPI,27-07-2024,2783.3,SUCCESS,Transaction Approved
TXN_900678,ORD_10631,CUST_2209,PAY_UPI,27-10-2024,813.49,Success,Transaction Approved
TXN_900679,ORD_10632,CUST_2285,PAY_CC,16-08-2024,1223.18,Success,Transaction Approved
TXN_900680,ORD_10633,CUST_2257,PAY_CC,27-03-2024,2623.34,Success,transaction approved
TXN_900681,ORD_10634,CUST_2217,PAY_COD,25-08-2024,3239.19,Success,TRANSACTION APPROVED
TXN_900682,ORD_10635,CUST_2086,  PAY_COD   ,14-12-2024,27516.56,Success,
TXN_900683,ORD_10636,CUST_2109,  PAY_NB   ,13-01-2025,1339.33,Success,Transaction Approved
TXN_900684,ORD_10637,CUST_2154,PAY_AJIO_WALLET,06-01-2025,2516.85,Success,Transaction Approved
TXN_900685,ORD_10638,CUST_2222,PAY_NB,24-06-2024,2623.34,Success,Transaction Approved
TXN_900686,ORD_10639,CUST_2232,PAY_AJIO_WALLET,23-08-2024,3159.37,Success,Transaction Approved
TXN_900687,ORD_10640,CUST_2069,PAY_UPI,01-05-2024,813.49,Failed,Authentication Failed
TXN_900688,ORD_10640,CUST_2069,PAY_DC,05-01-2024,813.49,Success,
TXN_900689,ORD_10641,CUST_2285,PAY_AJIO_WALLET,10-02-2024,1499,Success,Transaction Approved
TXN_900690,ORD_10642,CUST_2040,PAY_AJIO_WALLET,29-06-2024,7279.09,Success,Transaction Approved
TXN_900691,ORD_10643,CUST_2184,PAY_AJIO_WALLET,07-08-2024,736.14,Success,Transaction Approved
TXN_900692,ORD_10644,CUST_2114,PAY_DC,07-02-2024,1576.21,  Success   ,Transaction Approved
TXN_900693,ORD_10645,CUST_2156,PAY_CC,07-04-2024,4351.46,SUCCESS,Transaction Approved
TXN_900694,ORD_10646,CUST_2108,PAY_AJIO_WALLET,22-05-2024,4815.4,Success,Transaction Approved
TXN_900695,ORD_10647,CUST_2088,PAY_AJIO_WALLET,15-12-2024,4939.38,Success,TRANSACTION APPROVED
TXN_900696,ORD_10648,CUST_2034,PAY_AJIO_WALLET,18-10-2024,4017.99,Success,Transaction Approved
TXN_900697,ORD_10649,CUST_2141,  PAY_AJIO_WALLET   ,20-12-2024,3279.18,Success,
TXN_900698,ORD_10650,CUST_2130,PAY_COD,24-11-2024,2143.35,Success,
TXN_900699,ORD_10651,CUST_2027,PAY_COD,14-12-2024,1078.17,Success,Transaction Approved
TXN_900700,ORD_10652,CUST_2186,PAY_UPI,22-05-2024,2065.42,SUCCESS,Transaction Approved
TXN_900701,ORD_10653,CUST_2162,PAY_CC,19-10-2024,27516.56,Success,Transaction Approved
TXN_900702,ORD_10654,CUST_2116,PAY_UPI,17-06-2024,966.39,Success,Transaction Approved
TXN_900703,ORD_10655,CUST_2050,PAY_COD,16-11-2024,13758.28,Success,Transaction Approved
TXN_900704,ORD_10656,CUST_2127,PAY_CC,19-06-2024,5566.61,success,Transaction Approved
TXN_900705,ORD_10657,CUST_2038,PAY_NB,16-11-2024,867.37,Success,  Transaction Approved   
TXN_900706,ORD_10658,CUST_2044,PAY_UPI,21-12-2024,2398.4,Success,
TXN_900707,ORD_10659,CUST_2032,PAY_COD,16-11-2024,3239.19,Success,Transaction Approved
TXN_900708,ORD_10660,CUST_2029,pay_dc,11-12-2024,3639.54,Failed,User Cancelled
TXN_900709,ORD_10660,CUST_2029,PAY_NB,11-12-2024,3639.54,Success,Transaction Approved
TXN_900710,ORD_10661,CUST_2006,PAY_COD,13-11-2024,918.42,Success,Transaction Approved
TXN_900711,ORD_10662,CUST_2014,PAY_DC,22-02-2024,918.42,Success,Transaction Approved
TXN_900712,ORD_10663,CUST_2035,PAY_CC,17-09-2024,1339.33,Success,Transaction Approved
TXN_900713,ORD_10664,CUST_2247,PAY_COD,23-01-2024,1410.29,Success,Transaction Approved
TXN_900714,ORD_10665,CUST_2300,PAY_AJIO_WALLET,10-04-2024,1119.44,Success,transaction approved
TXN_900715,ORD_10666,CUST_2159,PAY_DC,22-09-2024,752.12,Success,
TXN_900716,ORD_10667,CUST_2075,PAY_NB,08-04-2024,1199.2,Success,Transaction Approved
TXN_900717,ORD_10668,CUST_2103,PAY_CC,12-07-2024,813.49,  Success   ,Transaction Approved
TXN_900718,ORD_10669,CUST_2240,pay_dc,20-06-2024,752.12,Success,Transaction Approved
TXN_900719,ORD_10670,CUST_2169,PAY_COD,01-02-2024,958.3,Success,Transaction Approved
TXN_900720,ORD_10671,CUST_2118,PAY_CC,28-01-2025,1478.01,Success,TRANSACTION APPROVED
TXN_900721,ORD_10672,CUST_2193,PAY_CC,02-07-2024,3279.18,Success,Transaction Approved
TXN_900722,ORD_10673,CUST_2059,PAY_COD,26-01-2025,493.11,Success,Transaction Approved
TXN_900723,ORD_10674,CUST_2016,PAY_DC,14-05-2024,2787.3,Success,
TXN_900724,ORD_10675,CUST_2284,PAY_CC,14-05-2024,2919.27,Success,Transaction Approved
TXN_900725,ORD_10676,CUST_2071,PAY_UPI,06-05-2024,736.14,Success,Transaction Approved
TXN_900726,ORD_10677,CUST_2191,PAY_NB,30-12-2024,763.45,Success,
TXN_900727,ORD_10678,CUST_2067,PAY_CC,07-10-2024,3839.52,Failed,Network Timeout
TXN_900728,ORD_10678,CUST_2067,PAY_CC,07-10-2024,3839.52,Success,Transaction Approved
TXN_900729,ORD_10679,CUST_2126,PAY_NB,10-01-2024,4858.78,Success,Transaction Approved
TXN_900730,ORD_10680,CUST_2168,PAY_AJIO_WALLET,17-09-2024,7006.25,Success,
TXN_900731,ORD_10681,CUST_2108,PAY_COD,26-03-2024,1576.21,Success,Transaction Approved
TXN_900732,ORD_10682,CUST_2261,PAY_NB,30-12-2024,724.48,Success,
TXN_900733,ORD_10683,CUST_2248,PAY_COD,22-11-2024,1079.28,SUCCESS,Transaction Approved
TXN_900734,ORD_10684,CUST_2107,PAY_CC,21-07-2024,2043.49,Success,Transaction Approved
TXN_900735,ORD_10685,CUST_2194,PAY_DC,03-09-2024,1339.33,Success,Transaction Approved
TXN_900736,ORD_10686,CUST_2266,PAY_NB,14-11-2024,724.48,Success,Transaction Approved
TXN_900737,ORD_10687,CUST_2240,PAY_DC,14-07-2024,1119.44,Success,Transaction Approved
TXN_900738,ORD_10688,CUST_2120,PAY_UPI,30-05-2024,3159.37,success,Transaction Approved
TXN_900739,ORD_10689,CUST_2041,PAY_CC,07-03-2024,5119.36,Success,
TXN_900740,ORD_10690,CUST_2171,PAY_DC,28-01-2025,5246.69,Success,Transaction Approved
TXN_900741,ORD_10691,CUST_2098,  PAY_CC   ,13-05-2024,2050.63,Success,Transaction Approved
TXN_900742,ORD_10692,CUST_2145,PAY_COD,22-01-2025,4647.42,success,
TXN_900743,ORD_10693,CUST_2263,PAY_COD,18-01-2025,867.37,Success,Transaction Approved
TXN_900744,ORD_10694,CUST_2265,PAY_NB,24-08-2024,1875.06,Success,
TXN_900745,ORD_10695,CUST_2161,PAY_COD,08-12-2024,2048.52,Success,Transaction Approved
TXN_900746,ORD_10696,CUST_2016,PAY_NB,01-12-2025,724.48,Success,Transaction Approved
TXN_900747,ORD_10697,CUST_2182,PAY_COD,25-07-2024,1899.24,Success,
TXN_900748,ORD_10698,CUST_2167,PAY_NB,19-03-2024,1339.33,Failed,  Network Timeout   
TXN_900749,ORD_10698,CUST_2167,PAY_NB,19-03-2024,1339.33,Success,Transaction Approved
TXN_900750,ORD_10699,CUST_2294,PAY_COD,02-02-2024,965.44,Success,Transaction Approved
TXN_900751,ORD_10700,CUST_2244,PAY_NB,06-04-2024,2435.39,Success,Transaction Approved
TXN_900752,ORD_10701,CUST_2284,PAY_AJIO_WALLET,04-05-2024,958.3,Success,Transaction Approved
TXN_900753,ORD_10702,CUST_2198,PAY_CC,02-05-2024,348.4,Success,Transaction Approved
TXN_900754,ORD_10703,CUST_2266,PAY_DC,26-02-2024,4815.4,Success,
TXN_900755,ORD_10704,CUST_2245,PAY_COD,15-04-2024,1410.29,Success,Transaction Approved
TXN_900756,ORD_10705,CUST_2244,PAY_NB,14-09-2024,958.3,Success,Transaction Approved
TXN_900757,ORD_10706,CUST_2104,PAY_COD,11-05-2024,6879.14,Success,TRANSACTION APPROVED
TXN_900758,ORD_10707,CUST_2292,PAY_COD,01-12-2025,798.5,Success,
TXN_900759,ORD_10708,CUST_2234,PAY_AJIO_WALLET,30-03-2024,724.48,Success,Transaction Approved
TXN_900760,ORD_10709,CUST_2222,PAY_AJIO_WALLET,18-02-2024,918.42,Success,
TXN_900761,ORD_10710,CUST_2023,PAY_CC,10-02-2024,2335.42,Success,Transaction Approved
TXN_900762,ORD_10711,CUST_2035,PAY_AJIO_WALLET,29-07-2024,966.39,Success,Transaction Approved
TXN_900763,ORD_10712,CUST_2189,PAY_UPI,15-06-2024,552.37,Success,Transaction Approved
TXN_900764,ORD_10713,CUST_2130,PAY_UPI,23-11-2024,2295.43,Success,Transaction Approved
TXN_900765,ORD_10714,CUST_2237,PAY_AJIO_WALLET,22-07-2024,736.14,Success,Transaction Approved
TXN_900766,ORD_10715,CUST_2059,PAY_CC,25-08-2024,1079.28,Success,Transaction Approved
TXN_900767,ORD_10716,CUST_2043,PAY_CC,03-12-2024,9878.76,Success,Transaction Approved
TXN_900768,ORD_10717,CUST_2083,pay_upi,30-05-2024,958.3,Success,
TXN_900769,ORD_10718,CUST_2201,PAY_AJIO_WALLET,19-03-2024,958.3,  Success   ,Transaction Approved
TXN_900770,ORD_10719,CUST_2111,PAY_AJIO_WALLET,22-12-2024,1618.92,Success,Transaction Approved
TXN_900771,ORD_10720,CUST_2268,PAY_AJIO_WALLET,18-07-2024,775.27,Success,  Transaction Approved   
TXN_900772,ORD_10721,CUST_2027,PAY_UPI,05-07-2024,2109.36,Success,
TXN_900773,ORD_10722,CUST_2103,PAY_COD,21-06-2024,552.37,Success,Transaction Approved
TXN_900774,ORD_10723,CUST_2033,PAY_UPI,26-03-2024,2773.31,SUCCESS,Transaction Approved
TXN_900775,ORD_10724,CUST_2056,PAY_DC,15-11-2024,14938.13,Success,
TXN_900776,ORD_10725,CUST_2203,PAY_CC,14-06-2024,1000.52,Success,Transaction Approved
TXN_900777,ORD_10726,CUST_2162,PAY_CC,12-02-2024,4815.4,success,Transaction Approved
TXN_900778,ORD_10727,CUST_2189,PAY_CC,11-02-2024,4197.2,Success,Transaction Approved
TXN_900779,ORD_10728,CUST_2053,PAY_NB,18-02-2024,966.39,Success,  Transaction Approved   
TXN_900780,ORD_10729,CUST_2199,PAY_AJIO_WALLET,21-11-2024,763.45,Success,Transaction Approved
TXN_900781,ORD_10730,CUST_2247,PAY_UPI,17-08-2024,552.37,Success,Transaction Approved
TXN_900782,ORD_10731,CUST_2120,PAY_AJIO_WALLET,11-11-2024,2174.13,Success,
TXN_900783,ORD_10732,CUST_2220,PAY_NB,07-10-2024,867.37,Success,TRANSACTION APPROVED
TXN_900784,ORD_10733,CUST_2078,PAY_AJIO_WALLET,01-06-2025,3435.7,Success,TRANSACTION APPROVED
TXN_900785,ORD_10734,CUST_2228,PAY_DC,25-11-2024,1410.29,Success,Transaction Approved
TXN_900786,ORD_10735,CUST_2213,PAY_DC,10-01-2025,813.49,Success,Transaction Approved
TXN_900787,ORD_10736,CUST_2106,PAY_AJIO_WALLET,22-12-2024,4419.45,Failed,User Cancelled
TXN_900788,ORD_10736,CUST_2106,PAY_UPI,22-12-2024,4419.45,Success,Transaction Approved
TXN_900789,ORD_10737,CUST_2196,PAY_CC,02-03-2024,2174.13,SUCCESS,Transaction Approved
TXN_900790,ORD_10738,CUST_2099,PAY_CC,29-03-2024,1019.32,Success,Transaction Approved
TXN_900791,ORD_10739,CUST_2105,PAY_UPI,06-08-2024,4086.98,Success,
TXN_900792,ORD_10740,CUST_2126,PAY_NB,22-10-2024,3806.1,Success,
TXN_900793,ORD_10741,CUST_2104,PAY_COD,07-03-2024,3949.21,Success,TRANSACTION APPROVED
TXN_900794,ORD_10742,CUST_2242,PAY_NB,24-01-2025,1738.84,Success,TRANSACTION APPROVED
TXN_900795,ORD_10743,CUST_2247,PAY_COD,23-01-2025,4815.4,  Success   ,Transaction Approved
TXN_900796,ORD_10744,CUST_2079,PAY_CC,05-06-2024,4159.48,Success,Transaction Approved
TXN_900797,ORD_10745,CUST_2288,PAY_UPI,28-08-2024,752.12,Success,Transaction Approved
TXN_900798,ORD_10746,CUST_2098,PAY_NB,09-08-2024,19605.55,Success,Transaction Approved
TXN_900799,ORD_10747,CUST_2203,PAY_COD,28-10-2024,1659.17,Success,Transaction Approved
TXN_900800,ORD_10748,CUST_2020,PAY_COD,25-01-2025,9717.57,Success,
TXN_900801,ORD_10749,CUST_2179,PAY_COD,22-12-2024,2065.42,Success,Transaction Approved
TXN_900802,ORD_10750,CUST_2218,PAY_CC,07-04-2024,2322.84,  Success   ,
TXN_900803,ORD_10751,CUST_2015,PAY_AJIO_WALLET,21-08-2024,966.39,FAILED,
TXN_900804,ORD_10751,CUST_2015,PAY_AJIO_WALLET,21-08-2024,966.39,Success,TRANSACTION APPROVED
TXN_900805,ORD_10752,CUST_2127,PAY_AJIO_WALLET,29-01-2025,752.12,Success,Transaction Approved
TXN_900806,ORD_10753,CUST_2197,PAY_NB,04-06-2024,736.14,Success,Transaction Approved
TXN_900807,ORD_10754,CUST_2219,PAY_DC,12-03-2024,2961.91,Success,Transaction Approved
TXN_900808,ORD_10755,CUST_2211,PAY_AJIO_WALLET,20-10-2024,1636.74,Success,Transaction Approved
TXN_900809,ORD_10756,CUST_2138,PAY_AJIO_WALLET,01-04-2024,2322.84,Success,
TXN_900810,ORD_10757,CUST_2001,PAY_AJIO_WALLET,12-01-2024,4870.78,Success,Transaction Approved
TXN_900811,ORD_10758,CUST_2088,PAY_CC,09-06-2024,912.83,Success,transaction approved
TXN_900812,ORD_10759,CUST_2057,PAY_CC,18-01-2025,1478.01,Failed,User Cancelled
TXN_900813,ORD_10759,CUST_2057,PAY_COD,18-01-2025,1478.01,Success,
TXN_900814,ORD_10760,CUST_2099,PAY_COD,15-11-2024,5528.89,Success,Transaction Approved
TXN_900815,ORD_10761,CUST_2086,PAY_UPI,02-02-2024,552.37,Success,Transaction Approved
TXN_900816,ORD_10762,CUST_2121,PAY_AJIO_WALLET,16-05-2024,2069.31,SUCCESS,Transaction Approved
TXN_900817,ORD_10763,CUST_2022,  PAY_NB   ,23-09-2024,10437.39,Success,Transaction Approved
TXN_900818,ORD_10764,CUST_2243,PAY_NB,15-12-2024,2864.3,Success,Transaction Approved
TXN_900819,ORD_10765,CUST_2123,PAY_COD,07-01-2024,1350.96,Success,Transaction Approved
TXN_900820,ORD_10766,CUST_2002,PAY_AJIO_WALLET,03-12-2024,918.42,Success,Transaction Approved
TXN_900821,ORD_10767,CUST_2272,PAY_CC,17-12-2024,6318.74,Success,Transaction Approved
TXN_900822,ORD_10768,CUST_2264,pay_cc,13-06-2024,1119.44,Success,Transaction Approved
TXN_900823,ORD_10769,CUST_2024,PAY_DC,11-06-2024,4863.39,Success,Transaction Approved
TXN_900824,ORD_10770,CUST_2042,PAY_COD,21-02-2024,690.71,Success,Transaction Approved
TXN_900825,ORD_10771,CUST_2100,PAY_NB,01-01-2025,1079.28,Success,Transaction Approved
TXN_900826,ORD_10772,CUST_2255,PAY_DC,27-08-2024,14590.18,Failed,
TXN_900827,ORD_10772,CUST_2255,PAY_AJIO_WALLET,27-08-2024,14590.18,  Success   ,Transaction Approved
TXN_900828,ORD_10773,CUST_2060,PAY_NB,28-03-2024,1758.91,Success,Transaction Approved
TXN_900829,ORD_10774,CUST_2055,PAY_UPI,16-06-2024,1903.05,Success,Transaction Approved
TXN_900830,ORD_10775,CUST_2113,PAY_AJIO_WALLET,12-09-2024,1659.17,Success,
TXN_900831,ORD_10776,CUST_2274,PAY_COD,19-06-2024,2293.47,Success,Transaction Approved
TXN_900832,ORD_10777,CUST_2034,PAY_COD,01-06-2025,775.27,Success,Transaction Approved
TXN_900833,ORD_10778,CUST_2288,PAY_CC,28-05-2024,965.44,success,Transaction Approved
TXN_900834,ORD_10779,CUST_2175,PAY_CC,20-10-2024,1576.21,Failed,Insufficient Funds
TXN_900835,ORD_10779,CUST_2175,PAY_UPI,20-10-2024,1576.21,Success,Transaction Approved
TXN_900836,ORD_10780,CUST_2161,PAY_AJIO_WALLET,29-10-2024,736.14,Success,
TXN_900837,ORD_10781,CUST_2199,PAY_DC,03-05-2024,1063.47,Success,Transaction Approved
TXN_900838,ORD_10782,CUST_2114,PAY_UPI,06-10-2024,5218.69,Success,Transaction Approved
TXN_900839,ORD_10783,CUST_2152,PAY_COD,11-03-2024,6307.21,Failed,Insufficient Funds
TXN_900840,ORD_10783,CUST_2152,PAY_DC,11-03-2024,6307.21,Success,transaction approved
TXN_900841,ORD_10784,CUST_2018,PAY_DC,03-04-2024,2636.7,Success,
TXN_900842,ORD_10785,CUST_2294,PAY_CC,07-11-2024,7242.59,success,
TXN_900843,ORD_10786,CUST_2171,PAY_AJIO_WALLET,25-04-2024,937.22,Success,Transaction Approved
TXN_900844,ORD_10787,CUST_2092,PAY_AJIO_WALLET,12-03-2024,3773.59,Success,Transaction Approved
TXN_900845,ORD_10788,CUST_2281,PAY_COD,27-06-2024,701.78,  Success   ,Transaction Approved
TXN_900846,ORD_10789,CUST_2271,PAY_DC,24-12-2024,1576.21,Success,
TXN_900847,ORD_10790,CUST_2068,PAY_NB,29-12-2024,1899.24,Success,  Transaction Approved   
TXN_900848,ORD_10791,CUST_2084,PAY_COD,15-03-2024,1272.36,Success,Transaction Approved
TXN_900849,ORD_10792,CUST_2101,PAY_UPI,21-10-2024,1327.34,Success,TRANSACTION APPROVED
TXN_900850,ORD_10793,CUST_2076,PAY_AJIO_WALLET,19-02-2024,2336.28,Success,Transaction Approved
TXN_900851,ORD_10794,CUST_2092,PAY_NB,08-10-2024,1139.24,Success,Transaction Approved
TXN_900852,ORD_10795,CUST_2207,PAY_UPI,06-03-2024,2481.38,Success,Transaction Approved
TXN_900853,ORD_10796,CUST_2089,PAY_COD,12-09-2024,775.27,Success,Transaction Approved
TXN_900854,ORD_10797,CUST_2238,PAY_AJIO_WALLET,30-11-2024,1078.17,  Success   ,Transaction Approved
TXN_900855,ORD_10798,CUST_2062,PAY_UPI,17-09-2024,2435.39,Success,Transaction Approved
TXN_900856,ORD_10799,CUST_2294,PAY_DC,30-10-2024,1272.36,Success,Transaction Approved
TXN_900857,ORD_10800,CUST_2223,PAY_CC,31-12-2024,348.4,  Success   ,
TXN_900858,ORD_10801,CUST_2011,PAY_NB,22-09-2024,736.14,Success,
TXN_900859,ORD_10802,CUST_2064,PAY_CC,04-02-2024,826.45,Success,
TXN_900860,ORD_10803,CUST_2003,PAY_DC,21-10-2024,5199.35,success,Transaction Approved
TXN_900861,ORD_10804,CUST_2045,PAY_UPI,16-09-2024,5199.35,SUCCESS,Transaction Approved
TXN_900862,ORD_10805,CUST_2279,PAY_AJIO_WALLET,24-01-2024,2727.9,Success,Transaction Approved
TXN_900863,ORD_10806,CUST_2151,PAY_COD,21-12-2024,763.45,Failed,
TXN_900864,ORD_10806,CUST_2151,PAY_NB,21-12-2024,763.45,Success,Transaction Approved
TXN_900865,ORD_10807,CUST_2181,PAY_NB,12-05-2024,752.12,Success,Transaction Approved
TXN_900866,ORD_10808,CUST_2097,PAY_CC,20-04-2024,493.11,Success,
TXN_900867,ORD_10809,CUST_2066,PAY_COD,13-05-2024,1659.17,Success,Transaction Approved
TXN_900868,ORD_10810,CUST_2084,PAY_UPI,21-12-2024,736.14,Failed,User Cancelled
TXN_900869,ORD_10810,CUST_2084,PAY_DC,21-12-2024,736.14,Success,
TXN_900870,ORD_10811,CUST_2037,PAY_DC,08-04-2024,775.27,Success,Transaction Approved
TXN_900871,ORD_10812,CUST_2262,PAY_COD,08-10-2024,752.12,Failed,Insufficient Funds
TXN_900872,ORD_10812,CUST_2262,PAY_AJIO_WALLET,08-10-2024,752.12,Success,Transaction Approved
TXN_900873,ORD_10813,CUST_2127,PAY_UPI,10-07-2024,552.37,Success,Transaction Approved
TXN_900874,ORD_10814,CUST_2046,PAY_DC,25-04-2024,724.48,Success,Transaction Approved
TXN_900875,ORD_10815,CUST_2194,PAY_UPI,01-07-2025,2919.27,Success,Transaction Approved
TXN_900876,ORD_10816,CUST_2251,  PAY_DC   ,24-05-2024,3305.17,Success,Transaction Approved
TXN_900877,ORD_10817,CUST_2051,PAY_CC,18-07-2024,798.5,Success,Transaction Approved
TXN_900878,ORD_10818,CUST_2273,PAY_COD,05-12-2024,3639.54,Success,
TXN_900879,ORD_10819,CUST_2080,PAY_CC,16-05-2024,2143.35,Success,TRANSACTION APPROVED
TXN_900880,ORD_10820,CUST_2190,PAY_CC,27-12-2024,1025.32,Success,TRANSACTION APPROVED
TXN_900881,ORD_10821,CUST_2182,PAY_NB,07-08-2024,12286.46,Success,Transaction Approved
TXN_900882,ORD_10822,CUST_2118,PAY_UPI,06-09-2024,348.4,Failed,Insufficient Funds
TXN_900883,ORD_10822,CUST_2118,PAY_UPI,06-09-2024,348.4,Success,Transaction Approved
TXN_900884,ORD_10823,CUST_2040,PAY_UPI,13-02-2024,1410.29,Success,Transaction Approved
TXN_900885,ORD_10824,CUST_2253,PAY_UPI,01-09-2025,3583.55,Success,Transaction Approved
TXN_900886,ORD_10825,CUST_2264,PAY_NB,01-08-2024,727.73,Success,Transaction Approved
TXN_900887,ORD_10826,CUST_2004,PAY_AJIO_WALLET,05-05-2024,3237.84,Success,  Transaction Approved   
TXN_900888,ORD_10827,CUST_2271,PAY_UPI,27-03-2024,1607.51,Success,TRANSACTION APPROVED
TXN_900889,ORD_10828,CUST_2269,PAY_CC,03-09-2024,798.5,success,Transaction Approved
TXN_900890,ORD_10829,CUST_2027,PAY_COD,27-02-2024,2854.57,Failed,Insufficient Funds
TXN_900891,ORD_10829,CUST_2027,PAY_NB,27-02-2024,2854.57,Success,Transaction Approved
TXN_900892,ORD_10830,CUST_2128,PAY_UPI,30-05-2024,5311.34,Success,  Transaction Approved   
TXN_900893,ORD_10831,CUST_2292,PAY_DC,19-01-2024,1958.35,  Success   ,
TXN_900894,ORD_10832,CUST_2250,PAY_UPI,06-01-2024,1199.2,Success,
TXN_900895,ORD_10833,CUST_2180,PAY_CC,21-02-2024,798.5,Success,Transaction Approved
TXN_900896,ORD_10834,CUST_2044,PAY_CC,09-06-2024,2174.13,Success,Transaction Approved
TXN_900897,ORD_10835,CUST_2129,PAY_COD,08-07-2024,2335.42,Success,
TXN_900898,ORD_10836,CUST_2138,PAY_AJIO_WALLET,30-06-2024,2435.39,Success,Transaction Approved
TXN_900899,ORD_10837,CUST_2102,PAY_DC,08-03-2024,10437.39,Success,  Transaction Approved   
TXN_900900,ORD_10838,CUST_2083,PAY_COD,03-01-2024,727.73,Success,transaction approved
TXN_900901,ORD_10839,CUST_2254,PAY_AJIO_WALLET,26-01-2025,4351.46,Success,Transaction Approved
TXN_900902,ORD_10840,CUST_2200,PAY_UPI,25-06-2024,493.11,Success,
TXN_900903,ORD_10841,CUST_2122,PAY_DC,01-12-2025,1199.2,  Success   ,
TXN_900904,ORD_10842,CUST_2149,PAY_UPI,19-03-2024,348.4,Success,Transaction Approved
TXN_900905,ORD_10843,CUST_2144,PAY_DC,08-07-2024,826.45,Success,Transaction Approved
TXN_900906,ORD_10844,CUST_2053,PAY_NB,29-10-2024,1079.28,Success,
TXN_900907,ORD_10845,CUST_2118,PAY_COD,04-08-2024,3479.13,Failed,Authentication Failed
TXN_900908,ORD_10845,CUST_2118,PAY_CC,04-08-2024,3479.13,Success,Transaction Approved
TXN_900909,ORD_10846,CUST_2103,PAY_UPI,06-05-2024,552.37,Success,Transaction Approved
TXN_900910,ORD_10847,CUST_2119,  PAY_COD   ,08-06-2024,2043.49,Success,Transaction Approved
TXN_900911,ORD_10848,CUST_2057,PAY_DC,05-06-2024,9478.1,failed,Network Timeout
TXN_900912,ORD_10848,CUST_2057,PAY_NB,05-06-2024,9478.1,Success,Transaction Approved
TXN_900913,ORD_10849,CUST_2094,PAY_UPI,18-04-2024,1139.24,Success,Transaction Approved
TXN_900914,ORD_10850,CUST_2052,PAY_DC,04-06-2024,1119.44,Success,
TXN_900915,ORD_10851,CUST_2007,PAY_CC,07-04-2024,763.45,SUCCESS,Transaction Approved
TXN_900916,ORD_10852,CUST_2191,PAY_DC,14-02-2024,2481.38,Failed,
TXN_900917,ORD_10852,CUST_2191,PAY_UPI,14-02-2024,2481.38,Success,Transaction Approved
TXN_900918,ORD_10853,CUST_2062,PAY_AJIO_WALLET,16-08-2024,1019.32,Success,TRANSACTION APPROVED
TXN_900919,ORD_10854,CUST_2280,PAY_DC,24-01-2025,716.96,Success,
TXN_900920,ORD_10855,CUST_2079,PAY_CC,05-09-2024,3357.76,Success,Transaction Approved
TXN_900921,ORD_10856,CUST_2188,PAY_AJIO_WALLET,02-04-2024,918.42,Success,  Transaction Approved   
TXN_900922,ORD_10857,CUST_2258,PAY_CC,03-07-2024,3839.52,Success,TRANSACTION APPROVED
TXN_900923,ORD_10858,CUST_2290,PAY_AJIO_WALLET,22-07-2024,1019.32,Success,Transaction Approved
TXN_900924,ORD_10859,CUST_2263,PAY_COD,02-03-2025,552.37,Success,Transaction Approved
TXN_900925,ORD_10860,CUST_2140,PAY_UPI,30-10-2024,2787.3,success,
TXN_900926,ORD_10861,CUST_2263,PAY_AJIO_WALLET,06-04-2024,874.95,Success,TRANSACTION APPROVED
TXN_900927,ORD_10862,CUST_2138,pay_cc,05-01-2024,4419.45,Success,Transaction Approved
TXN_900928,ORD_10863,CUST_2076,PAY_CC,27-01-2024,2998,Success,Transaction Approved
TXN_900929,ORD_10864,CUST_2108,PAY_UPI,11-05-2024,4939.38,Success,transaction approved
TXN_900930,ORD_10865,CUST_2282,PAY_CC,30-05-2024,13822.24,SUCCESS,Transaction Approved
TXN_900931,ORD_10866,CUST_2006,PAY_CC,31-03-2024,25228.85,Success,
TXN_900932,ORD_10867,CUST_2276,PAY_NB,18-12-2024,2143.35,Success,TRANSACTION APPROVED
TXN_900933,ORD_10868,CUST_2132,PAY_AJIO_WALLET,14-08-2024,1078.17,Success,Transaction Approved
TXN_900934,ORD_10869,CUST_2105,pay_cod,01-08-2025,1138.43,Success,Transaction Approved
TXN_900935,ORD_10870,CUST_2246,PAY_CC,31-03-2024,552.37,Success,Transaction Approved
TXN_900936,ORD_10871,CUST_2093,pay_upi,31-03-2024,813.49,Failed,Network Timeout
TXN_900937,ORD_10871,CUST_2093,PAY_NB,31-03-2024,813.49,  Success   ,Transaction Approved
TXN_900938,ORD_10872,CUST_2097,PAY_UPI,26-11-2024,552.37,Success,Transaction Approved
TXN_900939,ORD_10873,CUST_2270,PAY_UPI,15-07-2024,493.11,Success,Transaction Approved
TXN_900940,ORD_10874,CUST_2007,PAY_AJIO_WALLET,29-01-2025,867.37,Success,TRANSACTION APPROVED
TXN_900941,ORD_10875,CUST_2007,PAY_UPI,22-06-2024,3839.52,Success,Transaction Approved
TXN_900942,ORD_10876,CUST_2246,PAY_COD,09-02-2024,867.37,Failed,Network Timeout
TXN_900943,ORD_10876,CUST_2246,PAY_CC,09-02-2024,867.37,Success,Transaction Approved
TXN_900944,ORD_10877,CUST_2279,PAY_AJIO_WALLET,23-01-2024,1079.28,Success,Transaction Approved
TXN_900945,ORD_10878,CUST_2053,PAY_COD,24-04-2024,1848.01,FAILED,Insufficient Funds
TXN_900946,ORD_10878,CUST_2053,  PAY_NB   ,24-04-2024,1848.01,Success,Transaction Approved
TXN_900947,ORD_10879,CUST_2198,PAY_AJIO_WALLET,16-12-2024,493.11,Success,Transaction Approved
TXN_900948,ORD_10880,CUST_2058,PAY_UPI,24-05-2024,1758.91,Success,Transaction Approved
TXN_900949,ORD_10881,CUST_2171,PAY_UPI,04-01-2024,3479.13,Success,Transaction Approved
TXN_900950,ORD_10882,CUST_2093,PAY_CC,15-11-2024,727.73,  Failed   ,User Cancelled
TXN_900951,ORD_10882,CUST_2093,PAY_CC,15-11-2024,727.73,Success,Transaction Approved
TXN_900952,ORD_10883,CUST_2054,PAY_COD,15-05-2024,7503.5,  Success   ,
TXN_900953,ORD_10884,CUST_2077,PAY_CC,16-08-2024,1309.39,Success,Transaction Approved
TXN_900954,ORD_10885,CUST_2058,PAY_AJIO_WALLET,14-06-2024,1339.33,Success,Transaction Approved
TXN_900955,ORD_10886,CUST_2198,PAY_COD,30-07-2024,1350.96,Success,Transaction Approved
TXN_900956,ORD_10887,CUST_2171,PAY_AJIO_WALLET,10-08-2024,493.11,Success,Transaction Approved
TXN_900957,ORD_10888,CUST_2253,PAY_CC,01-01-2025,3639.54,Success,Transaction Approved
TXN_900958,ORD_10889,CUST_2113,PAY_CC,01-09-2024,1079.28,Success,Transaction Approved
TXN_900959,ORD_10890,CUST_2069,PAY_UPI,02-02-2025,2591.35,Success,Transaction Approved
TXN_900960,ORD_10891,CUST_2074,PAY_NB,24-04-2024,9294.84,Success,Transaction Approved
TXN_900961,ORD_10892,CUST_2061,PAY_CC,22-12-2024,1079.28,Success,Transaction Approved
TXN_900962,ORD_10893,CUST_2055,PAY_UPI,21-03-2024,763.45,Success,
TXN_900963,ORD_10894,CUST_2073,PAY_UPI,08-01-2024,1006.74,Success,
TXN_900964,ORD_10895,CUST_2241,PAY_AJIO_WALLET,06-02-2024,1659.17,Success,
TXN_900965,ORD_10896,CUST_2173,PAY_AJIO_WALLET,26-02-2024,874.95,Success,Transaction Approved
TXN_900966,ORD_10897,CUST_2017,PAY_CC,21-07-2024,752.12,Success,Transaction Approved
TXN_900967,ORD_10898,CUST_2233,PAY_DC,29-12-2024,3899.51,Success,Transaction Approved
TXN_900968,ORD_10899,CUST_2081,PAY_NB,03-05-2024,2764.45,success,
TXN_900969,ORD_10900,CUST_2029,PAY_CC,11-05-2024,5546.61,Success,TRANSACTION APPROVED
TXN_900970,ORD_10901,CUST_2240,PAY_AJIO_WALLET,13-07-2024,1965.84,Success,Transaction Approved
TXN_900971,ORD_10902,CUST_2191,PAY_CC,02-09-2024,813.49,Success,Transaction Approved
TXN_900972,ORD_10903,CUST_2172,  PAY_DC   ,02-03-2024,5847.27,Success,
TXN_900973,ORD_10904,CUST_2159,PAY_CC,05-03-2024,3115.22,Success,Transaction Approved
TXN_900974,ORD_10905,CUST_2292,PAY_NB,06-10-2024,2812.59,Success,Transaction Approved
TXN_900975,ORD_10906,CUST_2005,PAY_DC,06-10-2024,1350.96,Success,
TXN_900976,ORD_10907,CUST_2067,PAY_UPI,14-01-2025,1079.28,failed,Network Timeout
TXN_900977,ORD_10907,CUST_2067,PAY_UPI,14-01-2025,1079.28,Success,Transaction Approved
TXN_900978,ORD_10908,CUST_2077,  PAY_COD   ,20-01-2024,4815.4,Success,Transaction Approved
TXN_900979,ORD_10909,CUST_2238,PAY_AJIO_WALLET,28-04-2024,1006.74,Success,
TXN_900980,ORD_10910,CUST_2073,PAY_CC,01-08-2025,867.37,Success,Transaction Approved
TXN_900981,ORD_10911,CUST_2175,PAY_CC,15-11-2024,918.42,Success,transaction approved
TXN_900982,ORD_10912,CUST_2199,PAY_NB,19-03-2024,2189.45,Success,Transaction Approved
TXN_900983,ORD_10913,CUST_2255,  PAY_UPI   ,06-07-2024,5914.52,Success,Transaction Approved
TXN_900984,ORD_10914,CUST_2045,PAY_COD,31-05-2024,1655.45,Success,transaction approved
TXN_900985,ORD_10915,CUST_2296,PAY_UPI,30-01-2025,724.48,Success,Transaction Approved
TXN_900986,ORD_10916,CUST_2243,PAY_COD,03-04-2024,3751.75,Failed,Insufficient Funds
TXN_900987,ORD_10916,CUST_2243,PAY_UPI,03-04-2024,3751.75,Success,Transaction Approved
TXN_900988,ORD_10917,CUST_2187,  PAY_COD   ,14-12-2024,1078.17,Success,
TXN_900989,ORD_10918,CUST_2263,PAY_DC,30-07-2024,1078.17,Success,Transaction Approved
TXN_900990,ORD_10919,CUST_2022,PAY_UPI,24-12-2024,716.96,Success,Transaction Approved
TXN_900991,ORD_10920,CUST_2054,PAY_CC,02-07-2024,348.4,Success,Transaction Approved
TXN_900992,ORD_10921,CUST_2237,pay_dc,30-09-2024,763.45,Success,Transaction Approved
TXN_900993,ORD_10922,CUST_2093,PAY_COD,17-06-2024,1659.17,Success,Transaction Approved
TXN_900994,ORD_10923,CUST_2249,PAY_AJIO_WALLET,20-08-2024,2295.43,Success,Transaction Approved
TXN_900995,ORD_10924,CUST_2241,PAY_CC,11-03-2024,493.11,Failed,
TXN_900996,ORD_10924,CUST_2241,PAY_COD,11-03-2024,493.11,Success,  Transaction Approved   
TXN_900997,ORD_10925,CUST_2186,PAY_COD,01-12-2024,4351.46,Success,Transaction Approved
TXN_900998,ORD_10926,CUST_2130,PAY_UPI,26-07-2024,813.49,Success,
TXN_900999,ORD_10927,CUST_2232,pay_nb,05-12-2024,1832.89,Success,Transaction Approved
TXN_901000,ORD_10928,CUST_2048,PAY_COD,06-01-2024,798.5,Success,Transaction Approved
TXN_901001,ORD_10929,CUST_2215,PAY_NB,22-12-2024,1965.84,Success,Transaction Approved
TXN_901002,ORD_10930,CUST_2293,PAY_UPI,11-01-2024,736.14,Success,
TXN_901003,ORD_10931,CUST_2297,PAY_DC,01-10-2025,716.96,Success,Transaction Approved
TXN_901004,ORD_10932,CUST_2235,PAY_COD,12-11-2024,2591.35,Success,Transaction Approved
TXN_901005,ORD_10933,CUST_2002,PAY_CC,23-10-2024,874.95,Success,Transaction Approved
TXN_901006,ORD_10934,CUST_2097,PAY_NB,20-04-2024,1000.52,Success,Transaction Approved
TXN_901007,ORD_10935,CUST_2098,PAY_UPI,01-09-2024,1714.68,Success,Transaction Approved
TXN_901008,ORD_10936,CUST_2258,PAY_UPI,21-08-2024,6307.21,Success,Transaction Approved
TXN_901009,ORD_10937,CUST_2181,PAY_COD,20-06-2024,14938.13,Success,Transaction Approved
TXN_901010,ORD_10938,CUST_2235,PAY_CC,10-04-2024,1119.44,SUCCESS,
TXN_901011,ORD_10939,CUST_2224,PAY_AJIO_WALLET,20-02-2024,1528.98,Success,Transaction Approved
TXN_901012,ORD_10940,CUST_2054,PAY_UPI,23-02-2024,1006.74,Success,Transaction Approved
TXN_901013,ORD_10941,CUST_2279,PAY_COD,17-01-2024,2609.35,Success,Transaction Approved
TXN_901014,ORD_10942,CUST_2216,PAY_COD,04-10-2024,9837.54,Success,Transaction Approved
TXN_901015,ORD_10943,CUST_2180,PAY_COD,26-11-2024,3583.55,Failed,Authentication Failed
TXN_901016,ORD_10943,CUST_2180,PAY_AJIO_WALLET,26-11-2024,3583.55,Success,Transaction Approved
TXN_901017,ORD_10944,CUST_2192,PAY_NB,03-12-2024,4095.49,Success,Transaction Approved
TXN_901018,ORD_10945,CUST_2213,  PAY_UPI   ,14-01-2024,1428.9,Failed,Insufficient Funds
TXN_901019,ORD_10945,CUST_2213,PAY_NB,14-01-2024,1428.9,Success,
TXN_901020,ORD_10946,CUST_2266,pay_nb,19-10-2024,5311.34,Success,Transaction Approved
TXN_901021,ORD_10947,CUST_2201,PAY_AJIO_WALLET,22-10-2024,2295.43,Failed,
TXN_901022,ORD_10947,CUST_2201,PAY_COD,22-10-2024,2295.43,Success,
TXN_901023,ORD_10948,CUST_2200,PAY_COD,08-11-2024,1327.34,Success,Transaction Approved
TXN_901024,ORD_10949,CUST_2065,PAY_AJIO_WALLET,25-01-2025,4891.79,  Success   ,
TXN_901025,ORD_10950,CUST_2284,pay_cc,08-11-2024,958.3,Success,
TXN_901026,ORD_10951,CUST_2079,PAY_AJIO_WALLET,02-10-2024,5159.35,Success,Transaction Approved
TXN_901027,ORD_10952,CUST_2067,PAY_AJIO_WALLET,30-11-2024,918.42,Failed,Network Timeout
TXN_901028,ORD_10952,CUST_2067,PAY_DC,30-11-2024,918.42,Success,Transaction Approved
TXN_901029,ORD_10953,CUST_2275,PAY_AJIO_WALLET,12-03-2024,4647.42,Success,Transaction Approved
TXN_901030,ORD_10954,CUST_2074,PAY_AJIO_WALLET,26-02-2024,1720.1,Failed,Network Timeout
TXN_901031,ORD_10954,CUST_2074,PAY_CC,26-02-2024,1720.1,Success,Transaction Approved
TXN_901032,ORD_10955,CUST_2063,PAY_DC,17-02-2024,2783.3,Success,Transaction Approved
TXN_901033,ORD_10956,CUST_2186,PAY_CC,01-12-2024,2267.43,Success,Transaction Approved
TXN_901034,ORD_10957,CUST_2040,PAY_COD,20-11-2024,4590.85,Success,Transaction Approved
TXN_901035,ORD_10958,CUST_2093,PAY_CC,11-06-2024,348.4,Success,
TXN_901036,ORD_10959,CUST_2176,PAY_NB,22-03-2024,1350.96,SUCCESS,
TXN_901037,ORD_10960,CUST_2063,PAY_UPI,19-09-2024,2459.39,Success,Transaction Approved
TXN_901038,ORD_10961,CUST_2187,PAY_CC,22-04-2024,6958.26,Success,Transaction Approved
TXN_901039,ORD_10962,CUST_2065,PAY_COD,27-06-2024,3356.83,  Success   ,Transaction Approved
TXN_901040,ORD_10963,CUST_2240,PAY_COD,23-07-2024,1659.17,Success,transaction approved
TXN_901041,ORD_10964,CUST_2102,PAY_AJIO_WALLET,22-02-2024,1428.9,Failed,Insufficient Funds
TXN_901042,ORD_10964,CUST_2102,PAY_NB,22-02-2024,1428.9,Success,
TXN_901043,ORD_10965,CUST_2160,PAY_CC,16-08-2024,912.83,Success,Transaction Approved
TXN_901044,ORD_10966,CUST_2140,PAY_NB,08-07-2024,6639.17,Success,
TXN_901045,ORD_10967,CUST_2192,PAY_UPI,18-01-2024,798.5,Success,Transaction Approved
TXN_901046,ORD_10968,CUST_2210,PAY_AJIO_WALLET,16-01-2024,348.4,Success,Transaction Approved
TXN_901047,ORD_10969,CUST_2166,PAY_CC,20-04-2024,1119.44,Success,Transaction Approved
TXN_901048,ORD_10970,CUST_2075,PAY_UPI,01-06-2024,867.37,Success,Transaction Approved
TXN_901049,ORD_10971,CUST_2291,pay_cc,25-05-2024,3839.52,Success,Transaction Approved
TXN_901050,ORD_10972,CUST_2112,PAY_DC,12-09-2024,3305.17,Success,Transaction Approved
TXN_901051,ORD_10973,CUST_2216,PAY_COD,04-11-2024,763.45,Success,Transaction Approved
TXN_901052,ORD_10974,CUST_2253,PAY_DC,19-08-2024,2069.31,  Success   ,Transaction Approved
TXN_901053,ORD_10975,CUST_2197,PAY_UPI,21-10-2024,7006.25,Success,Transaction Approved
TXN_901054,ORD_10976,CUST_2146,PAY_COD,27-09-2024,493.11,Failed,User Cancelled
TXN_901055,ORD_10976,CUST_2146,PAY_COD,27-09-2024,493.11,Success,Transaction Approved
TXN_901056,ORD_10977,CUST_2009,PAY_UPI,20-05-2024,1006.74,Success,Transaction Approved
TXN_901057,ORD_10978,CUST_2205,PAY_DC,20-07-2024,552.37,Success,Transaction Approved
TXN_901058,ORD_10979,CUST_2233,PAY_AJIO_WALLET,11-12-2024,2069.31,Success,
TXN_901059,ORD_10980,CUST_2025,PAY_CC,18-12-2024,6639.17,Success,Transaction Approved
TXN_901060,ORD_10981,CUST_2046,PAY_DC,18-12-2024,2459.39,Failed,Network Timeout
TXN_901061,ORD_10981,CUST_2046,PAY_DC,18-12-2024,2459.39,Success,Transaction Approved
TXN_901062,ORD_10982,CUST_2023,PAY_DC,18-12-2024,6958.26,Success,
TXN_901063,ORD_10983,CUST_2195,PAY_CC,03-02-2024,3356.83,Success,Transaction Approved
TXN_901064,ORD_10984,CUST_2076,PAY_COD,03-03-2024,826.45,success,Transaction Approved
TXN_901065,ORD_10985,CUST_2296,PAY_COD,01-09-2025,1655.45,Success,Transaction Approved
TXN_901066,ORD_10986,CUST_2136,pay_ajio_wallet,05-04-2024,867.37,Success,Transaction Approved
TXN_901067,ORD_10987,CUST_2106,PAY_UPI,01-07-2024,1079.28,Success,Transaction Approved
TXN_901068,ORD_10988,CUST_2198,PAY_UPI,29-10-2024,2623.34,Success,Transaction Approved
TXN_901069,ORD_10989,CUST_2161,PAY_AJIO_WALLET,15-09-2024,2455.11,Success,Transaction Approved
TXN_901070,ORD_10990,CUST_2113,PAY_COD,19-09-2024,4534.87,failed,Insufficient Funds
TXN_901071,ORD_10990,CUST_2113,PAY_CC,19-09-2024,4534.87,Success,Transaction Approved
TXN_901072,ORD_10991,CUST_2097,PAY_COD,22-10-2024,552.37,Success,Transaction Approved
TXN_901073,ORD_10992,CUST_2237,PAY_AJIO_WALLET,23-08-2024,798.5,Success,Transaction Approved
TXN_901074,ORD_10993,CUST_2244,PAY_COD,10-08-2024,763.45,Failed,Authentication Failed
TXN_901075,ORD_10993,CUST_2244,PAY_AJIO_WALLET,10-08-2024,763.45,Success,Transaction Approved
TXN_901076,ORD_10994,CUST_2109,PAY_NB,28-01-2024,493.11,Success,
TXN_901077,ORD_10995,CUST_2051,PAY_COD,04-09-2024,1139.24,Success,Transaction Approved
TXN_901078,ORD_10996,CUST_2091,PAY_NB,08-09-2024,752.12,Success,Transaction Approved
TXN_901079,ORD_10997,CUST_2128,PAY_UPI,21-10-2024,3479.13,Success,Transaction Approved
TXN_901080,ORD_10998,CUST_2273,PAY_CC,26-07-2024,2609.35,Success,Transaction Approved
TXN_901081,ORD_10999,CUST_2113,  PAY_AJIO_WALLET   ,28-03-2024,1327.34,Success,
TXN_901082,ORD_11000,CUST_2148,PAY_DC,04-04-2024,3075.95,SUCCESS,Transaction Approved
TXN_901083,ORD_11001,CUST_2245,PAY_AJIO_WALLET,14-12-2024,1410.29,Success,transaction approved
TXN_901084,ORD_11002,CUST_2171,PAY_CC,08-07-2024,798.5,success,Transaction Approved
TXN_901085,ORD_11003,CUST_2136,PAY_CC,01-05-2024,761.02,Success,Transaction Approved
TXN_901086,ORD_11004,CUST_2243,PAY_COD,24-01-2024,1138.43,Success,transaction approved
TXN_901087,ORD_11005,CUST_2149,PAY_NB,16-03-2024,4979.38,Success,Transaction Approved
TXN_901088,ORD_11006,CUST_2172,PAY_AJIO_WALLET,05-11-2024,918.42,Success,  Transaction Approved   
TXN_901089,ORD_11007,CUST_2187,PAY_DC,22-09-2024,1391.07,Success,TRANSACTION APPROVED
TXN_901090,ORD_11008,CUST_2248,PAY_AJIO_WALLET,01-11-2024,10437.39,Success,Transaction Approved
TXN_901091,ORD_11009,CUST_2113,PAY_DC,22-10-2024,2000.46,Success,Transaction Approved
TXN_901092,ORD_11010,CUST_2185,PAY_UPI,07-12-2024,2787.3,Success,Transaction Approved
TXN_901093,ORD_11011,CUST_2141,PAY_AJIO_WALLET,18-08-2024,798.5,Success,  Transaction Approved   
TXN_901094,ORD_11012,CUST_2179,  PAY_COD   ,21-05-2024,798.5,Success,Transaction Approved
TXN_901095,ORD_11013,CUST_2297,PAY_DC,20-08-2024,6522.39,Success,Transaction Approved
TXN_901096,ORD_11014,CUST_2178,PAY_UPI,16-03-2024,348.4,Success,Transaction Approved
TXN_901097,ORD_11015,CUST_2268,PAY_NB,09-06-2024,348.4,Success,Transaction Approved
TXN_901098,ORD_11016,CUST_2151,PAY_UPI,30-10-2024,5847.27,Success,TRANSACTION APPROVED
TXN_901099,ORD_11017,CUST_2157,PAY_DC,26-01-2024,6535.18,Success,Transaction Approved
TXN_901100,ORD_11018,CUST_2146,PAY_NB,14-10-2024,19453.57,Success,Transaction Approved
TXN_901101,ORD_11019,CUST_2139,PAY_CC,02-11-2024,493.11,Success,Transaction Approved
TXN_901102,ORD_11020,CUST_2243,  PAY_CC   ,08-04-2024,12308.92,Success,Transaction Approved
TXN_901103,ORD_11021,CUST_2051,PAY_DC,15-10-2024,798.5,Success,Transaction Approved
TXN_901104,ORD_11022,CUST_2166,PAY_CC,05-08-2024,4863.39,Success,
TXN_901105,ORD_11023,CUST_2103,pay_upi,17-11-2024,348.4,Success,Transaction Approved
TXN_901106,ORD_11024,CUST_2193,PAY_COD,14-08-2024,5119.36,Success,Transaction Approved
TXN_901107,ORD_11025,CUST_2184,PAY_COD,29-07-2024,918.42,SUCCESS,Transaction Approved
TXN_901108,ORD_11026,CUST_2287,PAY_COD,11-10-2024,13758.28,  Success   ,Transaction Approved
TXN_901109,ORD_11027,CUST_2298,PAY_CC,16-10-2024,1630.6,Failed,
TXN_901110,ORD_11027,CUST_2298,PAY_NB,16-10-2024,1630.6,Success,Transaction Approved
TXN_901111,ORD_11028,CUST_2202,PAY_AJIO_WALLET,25-01-2025,493.11,Success,
TXN_901112,ORD_11029,CUST_2028,  PAY_DC   ,31-10-2024,1005.4,Success,Transaction Approved
TXN_901113,ORD_11030,CUST_2290,PAY_DC,26-10-2024,2069.31,success,Transaction Approved
TXN_901114,ORD_11031,CUST_2028,PAY_NB,09-10-2024,966.39,Failed,Authentication Failed
TXN_901115,ORD_11031,CUST_2028,pay_nb,09-10-2024,966.39,Success,Transaction Approved
TXN_901116,ORD_11032,CUST_2080,PAY_DC,01-04-2024,348.4,Success,
TXN_901117,ORD_11033,CUST_2103,PAY_UPI,03-02-2024,2957.26,Success,Transaction Approved
TXN_901118,ORD_11034,CUST_2105,PAY_UPI,29-01-2024,2609.35,Failed,insufficient funds
TXN_901119,ORD_11034,CUST_2105,PAY_NB,29-01-2024,2609.35,Success,Transaction Approved
TXN_901120,ORD_11035,CUST_2248,PAY_CC,11-09-2024,958.3,Success,Transaction Approved
TXN_901121,ORD_11036,CUST_2064,PAY_AJIO_WALLET,16-01-2025,1119.44,Success,Transaction Approved
TXN_901122,ORD_11037,CUST_2262,PAY_NB,28-05-2024,1410.29,Success,Transaction Approved
TXN_901123,ORD_11038,CUST_2253,PAY_DC,24-02-2024,724.48,success,Transaction Approved
TXN_901124,ORD_11039,CUST_2218,PAY_DC,18-07-2024,493.11,Success,Transaction Approved
TXN_901125,ORD_11040,CUST_2018,PAY_AJIO_WALLET,30-06-2024,813.49,Success,Transaction Approved
TXN_901126,ORD_11041,CUST_2235,PAY_CC,14-09-2024,3159.37,Success,Transaction Approved
TXN_901127,ORD_11042,CUST_2269,PAY_UPI,29-06-2024,1168.14,Success,Transaction Approved
TXN_901128,ORD_11043,CUST_2174,  PAY_CC   ,12-03-2024,2086.61,Failed,Network Timeout
TXN_901129,ORD_11043,CUST_2174,PAY_AJIO_WALLET,12-03-2024,2086.61,Success,
TXN_901130,ORD_11044,CUST_2035,PAY_AJIO_WALLET,29-08-2024,2267.43,Success,Transaction Approved
TXN_901131,ORD_11045,CUST_2295,PAY_NB,03-07-2024,1025.32,Failed,Network Timeout
TXN_901132,ORD_11045,CUST_2295,PAY_UPI,03-08-2024,1025.32,Success,
TXN_901133,ORD_11046,CUST_2298,PAY_NB,16-01-2024,724.48,Success,Transaction Approved
TXN_901134,ORD_11047,CUST_2055,PAY_AJIO_WALLET,28-04-2024,2069.31,Success,
TXN_901135,ORD_11048,CUST_2090,PAY_COD,02-01-2024,1659.17,Success,  Transaction Approved   
TXN_901136,ORD_11049,CUST_2020,PAY_UPI,11-06-2024,2156.34,Success,
TXN_901137,ORD_11050,CUST_2090,PAY_AJIO_WALLET,22-11-2024,1899.24,Success,Transaction Approved
TXN_901138,ORD_11051,CUST_2101,PAY_COD,13-04-2024,3751.75,Success,  Transaction Approved   
TXN_901139,ORD_11052,CUST_2271,PAY_CC,18-11-2024,5119.36,SUCCESS,Transaction Approved
TXN_901140,ORD_11053,CUST_2018,PAY_UPI,17-10-2024,8190.98,Success,Transaction Approved
TXN_901141,ORD_11054,CUST_2175,PAY_AJIO_WALLET,09-11-2024,1727.67,Success,
TXN_901142,ORD_11055,CUST_2293,PAY_NB,13-10-2024,10622.67,  Success   ,
TXN_901143,ORD_11056,CUST_2225,PAY_COD,03-06-2024,1119.44,Success,Transaction Approved
TXN_901144,ORD_11057,CUST_2061,PAY_UPI,01-12-2024,3103.97,Success,Transaction Approved
TXN_901145,ORD_11058,CUST_2149,PAY_DC,02-04-2024,9069.73,  Success   ,Transaction Approved
TXN_901146,ORD_11059,CUST_2039,PAY_CC,13-09-2024,3899.51,Success,Transaction Approved
TXN_901147,ORD_11060,CUST_2030,PAY_UPI,14-05-2024,3899.51,Success,Transaction Approved
TXN_901148,ORD_11061,CUST_2174,PAY_CC,31-01-2024,1119.44,Success,Transaction Approved
TXN_901149,ORD_11062,CUST_2169,PAY_AJIO_WALLET,02-07-2024,9717.57,Success,Transaction Approved
TXN_901150,ORD_11063,CUST_2019,PAY_COD,02-11-2024,724.48,Failed,Insufficient Funds
TXN_901151,ORD_11063,CUST_2019,PAY_DC,02-11-2024,724.48,Success,
TXN_901152,ORD_11064,CUST_2067,PAY_UPI,16-09-2024,3949.21,Success,Transaction Approved
TXN_901153,ORD_11065,CUST_2221,PAY_CC,14-01-2024,2069.31,Success,Transaction Approved
TXN_901154,ORD_11066,CUST_2195,PAY_AJIO_WALLET,27-01-2024,1428.9,Success,Transaction Approved
TXN_901155,ORD_11067,CUST_2065,PAY_COD,08-12-2024,2518.74,Success,
TXN_901156,ORD_11068,CUST_2189,PAY_DC,05-01-2024,724.48,Success,Transaction Approved
TXN_901157,ORD_11069,CUST_2006,PAY_AJIO_WALLET,01-08-2024,4378.91,Success,Transaction Approved
TXN_901158,ORD_11070,CUST_2040,PAY_COD,06-09-2024,1019.32,Success,
TXN_901159,ORD_11071,CUST_2126,PAY_NB,03-03-2024,348.4,Success,Transaction Approved
TXN_901160,ORD_11072,CUST_2129,pay_cod,07-01-2024,4939.38,Success,Transaction Approved
TXN_901161,ORD_11073,CUST_2155,PAY_NB,05-05-2024,1621.15,Success,Transaction Approved
TXN_901162,ORD_11074,CUST_2164,PAY_NB,29-07-2024,1079.28,Success,Transaction Approved
TXN_901163,ORD_11075,CUST_2041,PAY_CC,14-01-2025,2459.39,Success,Transaction Approved
TXN_901164,ORD_11076,CUST_2191,PAY_CC,23-12-2024,1659.17,Success,Transaction Approved
TXN_901165,ORD_11077,CUST_2233,PAY_COD,28-10-2024,3479.13,Success,Transaction Approved
TXN_901166,ORD_11078,CUST_2044,PAY_NB,14-07-2024,1199.2,Failed,
TXN_901167,ORD_11078,CUST_2044,PAY_AJIO_WALLET,14-07-2024,1199.2,SUCCESS,
TXN_901168,ORD_11079,CUST_2115,PAY_CC,27-01-2024,3115.22,Success,Transaction Approved
TXN_901169,ORD_11080,CUST_2278,PAY_UPI,21-06-2024,1636.74,Success,Transaction Approved
TXN_901170,ORD_11081,CUST_2111,PAY_DC,08-10-2024,1554.9,Success,Transaction Approved
TXN_901171,ORD_11082,CUST_2030,PAY_NB,13-12-2024,7167.1,SUCCESS,Transaction Approved
TXN_901172,ORD_11083,CUST_2274,PAY_NB,22-09-2024,874.95,Success,Transaction Approved
TXN_901173,ORD_11084,CUST_2196,PAY_CC,23-05-2024,2956.03,Failed,Insufficient Funds
TXN_901174,ORD_11084,CUST_2196,PAY_NB,23-05-2024,2956.03,Success,TRANSACTION APPROVED
TXN_901175,ORD_11085,CUST_2044,PAY_NB,21-07-2024,2335.42,Success,Transaction Approved
TXN_901176,ORD_11086,CUST_2186,PAY_DC,11-07-2024,3751.75,Success,Transaction Approved
TXN_901177,ORD_11087,CUST_2292,PAY_DC,01-09-2024,763.45,Success,Transaction Approved
TXN_901178,ORD_11088,CUST_2019,PAY_AJIO_WALLET,30-01-2024,1519.83,Success,
TXN_901179,ORD_11089,CUST_2142,PAY_NB,13-08-2024,798.5,Failed,Authentication Failed
TXN_901180,ORD_11089,CUST_2142,PAY_AJIO_WALLET,13-08-2024,798.5,Success,TRANSACTION APPROVED
TXN_901181,ORD_11090,CUST_2142,PAY_COD,30-03-2024,6713.66,Success,  Transaction Approved   
TXN_901182,ORD_11091,CUST_2026,PAY_AJIO_WALLET,16-09-2024,2919.27,Success,Transaction Approved
TXN_901183,ORD_11092,CUST_2022,PAY_CC,05-12-2024,5199.35,Success,Transaction Approved
TXN_901184,ORD_11093,CUST_2181,PAY_UPI,25-02-2024,3899.51,Success,Transaction Approved
TXN_901185,ORD_11094,CUST_2058,  PAY_CC   ,07-09-2024,1848.01,Failed,Insufficient Funds
TXN_901186,ORD_11094,CUST_2058,PAY_UPI,07-09-2024,1848.01,Success,  Transaction Approved   
TXN_901187,ORD_11095,CUST_2219,PAY_CC,07-03-2024,2998,Success,Transaction Approved
TXN_901188,ORD_11096,CUST_2192,PAY_NB,23-01-2024,6207.93,Success,transaction approved
TXN_901189,ORD_11097,CUST_2014,PAY_CC,02-03-2025,5566.61,Success,
TXN_901190,ORD_11098,CUST_2177,PAY_NB,17-03-2024,6558.36,Success,
TXN_901191,ORD_11099,CUST_2041,PAY_CC,21-10-2024,552.37,Success,Transaction Approved
TXN_901192,ORD_11100,CUST_2215,PAY_UPI,11-06-2024,3899.51,Success,Transaction Approved
TXN_901193,ORD_11101,CUST_2267,pay_dc,30-05-2024,918.42,Success,Transaction Approved
TXN_901194,ORD_11102,CUST_2186,PAY_DC,20-12-2024,2773.31,Success,TRANSACTION APPROVED
TXN_901195,ORD_11103,CUST_2210,PAY_DC,07-04-2024,724.48,Failed,Authentication Failed
TXN_901196,ORD_11103,CUST_2210,PAY_CC,07-04-2024,724.48,  Success   ,Transaction Approved
TXN_901197,ORD_11104,CUST_2118,PAY_COD,03-05-2024,918.42,Success,Transaction Approved
TXN_901198,ORD_11105,CUST_2209,PAY_AJIO_WALLET,26-05-2024,763.45,Success,Transaction Approved
TXN_901199,ORD_11106,CUST_2042,PAY_NB,19-11-2024,2854.57,Success,
TXN_901200,ORD_11107,CUST_2233,PAY_UPI,10-10-2024,9630.8,Success,Transaction Approved
TXN_901201,ORD_11108,CUST_2065,PAY_COD,02-07-2024,1078.17,Success,Transaction Approved
TXN_901202,ORD_11109,CUST_2272,PAY_COD,22-12-2024,2591.35,success,Transaction Approved
TXN_901203,ORD_11110,CUST_2151,PAY_DC,25-02-2024,2609.35,Success,  Transaction Approved   
TXN_901204,ORD_11111,CUST_2182,PAY_COD,08-11-2024,1651.9,Success,Transaction Approved
TXN_901205,ORD_11112,CUST_2069,PAY_AJIO_WALLET,17-09-2024,1659.17,Success,Transaction Approved
TXN_901206,ORD_11113,CUST_2004,PAY_DC,13-07-2024,1272.36,Success,Transaction Approved
TXN_901207,ORD_11114,CUST_2261,PAY_DC,09-09-2024,1659.17,Failed,authentication failed
TXN_901208,ORD_11114,CUST_2261,pay_dc,09-09-2024,1659.17,Success,Transaction Approved
TXN_901209,ORD_11115,CUST_2266,pay_nb,08-06-2024,798.5,Success,
TXN_901210,ORD_11116,CUST_2164,PAY_CC,01-11-2025,867.37,Success,TRANSACTION APPROVED
TXN_901211,ORD_11117,CUST_2143,PAY_NB,25-05-2024,1339.33,Success,Transaction Approved
TXN_901212,ORD_11118,CUST_2141,PAY_CC,05-12-2024,3517.83,Success,
TXN_901213,ORD_11119,CUST_2119,PAY_CC,17-09-2024,763.45,Success,Transaction Approved
TXN_901214,ORD_11120,CUST_2021,PAY_NB,14-01-2024,798.5,Success,Transaction Approved
TXN_901215,ORD_11121,CUST_2293,PAY_COD,20-08-2024,2518.74,Success,Transaction Approved
TXN_901216,ORD_11122,CUST_2062,PAY_COD,03-11-2024,1738.84,Success,Transaction Approved
TXN_901217,ORD_11123,CUST_2060,PAY_UPI,01-07-2025,690.71,Success,Transaction Approved
TXN_901218,ORD_11124,CUST_2260,PAY_COD,12-10-2024,3608.56,SUCCESS,
TXN_901219,ORD_11125,CUST_2162,PAY_UPI,27-12-2024,798.5,Success,transaction approved
TXN_901220,ORD_11126,CUST_2286,PAY_AJIO_WALLET,17-11-2024,763.45,Success,
TXN_901221,ORD_11127,CUST_2193,pay_ajio_wallet,18-03-2024,1832.89,Success,Transaction Approved
TXN_901222,ORD_11128,CUST_2255,PAY_CC,21-09-2024,348.4,Success,Transaction Approved
TXN_901223,ORD_11129,CUST_2035,PAY_NB,20-01-2024,1758.91,Success,
TXN_901224,ORD_11130,CUST_2195,PAY_CC,28-09-2024,2905.06,Success,TRANSACTION APPROVED
TXN_901225,ORD_11131,CUST_2154,PAY_DC,18-11-2024,6307.21,Success,Transaction Approved
TXN_901226,ORD_11132,CUST_2279,PAY_UPI,21-01-2025,1758.91,Success,Transaction Approved
TXN_901227,ORD_11133,CUST_2229,PAY_AJIO_WALLET,25-08-2024,1899.24,Failed,
TXN_901228,ORD_11133,CUST_2229,PAY_UPI,25-08-2024,1899.24,Success,  Transaction Approved   
TXN_901229,ORD_11134,CUST_2178,PAY_AJIO_WALLET,09-04-2024,966.39,Failed,User Cancelled
TXN_901230,ORD_11134,CUST_2178,PAY_CC,09-04-2024,966.39,Success,Transaction Approved
TXN_901231,ORD_11135,CUST_2121,PAY_DC,02-04-2025,5159.35,Success,Transaction Approved
TXN_901232,ORD_11136,CUST_2166,PAY_DC,14-08-2024,2764.45,Success,Transaction Approved
TXN_901233,ORD_11137,CUST_2028,PAY_AJIO_WALLET,24-01-2024,3356.83,Success,TRANSACTION APPROVED
TXN_901234,ORD_11138,CUST_2114,PAY_CC,16-11-2024,3013.49,Success,Transaction Approved
TXN_901235,ORD_11139,CUST_2169,PAY_NB,11-01-2024,493.11,  Success   ,Transaction Approved
TXN_901236,ORD_11140,CUST_2171,PAY_NB,22-09-2024,3239.19,Success,Transaction Approved
TXN_901237,ORD_11141,CUST_2102,PAY_NB,27-04-2024,1818.6,Success,Transaction Approved
TXN_901238,ORD_11142,CUST_2192,PAY_CC,01-07-2024,2848.86,Success,Transaction Approved
TXN_901239,ORD_11143,CUST_2270,PAY_COD,24-05-2024,2435.39,Success,Transaction Approved
TXN_901240,ORD_11144,CUST_2127,PAY_AJIO_WALLET,07-12-2024,1199.2,Success,Transaction Approved
TXN_901241,ORD_11145,CUST_2139,PAY_UPI,26-12-2024,1078.17,Success,
TXN_901242,ORD_11146,CUST_2278,PAY_CC,19-07-2024,1406.24,Failed,Network Timeout
TXN_901243,ORD_11146,CUST_2278,PAY_DC,19-07-2024,1406.24,Success,Transaction Approved
TXN_901244,ORD_11147,CUST_2160,PAY_COD,06-03-2024,3839.52,Success,Transaction Approved
TXN_901245,ORD_11148,CUST_2052,PAY_NB,08-07-2024,2764.45,Success,Transaction Approved
TXN_901246,ORD_11149,CUST_2209,PAY_COD,30-09-2024,4159.48,Success,
TXN_901247,ORD_11150,CUST_2009,PAY_COD,31-12-2024,1655.45,SUCCESS,Transaction Approved
TXN_901248,ORD_11151,CUST_2296,PAY_CC,15-10-2024,4815.4,Success,Transaction Approved
TXN_901249,ORD_11152,CUST_2171,PAY_AJIO_WALLET,27-03-2024,937.22,Failed,Authentication Failed
TXN_901250,ORD_11152,CUST_2171,PAY_UPI,27-03-2024,937.22,Success,Transaction Approved
TXN_901251,ORD_11153,CUST_2251,PAY_UPI,30-08-2024,2276.86,Success,Transaction Approved
TXN_901252,ORD_11154,CUST_2291,PAY_UPI,08-06-2024,1636.74,Success,
TXN_901253,ORD_11155,CUST_2019,PAY_NB,01-03-2024,1899.24,Success,Transaction Approved
TXN_901254,ORD_11156,CUST_2288,PAY_NB,29-11-2024,3583.55,  Success   ,
TXN_901255,ORD_11157,CUST_2248,PAY_AJIO_WALLET,23-02-2024,2065.42,Success,
TXN_901256,ORD_11158,CUST_2193,PAY_UPI,03-03-2024,493.11,Success,
TXN_901257,ORD_11159,CUST_2059,PAY_COD,25-09-2024,1199.2,Success,Transaction Approved
TXN_901258,ORD_11160,CUST_2281,PAY_UPI,30-05-2024,1119.44,Success,Transaction Approved
TXN_901259,ORD_11161,CUST_2166,PAY_DC,13-03-2024,752.12,Success,Transaction Approved
TXN_901260,ORD_11162,CUST_2105,PAY_AJIO_WALLET,05-08-2024,4095.49,Success,Transaction Approved
TXN_901261,ORD_11163,CUST_2170,PAY_AJIO_WALLET,01-01-2025,2753.31,Success,Transaction Approved
TXN_901262,ORD_11164,CUST_2214,PAY_COD,01-03-2024,1818.6,Success,Transaction Approved
TXN_901263,ORD_11165,CUST_2103,PAY_NB,02-01-2024,1079.28,Success,Transaction Approved
TXN_901264,ORD_11166,CUST_2081,PAY_AJIO_WALLET,25-06-2024,552.37,Success,Transaction Approved
TXN_901265,ORD_11167,CUST_2099,PAY_COD,07-07-2024,5923.81,Success,Transaction Approved
TXN_901266,ORD_11168,CUST_2131,PAY_AJIO_WALLET,30-10-2024,4939.38,Success,Transaction Approved
TXN_901267,ORD_11169,CUST_2111,PAY_DC,24-09-2024,2961.91,Success,Transaction Approved
TXN_901268,ORD_11170,CUST_2197,PAY_NB,01-12-2025,1899.24,Success,
TXN_901269,ORD_11171,CUST_2243,pay_upi,16-02-2024,2787.3,Success,
TXN_901270,ORD_11172,CUST_2085,PAY_UPI,27-01-2024,1655.45,Success,  Transaction Approved   
TXN_901271,ORD_11173,CUST_2226,PAY_COD,24-01-2025,1119.44,Success,Transaction Approved
TXN_901272,ORD_11174,CUST_2202,PAY_COD,06-08-2024,701.78,Success,Transaction Approved
TXN_901273,ORD_11175,CUST_2041,PAY_CC,22-05-2024,1274.15,success,Transaction Approved
TXN_901274,ORD_11176,CUST_2287,PAY_AJIO_WALLET,10-12-2024,918.42,Success,Transaction Approved
TXN_901275,ORD_11177,CUST_2092,PAY_DC,26-06-2024,4815.4,Success,Transaction Approved
TXN_901276,ORD_11178,CUST_2287,PAY_CC,17-01-2025,798.5,Success,  Transaction Approved   
TXN_901277,ORD_11179,CUST_2185,PAY_UPI,18-02-2024,4891.79,Success,Transaction Approved
TXN_901278,ORD_11180,CUST_2258,PAY_NB,20-05-2024,2591.35,Failed,User Cancelled
TXN_901279,ORD_11180,CUST_2258,PAY_UPI,20-05-2024,2591.35,Success,Transaction Approved
TXN_901280,ORD_11181,CUST_2023,PAY_DC,19-10-2024,1726.85,success,Transaction Approved
TXN_901281,ORD_11182,CUST_2242,PAY_COD,18-01-2025,1406.24,Success,
TXN_901282,ORD_11183,CUST_2054,PAY_UPI,19-03-2024,1798.8,Success,Transaction Approved
TXN_901283,ORD_11184,CUST_2068,PAY_UPI,29-12-2024,552.37,Failed,Authentication Failed
TXN_901284,ORD_11184,CUST_2068,PAY_UPI,29-12-2024,552.37,Success,Transaction Approved
TXN_901285,ORD_11185,CUST_2279,PAY_CC,01-09-2024,7503.5,  Success   ,
TXN_901286,ORD_11186,CUST_2163,  PAY_CC   ,07-06-2024,798.5,Success,Transaction Approved
TXN_901287,ORD_11187,CUST_2207,PAY_AJIO_WALLET,04-08-2024,1063.47,Success,Transaction Approved
TXN_901288,ORD_11188,CUST_2137,PAY_COD,04-11-2024,552.37,Failed,
TXN_901289,ORD_11188,CUST_2137,PAY_DC,04-11-2024,552.37,Success,Transaction Approved
TXN_901290,ORD_11189,CUST_2089,PAY_UPI,28-06-2024,813.49,Success,Transaction Approved
TXN_901291,ORD_11190,CUST_2291,PAY_UPI,15-02-2024,14938.13,Failed,
TXN_901292,ORD_11190,CUST_2291,PAY_AJIO_WALLET,15-02-2024,14938.13,Success,Transaction Approved
TXN_901293,ORD_11191,CUST_2094,PAY_CC,01-11-2024,2654.67,success,Transaction Approved
TXN_901294,ORD_11192,CUST_2112,PAY_COD,05-06-2024,1528.98,FAILED,User Cancelled
TXN_901295,ORD_11192,CUST_2112,PAY_CC,05-06-2024,1528.98,Success,
TXN_901296,ORD_11193,CUST_2098,PAY_AJIO_WALLET,13-07-2024,1410.29,Success,
TXN_901297,ORD_11194,CUST_2072,PAY_COD,19-05-2024,1138.43,Success,Transaction Approved
TXN_901298,ORD_11195,CUST_2152,PAY_COD,30-06-2024,3159.37,Failed,Insufficient Funds
TXN_901299,ORD_11195,CUST_2152,pay_nb,30-06-2024,3159.37,Success,Transaction Approved
TXN_901300,ORD_11196,CUST_2268,PAY_AJIO_WALLET,19-01-2024,874.95,Success,transaction approved
TXN_901301,ORD_11197,CUST_2276,PAY_AJIO_WALLET,15-12-2024,1339.33,success,
TXN_901302,ORD_11198,CUST_2258,PAY_AJIO_WALLET,30-01-2025,4159.48,Success,
TXN_901303,ORD_11199,CUST_2240,PAY_UPI,04-05-2024,2961.91,Success,Transaction Approved
TXN_901304,ORD_11200,CUST_2166,PAY_COD,18-01-2024,1283.41,Success,Transaction Approved
TXN_901305,ORD_11201,CUST_2184,PAY_UPI,20-06-2024,965.44,  Success   ,Transaction Approved
TXN_901306,ORD_11202,CUST_2052,PAY_DC,10-06-2024,1454.88,  Success   ,Transaction Approved
TXN_901307,ORD_11203,CUST_2225,PAY_COD,08-10-2024,3839.52,Success,Transaction Approved
TXN_901308,ORD_11204,CUST_2125,PAY_DC,13-12-2024,2961.91,Success,Transaction Approved
TXN_901309,ORD_11205,CUST_2120,PAY_NB,31-01-2025,3273.48,Success,
TXN_901310,ORD_11206,CUST_2206,PAY_CC,06-02-2024,4017.99,Success,Transaction Approved
TXN_901311,ORD_11207,CUST_2269,PAY_CC,28-01-2024,2787.3,Success,Transaction Approved
TXN_901312,ORD_11208,CUST_2073,PAY_COD,01-01-2024,3583.55,Success,Transaction Approved
TXN_901313,ORD_11209,CUST_2089,PAY_UPI,14-04-2024,348.4,Success,Transaction Approved
TXN_901314,ORD_11210,CUST_2126,PAY_NB,22-03-2024,493.11,Success,Transaction Approved
TXN_901315,ORD_11211,CUST_2282,PAY_AJIO_WALLET,12-08-2024,1214.56,Failed,Insufficient Funds
TXN_901316,ORD_11211,CUST_2282,PAY_AJIO_WALLET,12-08-2024,1214.56,Success,
TXN_901317,ORD_11212,CUST_2125,PAY_UPI,25-01-2025,867.37,Success,Transaction Approved
TXN_901318,ORD_11213,CUST_2168,PAY_AJIO_WALLET,11-01-2024,761.02,Success,
TXN_901319,ORD_11214,CUST_2178,PAY_AJIO_WALLET,11-07-2024,3103.97,Failed,User Cancelled
TXN_901320,ORD_11214,CUST_2178,PAY_COD,11-07-2024,3103.97,Success,Transaction Approved
TXN_901321,ORD_11215,CUST_2189,PAY_NB,19-01-2025,2026.44,success,Transaction Approved
TXN_901322,ORD_11216,CUST_2118,PAY_CC,08-10-2024,493.11,Success,Transaction Approved
TXN_901323,ORD_11217,CUST_2093,PAY_DC,09-03-2024,1119.44,success,Transaction Approved
TXN_901324,ORD_11218,CUST_2216,PAY_COD,24-02-2024,1727.67,Success,
TXN_901325,ORD_11219,CUST_2178,PAY_UPI,01-07-2024,727.73,Success,Transaction Approved
TXN_901326,ORD_11220,CUST_2295,  PAY_AJIO_WALLET   ,30-11-2024,2174.13,Success,Transaction Approved
TXN_901327,ORD_11221,CUST_2028,PAY_DC,11-05-2024,348.4,Success,Transaction Approved
TXN_901328,ORD_11222,CUST_2243,PAY_NB,01-04-2024,1079.28,Success,Transaction Approved
TXN_901329,ORD_11223,CUST_2197,PAY_UPI,28-12-2024,965.44,Success,
TXN_901330,ORD_11224,CUST_2264,PAY_AJIO_WALLET,25-08-2024,4647.42,Failed,
TXN_901331,ORD_11224,CUST_2264,PAY_COD,25-08-2024,4647.42,Success,Transaction Approved
TXN_901332,ORD_11225,CUST_2251,PAY_UPI,05-09-2024,918.42,Success,
TXN_901333,ORD_11226,CUST_2152,PAY_UPI,30-05-2024,867.37,Success,Transaction Approved
TXN_901334,ORD_11227,CUST_2229,PAY_AJIO_WALLET,07-01-2024,1899.24,Success,Transaction Approved
TXN_901335,ORD_11228,CUST_2203,PAY_UPI,01-07-2025,2189.45,Success,Transaction Approved
TXN_901336,ORD_11229,CUST_2221,PAY_DC,05-04-2024,798.5,Success,
TXN_901337,ORD_11230,CUST_2021,pay_dc,01-05-2025,1006.74,Success,Transaction Approved
TXN_901338,ORD_11231,CUST_2052,pay_ajio_wallet,22-11-2024,736.14,Success,Transaction Approved
TXN_901339,ORD_11232,CUST_2012,PAY_DC,10-02-2024,3455.34,Success,Transaction Approved
TXN_901340,ORD_11233,CUST_2099,PAY_DC,05-04-2024,2009,Success,Transaction Approved
TXN_901341,ORD_11234,CUST_2192,PAY_CC,18-12-2024,1339.33,  Success   ,Transaction Approved
TXN_901342,ORD_11235,CUST_2024,PAY_CC,01-03-2024,716.96,Success,Transaction Approved
TXN_901343,ORD_11236,CUST_2213,PAY_DC,21-11-2024,763.45,Success,Transaction Approved
TXN_901344,ORD_11237,CUST_2116,PAY_DC,27-05-2024,11694.54,Failed,
TXN_901345,ORD_11237,CUST_2116,PAY_NB,27-05-2024,11694.54,Success,
TXN_901346,ORD_11238,CUST_2216,PAY_DC,10-12-2024,813.49,SUCCESS,
TXN_901347,ORD_11239,CUST_2164,PAY_COD,15-01-2025,724.48,Success,Transaction Approved
TXN_901348,ORD_11240,CUST_2088,PAY_DC,19-10-2024,763.45,Success,Transaction Approved
TXN_901349,ORD_11241,CUST_2288,PAY_CC,07-08-2024,690.71,Success,
TXN_901350,ORD_11242,CUST_2162,PAY_COD,26-10-2024,918.42,Success,
TXN_901351,ORD_11243,CUST_2290,PAY_UPI,09-08-2024,1119.44,Success,
TXN_901352,ORD_11244,CUST_2276,PAY_NB,21-04-2024,2220.55,Success,
TXN_901353,ORD_11245,CUST_2293,PAY_CC,10-08-2024,348.4,Success,Transaction Approved
TXN_901354,ORD_11246,CUST_2112,PAY_NB,07-04-2024,1119.44,SUCCESS,Transaction Approved
TXN_901355,ORD_11247,CUST_2163,PAY_NB,25-07-2024,3043.78,Success,Transaction Approved
TXN_901356,ORD_11248,CUST_2147,PAY_COD,31-03-2024,5643.29,Success,
TXN_901357,ORD_11249,CUST_2273,PAY_COD,20-02-2024,6307.21,Success,
TXN_901358,ORD_11250,CUST_2215,PAY_CC,24-04-2024,1063.47,Success,
TXN_901359,ORD_11251,CUST_2258,PAY_NB,01-12-2024,527.2,Success,Transaction Approved
TXN_901360,ORD_11252,CUST_2086,PAY_COD,07-08-2024,2544.73,Success,Transaction Approved
TXN_901361,ORD_11253,CUST_2200,PAY_CC,01-05-2025,4419.45,Success,  Transaction Approved   
TXN_901362,ORD_11254,CUST_2103,PAY_DC,15-04-2024,1899.24,Success,Transaction Approved
TXN_901363,ORD_11255,CUST_2126,PAY_COD,24-08-2024,763.45,Success,Transaction Approved
TXN_901364,ORD_11256,CUST_2170,PAY_CC,05-02-2024,1832.89,Success,Transaction Approved
TXN_901365,ORD_11257,CUST_2209,PAY_COD,08-01-2024,2264.16,success,
TXN_901366,ORD_11258,CUST_2276,PAY_NB,31-12-2024,3305.17,Success,Transaction Approved
TXN_901367,ORD_11259,CUST_2031,pay_cod,07-05-2024,617.86,Success,Transaction Approved
TXN_901368,ORD_11260,CUST_2262,PAY_COD,23-02-2024,1528.98,Failed,Authentication Failed
TXN_901369,ORD_11260,CUST_2262,PAY_DC,23-02-2024,1528.98,  Success   ,Transaction Approved
TXN_901370,ORD_11261,CUST_2297,PAY_UPI,30-07-2024,826.45,Success,Transaction Approved
TXN_901371,ORD_11262,CUST_2125,PAY_CC,24-11-2024,4095.49,Success,Transaction Approved
TXN_901372,ORD_11263,CUST_2252,PAY_DC,15-08-2024,1309.39,Success,Transaction Approved
TXN_901373,ORD_11264,CUST_2133,PAY_NB,16-03-2024,1339.33,success,Transaction Approved
TXN_901374,ORD_11265,CUST_2114,PAY_NB,06-06-2024,798.5,Success,Transaction Approved
TXN_901375,ORD_11266,CUST_2157,PAY_COD,15-01-2025,1965.84,Success,
TXN_901376,ORD_11267,CUST_2150,PAY_DC,18-04-2024,1024.26,Success,Transaction Approved
TXN_901377,ORD_11268,CUST_2300,PAY_DC,21-09-2024,6535.18,Success,
TXN_901378,ORD_11269,CUST_2088,PAY_CC,06-09-2024,724.48,Success,Transaction Approved
TXN_901379,ORD_11270,CUST_2249,PAY_NB,13-07-2024,813.49,Success,Transaction Approved
TXN_901380,ORD_11271,CUST_2034,PAY_DC,22-05-2024,3228.71,Success,Transaction Approved
TXN_901381,ORD_11272,CUST_2062,PAY_DC,22-11-2024,1528.98,Success,Transaction Approved
TXN_901382,ORD_11273,CUST_2269,PAY_AJIO_WALLET,17-01-2024,798.5,Success,Transaction Approved
TXN_901383,ORD_11274,CUST_2169,PAY_DC,14-01-2025,3261.19,Success,Transaction Approved
TXN_901384,ORD_11275,CUST_2029,PAY_NB,13-01-2025,918.42,Success,Transaction Approved
TXN_901385,ORD_11276,CUST_2126,PAY_AJIO_WALLET,11-07-2024,2043.49,SUCCESS,Transaction Approved
TXN_901386,ORD_11277,CUST_2047,PAY_AJIO_WALLET,03-08-2024,1659.17,SUCCESS,Transaction Approved
TXN_901387,ORD_11278,CUST_2107,PAY_NB,20-02-2024,6568.36,Success,
TXN_901388,ORD_11279,CUST_2027,PAY_AJIO_WALLET,29-02-2024,1899.24,Success,Transaction Approved
TXN_901389,ORD_11280,CUST_2102,PAY_NB,06-02-2024,2957.26,Success,Transaction Approved
TXN_901390,ORD_11281,CUST_2221,PAY_UPI,02-02-2025,1024.26,Success,Transaction Approved
TXN_901391,ORD_11282,CUST_2234,  PAY_COD   ,19-11-2024,5159.35,Success,Transaction Approved
TXN_901392,ORD_11283,CUST_2248,PAY_AJIO_WALLET,29-09-2024,1739.3,Success,Transaction Approved
TXN_901393,ORD_11284,CUST_2288,  PAY_AJIO_WALLET   ,22-01-2025,2174.13,Failed,
TXN_901394,ORD_11284,CUST_2288,pay_dc,22-01-2025,2174.13,Success,Transaction Approved
TXN_901395,ORD_11285,CUST_2164,PAY_COD,02-03-2024,798.5,Success,Transaction Approved
TXN_901396,ORD_11286,CUST_2049,PAY_COD,10-02-2024,2591.35,Success,Transaction Approved
TXN_901397,ORD_11287,CUST_2056,PAY_CC,06-12-2024,867.37,success,
TXN_901398,ORD_11288,CUST_2154,PAY_CC,14-06-2024,2429.39,Success,Transaction Approved
TXN_901399,ORD_11289,CUST_2203,PAY_CC,15-06-2024,19197.6,Success,Transaction Approved
TXN_901400,ORD_11290,CUST_2214,  PAY_DC   ,29-08-2024,867.37,Success,Transaction Approved
TXN_901401,ORD_11291,CUST_2157,PAY_DC,06-06-2024,1804.28,Success,Transaction Approved
TXN_901402,ORD_11292,CUST_2214,PAY_COD,30-06-2024,13758.28,success,Transaction Approved
TXN_901403,ORD_11293,CUST_2234,PAY_UPI,12-04-2024,826.45,Success,Transaction Approved
TXN_901404,ORD_11294,CUST_2192,PAY_COD,13-10-2024,9630.8,success,Transaction Approved
TXN_901405,ORD_11295,CUST_2258,PAY_DC,23-03-2024,1738.84,Success,Transaction Approved
TXN_901406,ORD_11296,CUST_2241,PAY_AJIO_WALLET,27-12-2024,1199.2,Success,Transaction Approved
TXN_901407,ORD_11297,CUST_2193,PAY_UPI,10-02-2024,1139.24,Success,
TXN_901408,ORD_11298,CUST_2146,PAY_CC,31-01-2025,6610.35,Success,Transaction Approved
TXN_901409,ORD_11299,CUST_2078,PAY_NB,08-12-2024,1138.43,Success,Transaction Approved
TXN_901410,ORD_11300,CUST_2280,PAY_DC,29-05-2024,867.37,Success,Transaction Approved
TXN_901411,ORD_11301,CUST_2035,PAY_AJIO_WALLET,07-03-2024,2048.52,Success,Transaction Approved
TXN_901412,ORD_11302,CUST_2110,PAY_COD,19-06-2024,958.3,Failed,User Cancelled
TXN_901413,ORD_11302,CUST_2110,PAY_UPI,19-06-2024,958.3,Success,Transaction Approved
TXN_901414,ORD_11303,CUST_2133,PAY_AJIO_WALLET,24-11-2024,3949.21,  Failed   ,User Cancelled
TXN_901415,ORD_11303,CUST_2133,PAY_CC,24-11-2024,3949.21,Success,Transaction Approved
TXN_901416,ORD_11304,CUST_2250,PAY_NB,19-09-2024,5119.36,Success,Transaction Approved
TXN_901417,ORD_11305,CUST_2224,PAY_DC,21-10-2024,1199.2,Success,Transaction Approved
TXN_901418,ORD_11306,CUST_2039,PAY_NB,19-09-2024,1339.33,Success,Transaction Approved
TXN_901419,ORD_11307,CUST_2240,PAY_CC,08-08-2024,752.12,Success,Transaction Approved
TXN_901420,ORD_11308,CUST_2078,PAY_UPI,22-06-2024,813.49,Success,Transaction Approved
TXN_901421,ORD_11309,CUST_2222,PAY_COD,15-11-2024,798.5,Success,Transaction Approved
TXN_901422,ORD_11310,CUST_2116,PAY_CC,26-10-2024,3038.78,Failed,Network Timeout
TXN_901423,ORD_11310,CUST_2116,PAY_UPI,26-10-2024,3038.78,Success,Transaction Approved
TXN_901424,ORD_11311,CUST_2273,PAY_AJIO_WALLET,21-10-2024,2217.02,Success,
TXN_901425,ORD_11312,CUST_2296,PAY_CC,21-02-2024,493.11,Success,Transaction Approved
TXN_901426,ORD_11313,CUST_2021,pay_nb,16-06-2024,1964.09,Success,Transaction Approved
TXN_901427,ORD_11314,CUST_2107,PAY_CC,29-04-2024,4590.85,Success,Transaction Approved
TXN_901428,ORD_11315,CUST_2014,PAY_COD,07-11-2024,493.11,Success,
TXN_901429,ORD_11316,CUST_2107,PAY_COD,15-04-2024,736.14,Success,Transaction Approved
TXN_901430,ORD_11317,CUST_2064,PAY_NB,03-03-2024,1006.74,Success,Transaction Approved
TXN_901431,ORD_11318,CUST_2062,pay_nb,06-11-2024,1655.45,Failed,Network Timeout
TXN_901432,ORD_11318,CUST_2062,PAY_DC,06-11-2024,1655.45,Success,Transaction Approved
TXN_901433,ORD_11319,CUST_2047,  PAY_DC   ,27-02-2024,3583.55,Success,
TXN_901434,ORD_11320,CUST_2195,PAY_COD,06-07-2024,5119.36,Success,Transaction Approved
TXN_901435,ORD_11321,CUST_2154,PAY_UPI,18-07-2024,2773.31,Success,Transaction Approved
TXN_901436,ORD_11322,CUST_2141,PAY_DC,05-07-2024,1659.17,  Success   ,Transaction Approved
TXN_901437,ORD_11323,CUST_2066,PAY_CC,20-01-2024,2065.42,Success,Transaction Approved
TXN_901438,ORD_11324,CUST_2108,PAY_AJIO_WALLET,31-07-2024,1078.17,Success,Transaction Approved
TXN_901439,ORD_11325,CUST_2090,PAY_CC,12-08-2024,3077.23,Success,Transaction Approved
TXN_901440,ORD_11326,CUST_2057,PAY_UPI,25-07-2024,3583.55,Success,Transaction Approved
TXN_901441,ORD_11327,CUST_2136,PAY_UPI,28-08-2024,1406.24,Success,Transaction Approved
TXN_901442,ORD_11328,CUST_2074,PAY_UPI,11-02-2024,2429.39,Success,Transaction Approved
TXN_901443,ORD_11329,CUST_2052,PAY_CC,02-03-2024,27516.56,Success,Transaction Approved
TXN_901444,ORD_11330,CUST_2238,PAY_NB,11-04-2024,1119.44,Success,Transaction Approved
TXN_901445,ORD_11331,CUST_2244,PAY_DC,10-03-2024,7035.65,Success,
TXN_901446,ORD_11332,CUST_2050,pay_ajio_wallet,22-04-2024,1551.98,Success,
TXN_901447,ORD_11333,CUST_2074,PAY_UPI,25-07-2024,8319.92,failed,Authentication Failed
TXN_901448,ORD_11333,CUST_2074,PAY_AJIO_WALLET,25-07-2024,8319.92,Success,Transaction Approved
TXN_901449,ORD_11334,CUST_2054,PAY_DC,06-03-2024,4962.76,Success,Transaction Approved
TXN_901450,ORD_11335,CUST_2237,PAY_NB,16-05-2024,763.45,SUCCESS,Transaction Approved
TXN_901451,ORD_11336,CUST_2192,PAY_NB,18-01-2024,727.73,Success,transaction approved
TXN_901452,ORD_11337,CUST_2102,PAY_CC,05-01-2024,912.83,Success,Transaction Approved
TXN_901453,ORD_11338,CUST_2006,PAY_COD,22-10-2024,1339.33,Success,
TXN_901454,ORD_11339,CUST_2110,PAY_DC,16-01-2025,918.42,Success,Transaction Approved
TXN_901455,ORD_11340,CUST_2264,PAY_DC,09-06-2024,2753.31,Success,
TXN_901456,ORD_11341,CUST_2050,PAY_DC,02-04-2025,763.45,Success,Transaction Approved
TXN_901457,ORD_11342,CUST_2014,PAY_UPI,26-02-2024,4419.45,Success,Transaction Approved
TXN_901458,ORD_11343,CUST_2152,PAY_DC,10-10-2024,1421.15,Success,Transaction Approved
TXN_901459,ORD_11344,CUST_2259,PAY_NB,14-12-2024,1545.81,success,Transaction Approved
TXN_901460,ORD_11345,CUST_2102,PAY_DC,18-03-2024,2488.75,Success,Transaction Approved
TXN_901461,ORD_11346,CUST_2269,PAY_NB,21-12-2024,1199.2,Success,
TXN_901462,ORD_11347,CUST_2082,PAY_CC,11-12-2024,6610.35,Success,Transaction Approved
TXN_901463,ORD_11348,CUST_2078,PAY_COD,24-07-2024,4419.45,Success,Transaction Approved
TXN_901464,ORD_11349,CUST_2268,PAY_COD,01-04-2025,1119.44,Success,  Transaction Approved   
TXN_901465,ORD_11350,CUST_2129,PAY_AJIO_WALLET,01-10-2025,1079.28,Success,Transaction Approved
TXN_901466,ORD_11351,CUST_2035,PAY_COD,23-03-2024,1019.32,  Success   ,Transaction Approved
TXN_901467,ORD_11352,CUST_2082,  PAY_COD   ,28-06-2024,813.49,Success,Transaction Approved
TXN_901468,ORD_11353,CUST_2142,PAY_COD,26-10-2024,493.11,Failed,User Cancelled
TXN_901469,ORD_11353,CUST_2142,PAY_NB,26-10-2024,493.11,Success,  Transaction Approved   
TXN_901470,ORD_11354,CUST_2228,PAY_DC,01-03-2024,493.11,Success,
TXN_901471,ORD_11355,CUST_2053,PAY_NB,08-12-2024,1636.74,  Success   ,Transaction Approved
TXN_901472,ORD_11356,CUST_2278,PAY_COD,21-01-2025,2820.59,Success,Transaction Approved
TXN_901473,ORD_11357,CUST_2021,PAY_DC,08-06-2024,736.14,Success,Transaction Approved
TXN_901474,ORD_11358,CUST_2250,PAY_CC,01-09-2025,2455.11,Success,Transaction Approved
TXN_901475,ORD_11359,CUST_2186,PAY_AJIO_WALLET,08-09-2024,2043.49,Success,Transaction Approved
TXN_901476,ORD_11360,CUST_2054,PAY_DC,05-08-2024,1024.26,Failed,Insufficient Funds
TXN_901477,ORD_11360,CUST_2054,PAY_COD,05-08-2024,1024.26,Success,Transaction Approved
TXN_901478,ORD_11361,CUST_2215,PAY_DC,21-02-2024,763.45,Success,Transaction Approved
TXN_901479,ORD_11362,CUST_2254,PAY_COD,02-03-2025,2773.31,SUCCESS,Transaction Approved
TXN_901480,ORD_11363,CUST_2290,PAY_NB,04-11-2024,701.78,Success,TRANSACTION APPROVED
TXN_901481,ORD_11364,CUST_2051,PAY_UPI,12-10-2024,1138.43,Success,Transaction Approved
TXN_901482,ORD_11365,CUST_2202,  PAY_UPI   ,13-08-2024,1079.28,Success,Transaction Approved
TXN_901483,ORD_11366,CUST_2268,PAY_AJIO_WALLET,12-08-2024,1139.24,Success,Transaction Approved
TXN_901484,ORD_11367,CUST_2093,PAY_DC,30-07-2024,13758.28,Success,TRANSACTION APPROVED
TXN_901485,ORD_11368,CUST_2130,PAY_AJIO_WALLET,05-07-2024,724.48,Success,Transaction Approved
TXN_901486,ORD_11369,CUST_2025,PAY_AJIO_WALLET,23-03-2024,1804.28,Success,TRANSACTION APPROVED
TXN_901487,ORD_11370,CUST_2281,PAY_AJIO_WALLET,02-03-2025,1528.98,Success,Transaction Approved
TXN_901488,ORD_11371,CUST_2046,PAY_NB,26-04-2024,2848.86,Success,Transaction Approved
TXN_901489,ORD_11372,CUST_2052,PAY_UPI,14-11-2024,3077.23,Success,Transaction Approved
TXN_901490,ORD_11373,CUST_2196,PAY_AJIO_WALLET,08-12-2024,4590.85,Success,Transaction Approved
TXN_901491,ORD_11374,CUST_2087,PAY_UPI,16-09-2024,1614.35,Success,
TXN_901492,ORD_11375,CUST_2152,PAY_NB,22-12-2024,867.37,Success,
TXN_901493,ORD_11376,CUST_2047,PAY_AJIO_WALLET,15-03-2024,1079.28,Success,
TXN_901494,ORD_11377,CUST_2204,PAY_COD,01-11-2025,493.11,Success,Transaction Approved
TXN_901495,ORD_11378,CUST_2043,PAY_COD,20-03-2024,9496.2,Success,Transaction Approved
TXN_901496,ORD_11379,CUST_2014,  PAY_AJIO_WALLET   ,25-04-2024,1758.91,Success,Transaction Approved
TXN_901497,ORD_11380,CUST_2111,PAY_DC,11-09-2024,937.22,Success,Transaction Approved
TXN_901498,ORD_11381,CUST_2213,PAY_NB,22-09-2024,4419.45,Success,
TXN_901499,ORD_11382,CUST_2295,PAY_COD,07-05-2024,761.02,Success,Transaction Approved
TXN_901500,ORD_11383,CUST_2187,PAY_CC,02-09-2024,798.5,Success,
TXN_901501,ORD_11384,CUST_2127,PAY_NB,16-09-2024,4351.46,Success,Transaction Approved
TXN_901502,ORD_11385,CUST_2054,PAY_NB,01-02-2025,4351.46,Success,Transaction Approved
TXN_901503,ORD_11386,CUST_2284,PAY_COD,28-01-2024,5311.34,success,Transaction Approved
TXN_901504,ORD_11387,CUST_2255,PAY_UPI,17-08-2024,1138.43,Success,Transaction Approved
TXN_901505,ORD_11388,CUST_2178,PAY_AJIO_WALLET,30-06-2024,7035.65,SUCCESS,Transaction Approved
TXN_901506,ORD_11389,CUST_2142,PAY_AJIO_WALLET,09-08-2024,2678.66,Failed,
TXN_901507,ORD_11389,CUST_2142,PAY_UPI,09-08-2024,2678.66,Success,Transaction Approved
TXN_901508,ORD_11390,CUST_2069,PAY_AJIO_WALLET,22-12-2024,736.14,Success,
TXN_901509,ORD_11391,CUST_2120,PAY_NB,10-03-2024,1339.33,Success,Transaction Approved
TXN_901510,ORD_11392,CUST_2004,PAY_AJIO_WALLET,31-01-2025,752.12,Success,Transaction Approved
TXN_901511,ORD_11393,CUST_2272,PAY_CC,11-03-2024,2126.94,Success,Transaction Approved
TXN_901512,ORD_11394,CUST_2016,PAY_COD,15-02-2024,2178.8,Success,Transaction Approved
TXN_901513,ORD_11395,CUST_2294,PAY_COD,30-08-2024,2158.56,Success,Transaction Approved
TXN_901514,ORD_11396,CUST_2094,PAY_DC,05-09-2024,2957.26,Failed,Network Timeout
TXN_901515,ORD_11396,CUST_2094,PAY_UPI,05-09-2024,2957.26,Success,Transaction Approved
TXN_901516,ORD_11397,CUST_2134,PAY_CC,20-11-2024,736.14,Success,Transaction Approved
TXN_901517,ORD_11398,CUST_2049,PAY_UPI,10-12-2024,1630.6,Success,Transaction Approved
TXN_901518,ORD_11399,CUST_2049,PAY_NB,15-07-2024,958.3,Success,Transaction Approved
TXN_901519,ORD_11400,CUST_2291,PAY_UPI,13-11-2024,1138.43,Success,Transaction Approved
TXN_901520,ORD_11401,CUST_2112,PAY_AJIO_WALLET,20-10-2024,1722.47,Success,Transaction Approved
TXN_901521,ORD_11402,CUST_2091,PAY_COD,10-02-2024,4348.26,Success,Transaction Approved
TXN_901522,ORD_11403,CUST_2160,PAY_UPI,29-10-2024,2591.35,Success,Transaction Approved
TXN_901523,ORD_11404,CUST_2052,PAY_NB,21-06-2024,5276.74,  Success   ,Transaction Approved
TXN_901524,ORD_11405,CUST_2281,PAY_COD,02-03-2024,6639.17,Success,Transaction Approved
TXN_901525,ORD_11406,CUST_2073,PAY_COD,22-01-2024,2481.38,Success,Transaction Approved
TXN_901526,ORD_11407,CUST_2246,PAY_AJIO_WALLET,29-10-2024,9726.78,Success,
TXN_901527,ORD_11408,CUST_2047,PAY_DC,25-12-2024,763.45,SUCCESS,Transaction Approved
TXN_901528,ORD_11409,CUST_2280,PAY_DC,25-01-2025,813.49,  Success   ,Transaction Approved
TXN_901529,ORD_11410,CUST_2219,PAY_COD,09-08-2024,736.14,Success,transaction approved
TXN_901530,ORD_11411,CUST_2248,PAY_DC,29-01-2025,1406.24,Success,Transaction Approved
TXN_901531,ORD_11412,CUST_2029,PAY_UPI,06-06-2024,3696.02,Success,Transaction Approved
TXN_901532,ORD_11413,CUST_2293,PAY_AJIO_WALLET,30-09-2024,4159.48,Failed,
TXN_901533,ORD_11413,CUST_2293,PAY_AJIO_WALLET,30-09-2024,4159.48,SUCCESS,Transaction Approved
TXN_901534,ORD_11414,CUST_2156,PAY_DC,16-12-2024,1374.28,Failed,Network Timeout
TXN_901535,ORD_11414,CUST_2156,PAY_UPI,16-12-2024,1374.28,Success,Transaction Approved
TXN_901536,ORD_11415,CUST_2269,PAY_NB,23-01-2024,1078.17,  Success   ,Transaction Approved
TXN_901537,ORD_11416,CUST_2096,PAY_AJIO_WALLET,14-04-2024,798.5,Success,Transaction Approved
TXN_901538,ORD_11417,CUST_2008,PAY_COD,29-02-2024,1019.32,Success,Transaction Approved
TXN_901539,ORD_11418,CUST_2124,PAY_DC,26-04-2024,1821.85,Success,Transaction Approved
TXN_901540,ORD_11419,CUST_2206,PAY_CC,12-08-2024,2698.2,Success,
TXN_901541,ORD_11420,CUST_2217,PAY_AJIO_WALLET,30-11-2024,727.73,Success,Transaction Approved
TXN_901542,ORD_11421,CUST_2006,PAY_COD,04-07-2024,1119.44,Success,Transaction Approved
TXN_901543,ORD_11422,CUST_2006,PAY_COD,17-08-2024,813.49,Success,Transaction Approved
TXN_901544,ORD_11423,CUST_2115,PAY_UPI,09-07-2024,552.37,  Success   ,Transaction Approved
TXN_901545,ORD_11424,CUST_2168,PAY_DC,21-12-2024,912.83,Success,Transaction Approved
TXN_901546,ORD_11425,CUST_2147,PAY_NB,03-02-2024,647.8,Failed,AUTHENTICATION FAILED
TXN_901547,ORD_11425,CUST_2147,PAY_CC,02-03-2024,647.8,SUCCESS,Transaction Approved
TXN_901548,ORD_11426,CUST_2104,PAY_COD,19-01-2024,552.37,Success,
TXN_901549,ORD_11427,CUST_2058,  PAY_COD   ,21-12-2024,2481.38,Success,Transaction Approved
TXN_901550,ORD_11428,CUST_2190,PAY_CC,22-01-2024,1825.78,Success,
TXN_901551,ORD_11429,CUST_2097,pay_ajio_wallet,01-08-2024,867.37,Success,Transaction Approved
TXN_901552,ORD_11430,CUST_2129,PAY_DC,25-11-2024,2267.43,Success,Transaction Approved
TXN_901553,ORD_11431,CUST_2079,PAY_UPI,04-09-2024,348.4,  Success   ,
TXN_901554,ORD_11432,CUST_2225,PAY_COD,11-04-2024,6879.14,SUCCESS,Transaction Approved
TXN_901555,ORD_11433,CUST_2083,PAY_DC,02-03-2024,493.11,Success,Transaction Approved
TXN_901556,ORD_11434,CUST_2009,PAY_CC,07-08-2024,716.96,  Success   ,Transaction Approved
TXN_901557,ORD_11435,CUST_2054,PAY_UPI,30-01-2024,1428.9,success,Transaction Approved
TXN_901558,ORD_11436,CUST_2062,  PAY_AJIO_WALLET   ,02-07-2024,1078.17,Success,Transaction Approved
TXN_901559,ORD_11437,CUST_2244,PAY_AJIO_WALLET,11-11-2024,2267.43,Success,  Transaction Approved   
TXN_901560,ORD_11438,CUST_2122,PAY_NB,21-11-2024,763.45,Success,Transaction Approved
TXN_901561,ORD_11439,CUST_2079,PAY_DC,22-11-2024,2956.03,Success,Transaction Approved
TXN_901562,ORD_11440,CUST_2199,PAY_CC,08-09-2024,3159.37,SUCCESS,Transaction Approved
TXN_901563,ORD_11441,CUST_2236,PAY_NB,03-05-2024,1000.52,Success,Transaction Approved
TXN_901564,ORD_11442,CUST_2208,PAY_COD,15-08-2024,1119.44,Success,Transaction Approved
TXN_901565,ORD_11443,CUST_2173,PAY_COD,15-04-2024,1614.35,  Success   ,Transaction Approved
TXN_901566,ORD_11444,CUST_2098,PAY_AJIO_WALLET,07-05-2024,1272.36,Success,Transaction Approved
TXN_901567,ORD_11445,CUST_2210,PAY_DC,28-08-2024,724.48,Success,Transaction Approved
TXN_901568,ORD_11446,CUST_2232,PAY_NB,21-04-2024,348.4,Success,  Transaction Approved   
TXN_901569,ORD_11447,CUST_2081,PAY_NB,14-08-2024,763.45,Success,
TXN_901570,ORD_11448,CUST_2198,PAY_CC,14-12-2024,2142.93,Success,transaction approved
TXN_901571,ORD_11449,CUST_2206,PAY_CC,27-08-2024,2276.86,Success,Transaction Approved
TXN_901572,ORD_11450,CUST_2067,PAY_COD,25-01-2025,867.37,success,Transaction Approved
TXN_901573,ORD_11451,CUST_2019,PAY_UPI,28-01-2024,1428.9,Success,Transaction Approved
TXN_901574,ORD_11452,CUST_2161,PAY_DC,19-04-2024,5506.62,Success,
TXN_901575,ORD_11453,CUST_2186,PAY_DC,16-08-2024,752.12,Success,Transaction Approved
TXN_901576,ORD_11454,CUST_2090,PAY_UPI,18-03-2024,348.4,Success,Transaction Approved
TXN_901577,ORD_11455,CUST_2273,PAY_COD,17-11-2024,2753.31,Success,Transaction Approved
TXN_901578,ORD_11456,CUST_2144,PAY_CC,16-03-2024,1079.28,Failed,Authentication Failed
TXN_901579,ORD_11456,CUST_2144,PAY_CC,16-03-2024,1079.28,Success,Transaction Approved
TXN_901580,ORD_11457,CUST_2021,PAY_COD,28-03-2024,493.11,Success,
TXN_901581,ORD_11458,CUST_2186,PAY_NB,01-11-2024,7288.18,Success,Transaction Approved
TXN_901582,ORD_11459,CUST_2291,PAY_DC,02-05-2024,724.48,Success,Transaction Approved
TXN_901583,ORD_11460,CUST_2154,PAY_CC,12-08-2024,2857.8,Success,Transaction Approved
TXN_901584,ORD_11461,CUST_2165,PAY_UPI,09-10-2024,348.4,Success,Transaction Approved
TXN_901585,ORD_11462,CUST_2214,PAY_DC,23-09-2024,958.3,Success,transaction approved
TXN_901586,ORD_11463,CUST_2086,PAY_CC,17-08-2024,1139.24,  Success   ,Transaction Approved
TXN_901587,ORD_11464,CUST_2140,PAY_AJIO_WALLET,19-06-2024,1659.17,Success,Transaction Approved
TXN_901588,ORD_11465,CUST_2006,PAY_UPI,28-08-2024,1327.34,Failed,User Cancelled
TXN_901589,ORD_11465,CUST_2006,PAY_NB,28-08-2024,1327.34,Success,
TXN_901590,ORD_11466,CUST_2139,PAY_DC,08-05-2024,1726.85,Success,TRANSACTION APPROVED
TXN_901591,ORD_11467,CUST_2068,PAY_DC,24-05-2024,724.48,  Success   ,Transaction Approved
TXN_901592,ORD_11468,CUST_2231,PAY_UPI,17-09-2024,3077.23,Success,Transaction Approved
TXN_901593,ORD_11469,CUST_2066,PAY_UPI,07-10-2024,4351.46,Success,Transaction Approved
TXN_901594,ORD_11470,CUST_2122,PAY_UPI,01-12-2025,1636.74,Success,
TXN_901595,ORD_11471,CUST_2037,PAY_AJIO_WALLET,18-06-2024,493.11,Success,TRANSACTION APPROVED
TXN_901596,ORD_11472,CUST_2063,PAY_CC,02-11-2024,1019.32,Success,
TXN_901597,ORD_11473,CUST_2047,PAY_AJIO_WALLET,01-02-2025,5847.27,Success,transaction approved
TXN_901598,ORD_11474,CUST_2272,PAY_CC,11-05-2024,3115.22,Success,  Transaction Approved   
TXN_901599,ORD_11475,CUST_2032,PAY_NB,04-11-2024,918.42,Success,transaction approved
TXN_901600,ORD_11476,CUST_2278,PAY_AJIO_WALLET,02-08-2024,1339.33,Success,
TXN_901601,ORD_11477,CUST_2165,PAY_CC,30-10-2024,867.37,Success,Transaction Approved
TXN_901602,ORD_11478,CUST_2260,pay_cc,25-06-2024,813.49,Success,
TXN_901603,ORD_11479,CUST_2129,PAY_CC,09-09-2024,947.2,Success,transaction approved
TXN_901604,ORD_11480,CUST_2031,PAY_COD,01-01-2025,752.12,Success,Transaction Approved
TXN_901605,ORD_11481,CUST_2046,  PAY_DC   ,13-12-2024,1804.28,Success,Transaction Approved
TXN_901606,ORD_11482,CUST_2164,PAY_AJIO_WALLET,06-02-2024,918.42,Success,Transaction Approved
TXN_901607,ORD_11483,CUST_2098,PAY_CC,28-07-2024,5838.54,Success,Transaction Approved
TXN_901608,ORD_11484,CUST_2167,PAY_COD,25-08-2024,2267.43,Success,Transaction Approved
TXN_901609,ORD_11485,CUST_2198,PAY_CC,19-11-2024,1119.44,Success,
TXN_901610,ORD_11486,CUST_2008,PAY_AJIO_WALLET,04-04-2024,1000.52,Success,
TXN_901611,ORD_11487,CUST_2201,PAY_DC,09-11-2024,1655.45,Success,Transaction Approved
TXN_901612,ORD_11488,CUST_2282,PAY_CC,09-12-2024,2764.45,Failed,Insufficient Funds
TXN_901613,ORD_11488,CUST_2282,PAY_AJIO_WALLET,09-12-2024,2764.45,  Success   ,Transaction Approved
TXN_901614,ORD_11489,CUST_2082,PAY_UPI,02-04-2024,3310.9,Success,
TXN_901615,ORD_11490,CUST_2149,PAY_NB,08-01-2024,493.11,Success,Transaction Approved
TXN_901616,ORD_11491,CUST_2158,PAY_DC,12-11-2024,775.27,  Success   ,Transaction Approved
TXN_901617,ORD_11492,CUST_2067,  PAY_DC   ,18-12-2024,2065.42,Success,Transaction Approved
TXN_901618,ORD_11493,CUST_2243,PAY_COD,17-04-2024,552.37,success,Transaction Approved
TXN_901619,ORD_11494,CUST_2161,PAY_COD,22-10-2024,813.49,Success,  Transaction Approved   
TXN_901620,ORD_11495,CUST_2066,PAY_AJIO_WALLET,27-04-2024,1899.24,Success,Transaction Approved
TXN_901621,ORD_11496,CUST_2128,pay_cod,18-02-2024,4138.62,Success,Transaction Approved
TXN_901622,ORD_11497,CUST_2165,PAY_COD,01-07-2025,552.37,Success,
TXN_901623,ORD_11498,CUST_2200,PAY_DC,02-02-2025,826.45,Success,
TXN_901624,ORD_11499,CUST_2115,PAY_DC,09-04-2024,813.49,Success,
TXN_901625,ORD_11500,CUST_2140,PAY_DC,04-12-2024,1899.24,Success,
TXN_901626,ORD_11501,CUST_2062,PAY_UPI,25-09-2024,348.4,Success,
TXN_901627,ORD_11502,CUST_2193,PAY_UPI,14-03-2024,1119.44,Success,Transaction Approved
TXN_901628,ORD_11503,CUST_2216,PAY_COD,14-07-2024,552.37,Success,Transaction Approved
TXN_901629,ORD_11504,CUST_2228,PAY_UPI,04-11-2024,867.37,Success,Transaction Approved
TXN_901630,ORD_11505,CUST_2084,PAY_DC,16-06-2024,1339.33,  Success   ,Transaction Approved
TXN_901631,ORD_11506,CUST_2073,PAY_AJIO_WALLET,17-11-2024,1899.24,Success,  Transaction Approved   
TXN_901632,ORD_11507,CUST_2203,PAY_NB,14-06-2024,1818.6,Success,Transaction Approved
TXN_901633,ORD_11508,CUST_2021,PAY_UPI,03-08-2024,761.02,Success,Transaction Approved
TXN_901634,ORD_11509,CUST_2035,PAY_UPI,31-12-2024,493.11,Success,Transaction Approved
TXN_901635,ORD_11510,CUST_2185,PAY_UPI,02-05-2024,724.48,Success,Transaction Approved
TXN_901636,ORD_11511,CUST_2032,PAY_AJIO_WALLET,10-07-2024,3043.78,Success,Transaction Approved
TXN_901637,ORD_11512,CUST_2230,PAY_DC,26-11-2024,958.3,Success,
TXN_901638,ORD_11513,CUST_2027,PAY_AJIO_WALLET,22-01-2024,1299.63,Success,
TXN_901639,ORD_11514,CUST_2079,PAY_NB,22-01-2025,1078.17,Success,Transaction Approved
TXN_901640,ORD_11515,CUST_2010,PAY_DC,31-12-2024,2174.13,Success,Transaction Approved
TXN_901641,ORD_11516,CUST_2035,pay_nb,25-10-2024,1199.2,Success,Transaction Approved
TXN_901642,ORD_11517,CUST_2042,PAY_DC,25-03-2024,1339.33,Success,Transaction Approved
TXN_901643,ORD_11518,CUST_2275,  PAY_AJIO_WALLET   ,16-05-2024,6535.18,Failed,
TXN_901644,ORD_11518,CUST_2275,pay_cc,16-05-2024,6535.18,Success,Transaction Approved
TXN_901645,ORD_11519,CUST_2199,PAY_CC,04-10-2024,2045.92,success,Transaction Approved
TXN_901646,ORD_11520,CUST_2202,  PAY_DC   ,11-04-2024,2435.39,Success,Transaction Approved
TXN_901647,ORD_11521,CUST_2208,PAY_UPI,24-02-2024,3279.18,Success,
TXN_901648,ORD_11522,CUST_2292,PAY_DC,30-10-2024,1576.21,Success,Transaction Approved
TXN_901649,ORD_11523,CUST_2028,pay_cc,05-09-2024,813.49,Success,Transaction Approved
TXN_901650,ORD_11524,CUST_2159,PAY_CC,01-03-2025,11006.62,Success,Transaction Approved
TXN_901651,ORD_11525,CUST_2235,PAY_CC,11-01-2024,1374.28,Success,
TXN_901652,ORD_11526,CUST_2128,PAY_UPI,13-11-2024,1006.74,Success,Transaction Approved
TXN_901653,ORD_11527,CUST_2141,PAY_DC,17-10-2024,2267.43,Success,Transaction Approved
TXN_901654,ORD_11528,CUST_2189,PAY_CC,07-09-2024,2295.43,Success,Transaction Approved
TXN_901655,ORD_11529,CUST_2012,PAY_UPI,14-05-2024,947.2,Success,  Transaction Approved   
TXN_901656,ORD_11530,CUST_2105,PAY_AJIO_WALLET,16-01-2024,3305.17,Success,Transaction Approved
TXN_901657,ORD_11531,CUST_2058,PAY_CC,23-10-2024,552.37,Success,Transaction Approved
TXN_901658,ORD_11532,CUST_2139,PAY_NB,20-12-2024,4815.4,failed,
TXN_901659,ORD_11532,CUST_2139,PAY_CC,20-12-2024,4815.4,Success,Transaction Approved
TXN_901660,ORD_11533,CUST_2204,PAY_UPI,26-08-2024,763.45,Success,transaction approved
TXN_901661,ORD_11534,CUST_2007,PAY_UPI,29-01-2025,2544.73,Success,Transaction Approved
TXN_901662,ORD_11535,CUST_2246,PAY_DC,04-06-2024,3279.18,Success,
TXN_901663,ORD_11536,CUST_2001,PAY_NB,25-12-2024,1528.98,Success,Transaction Approved
TXN_901664,ORD_11537,CUST_2025,PAY_UPI,29-08-2024,348.4,Success,Transaction Approved
TXN_901665,ORD_11538,CUST_2191,PAY_NB,23-11-2024,1410.29,Success,Transaction Approved
TXN_901666,ORD_11539,CUST_2298,PAY_COD,16-03-2024,1374.28,Success,Transaction Approved
TXN_901667,ORD_11540,CUST_2254,PAY_COD,14-02-2024,763.45,Success,
TXN_901668,ORD_11541,CUST_2071,  PAY_DC   ,20-01-2025,3608.56,Success,
TXN_901669,ORD_11542,CUST_2085,PAY_DC,16-11-2024,798.5,Success,Transaction Approved
TXN_901670,ORD_11543,CUST_2277,pay_ajio_wallet,20-10-2024,2599.27,Success,Transaction Approved
TXN_901671,ORD_11544,CUST_2106,PAY_COD,27-02-2024,6639.17,Success,
TXN_901672,ORD_11545,CUST_2267,PAY_UPI,12-06-2024,5566.61,Success,Transaction Approved
TXN_901673,ORD_11546,CUST_2172,PAY_DC,07-10-2024,5897.53,SUCCESS,Transaction Approved
TXN_901674,ORD_11547,CUST_2268,PAY_COD,18-01-2025,763.45,Success,Transaction Approved
TXN_901675,ORD_11548,CUST_2055,PAY_AJIO_WALLET,21-12-2024,4086.98,Failed,
TXN_901676,ORD_11548,CUST_2055,PAY_COD,21-12-2024,4086.98,Success,Transaction Approved
TXN_901677,ORD_11549,CUST_2259,PAY_COD,21-12-2024,4351.46,Success,Transaction Approved
TXN_901678,ORD_11550,CUST_2208,PAY_CC,04-07-2024,348.4,Success,Transaction Approved
TXN_901679,ORD_11551,CUST_2152,PAY_CC,05-09-2024,13220.69,Success,Transaction Approved
TXN_901680,ORD_11552,CUST_2217,PAY_COD,02-06-2024,724.48,Success,Transaction Approved
TXN_901681,ORD_11553,CUST_2107,PAY_NB,21-11-2024,348.4,Success,Transaction Approved
TXN_901682,ORD_11554,CUST_2252,PAY_DC,24-12-2024,1918.72,Success,Transaction Approved
TXN_901683,ORD_11555,CUST_2197,PAY_UPI,13-11-2024,2455.11,Success,Transaction Approved
TXN_901684,ORD_11556,CUST_2252,PAY_UPI,14-02-2024,4815.4,Success,Transaction Approved
TXN_901685,ORD_11557,CUST_2048,PAY_AJIO_WALLET,18-02-2024,527.2,Success,Transaction Approved
TXN_901686,ORD_11558,CUST_2173,PAY_COD,10-09-2024,2919.27,Success,Transaction Approved
TXN_901687,ORD_11559,CUST_2211,PAY_AJIO_WALLET,12-11-2024,8871.78,Success,
TXN_901688,ORD_11560,CUST_2228,PAY_CC,16-10-2024,1006.74,Success,Transaction Approved
TXN_901689,ORD_11561,CUST_2275,PAY_UPI,23-12-2024,813.49,Failed,User Cancelled
TXN_901690,ORD_11561,CUST_2275,PAY_NB,23-12-2024,813.49,Success,Transaction Approved
TXN_901691,ORD_11562,CUST_2232,PAY_CC,18-06-2024,348.4,success,Transaction Approved
TXN_901692,ORD_11563,CUST_2080,PAY_CC,03-01-2024,9294.84,Success,
TXN_901693,ORD_11564,CUST_2091,PAY_UPI,23-06-2024,867.37,Success,Transaction Approved
TXN_901694,ORD_11565,CUST_2253,PAY_COD,29-02-2024,2773.31,Success,Transaction Approved
TXN_901695,ORD_11566,CUST_2068,PAY_NB,06-07-2024,1659.17,Success,Transaction Approved
TXN_901696,ORD_11567,CUST_2269,PAY_DC,08-02-2024,761.02,Success,transaction approved
TXN_901697,ORD_11568,CUST_2224,PAY_COD,14-05-2024,5199.35,Success,Transaction Approved
TXN_901698,ORD_11569,CUST_2206,PAY_CC,23-03-2024,1848.01,Success,  Transaction Approved   
TXN_901699,ORD_11570,CUST_2101,PAY_NB,09-01-2024,2782.14,Failed,Network Timeout
TXN_901700,ORD_11570,CUST_2101,PAY_COD,01-09-2024,2782.14,Success,Transaction Approved
TXN_901701,ORD_11571,CUST_2095,PAY_UPI,13-04-2024,1339.33,Success,TRANSACTION APPROVED
TXN_901702,ORD_11572,CUST_2201,PAY_UPI,27-02-2024,5159.35,Success,Transaction Approved
TXN_901703,ORD_11573,CUST_2300,PAY_DC,05-04-2024,3696.02,Failed,
TXN_901704,ORD_11573,CUST_2300,PAY_NB,05-04-2024,3696.02,SUCCESS,Transaction Approved
TXN_901705,ORD_11574,CUST_2097,PAY_COD,29-03-2024,763.45,SUCCESS,Transaction Approved
TXN_901706,ORD_11575,CUST_2278,PAY_UPI,18-09-2024,1832.89,Failed,insufficient funds
TXN_901707,ORD_11575,CUST_2278,PAY_DC,18-09-2024,1832.89,Success,
TXN_901708,ORD_11576,CUST_2035,PAY_UPI,16-11-2024,3103.97,Success,Transaction Approved
TXN_901709,ORD_11577,CUST_2186,PAY_DC,08-09-2024,4086.98,Success,Transaction Approved
TXN_901710,ORD_11578,CUST_2203,PAY_AJIO_WALLET,19-07-2024,6535.18,Success,Transaction Approved
TXN_901711,ORD_11579,CUST_2116,PAY_CC,17-09-2024,1659.17,Success,Transaction Approved
TXN_901712,ORD_11580,CUST_2081,PAY_NB,02-08-2024,2335.42,Success,Transaction Approved
TXN_901713,ORD_11581,CUST_2214,PAY_UPI,15-03-2024,527.2,Success,Transaction Approved
TXN_901714,ORD_11582,CUST_2143,PAY_COD,23-06-2024,1305.57,Success,Transaction Approved
TXN_901715,ORD_11583,CUST_2168,PAY_COD,22-01-2025,2429.39,Success,Transaction Approved
TXN_901716,ORD_11584,CUST_2287,PAY_NB,20-10-2024,2429.39,Success,Transaction Approved
TXN_901717,ORD_11585,CUST_2047,PAY_DC,19-11-2024,1079.28,Success,Transaction Approved
TXN_901718,ORD_11586,CUST_2138,  PAY_DC   ,06-09-2024,7288.18,Success,Transaction Approved
TXN_901719,ORD_11587,CUST_2290,PAY_DC,22-09-2024,2787.3,Success,Transaction Approved
TXN_901720,ORD_11588,CUST_2136,PAY_AJIO_WALLET,11-09-2024,1335.93,Success,Transaction Approved
TXN_901721,ORD_11589,CUST_2152,PAY_AJIO_WALLET,10-10-2024,2623.34,Success,Transaction Approved
TXN_901722,ORD_11590,CUST_2237,PAY_CC,29-05-2024,1339.33,Success,Transaction Approved
TXN_901723,ORD_11591,CUST_2173,PAY_AJIO_WALLET,19-07-2024,1818.6,Success,Transaction Approved
TXN_901724,ORD_11592,CUST_2291,PAY_DC,02-06-2024,918.42,Success,Transaction Approved
TXN_901725,ORD_11593,CUST_2193,  PAY_COD   ,05-10-2024,6639.17,Success,Transaction Approved
TXN_901726,ORD_11594,CUST_2282,PAY_DC,04-11-2024,1339.33,Success,
TXN_901727,ORD_11595,CUST_2219,PAY_NB,17-07-2024,813.49,Success,  Transaction Approved   
TXN_901728,ORD_11596,CUST_2093,PAY_UPI,22-05-2024,3479.13,Success,TRANSACTION APPROVED
TXN_901729,ORD_11597,CUST_2138,PAY_UPI,14-04-2024,1265.71,Success,
TXN_901730,ORD_11598,CUST_2291,PAY_UPI,01-03-2025,1199.2,Success,Transaction Approved
TXN_901731,ORD_11599,CUST_2124,pay_nb,16-05-2024,2189.45,Success,Transaction Approved
TXN_901732,ORD_11600,CUST_2122,PAY_NB,22-04-2024,937.22,Success,Transaction Approved
TXN_901733,ORD_11601,CUST_2197,PAY_NB,16-02-2024,6558.36,Success,Transaction Approved
TXN_901734,ORD_11602,CUST_2139,PAY_UPI,27-07-2024,5119.36,Success,Transaction Approved
TXN_901735,ORD_11603,CUST_2085,  PAY_CC   ,02-05-2024,798.5,Success,Transaction Approved
TXN_901736,ORD_11604,CUST_2297,PAY_COD,21-02-2024,1078.17,Success,Transaction Approved
TXN_901737,ORD_11605,CUST_2228,PAY_AJIO_WALLET,19-01-2025,918.42,Success,Transaction Approved
TXN_901738,ORD_11606,CUST_2140,PAY_AJIO_WALLET,25-09-2024,2295.43,SUCCESS,Transaction Approved
TXN_901739,ORD_11607,CUST_2256,PAY_COD,07-09-2024,3043.78,Success,  Transaction Approved   
TXN_901740,ORD_11608,CUST_2194,PAY_COD,29-06-2024,958.3,Success,Transaction Approved
TXN_901741,ORD_11609,CUST_2149,PAY_COD,13-01-2024,1686.38,SUCCESS,Transaction Approved
TXN_901742,ORD_11610,CUST_2125,PAY_UPI,01-12-2024,813.49,Success,Transaction Approved
TXN_901743,ORD_11611,CUST_2185,PAY_COD,08-05-2024,736.14,Success,Transaction Approved
TXN_901744,ORD_11612,CUST_2179,PAY_DC,27-03-2024,4670.83,Success,Transaction Approved
TXN_901745,ORD_11613,CUST_2265,PAY_CC,07-05-2024,1406.24,Success,Transaction Approved
TXN_901746,ORD_11614,CUST_2047,PAY_CC,10-10-2024,1079.28,Success,
TXN_901747,ORD_11615,CUST_2269,PAY_COD,08-11-2024,5506.62,Success,
TXN_901748,ORD_11616,CUST_2096,PAY_DC,28-04-2024,2481.38,Success,Transaction Approved
TXN_901749,ORD_11617,CUST_2294,PAY_AJIO_WALLET,28-08-2024,1949.45,Success,Transaction Approved
TXN_901750,ORD_11618,CUST_2121,PAY_CC,02-04-2024,5159.35,Success,Transaction Approved
TXN_901751,ORD_11619,CUST_2092,PAY_COD,01-05-2025,3899.51,Success,Transaction Approved
TXN_901752,ORD_11620,CUST_2096,PAY_UPI,27-01-2025,2335.42,SUCCESS,Transaction Approved
TXN_901753,ORD_11621,CUST_2011,PAY_UPI,25-01-2024,2174.13,Success,Transaction Approved
TXN_901754,ORD_11622,CUST_2068,PAY_NB,22-05-2024,2335.42,Failed,User Cancelled
TXN_901755,ORD_11622,CUST_2068,PAY_NB,22-05-2024,2335.42,Success,Transaction Approved
TXN_901756,ORD_11623,CUST_2090,PAY_AJIO_WALLET,11-06-2024,966.39,Success,Transaction Approved
TXN_901757,ORD_11624,CUST_2194,PAY_DC,09-07-2024,937.22,Success,Transaction Approved
TXN_901758,ORD_11625,CUST_2282,PAY_COD,27-11-2024,3899.51,Success,
TXN_901759,ORD_11626,CUST_2296,PAY_AJIO_WALLET,25-09-2024,1079.28,Success,TRANSACTION APPROVED
TXN_901760,ORD_11627,CUST_2256,PAY_UPI,07-07-2024,493.11,Success,Transaction Approved
TXN_901761,ORD_11628,CUST_2212,PAY_DC,09-06-2024,1374.28,Success,Transaction Approved
TXN_901762,ORD_11629,CUST_2111,PAY_AJIO_WALLET,29-10-2024,1000.52,Failed,Insufficient Funds
TXN_901763,ORD_11629,CUST_2111,PAY_UPI,29-10-2024,1000.52,Success,Transaction Approved
TXN_901764,ORD_11630,CUST_2155,PAY_CC,08-12-2024,736.14,Success,Transaction Approved
TXN_901765,ORD_11631,CUST_2239,PAY_DC,31-07-2024,966.39,Success,Transaction Approved
TXN_901766,ORD_11632,CUST_2075,PAY_UPI,28-06-2024,1798.8,SUCCESS,Transaction Approved
TXN_901767,ORD_11633,CUST_2222,PAY_DC,10-09-2024,552.37,Success,TRANSACTION APPROVED
TXN_901768,ORD_11634,CUST_2246,pay_dc,16-09-2024,552.37,Success,Transaction Approved
TXN_901769,ORD_11635,CUST_2052,PAY_AJIO_WALLET,13-01-2024,493.11,Success,
TXN_901770,ORD_11636,CUST_2267,PAY_COD,11-09-2024,724.48,Success,Transaction Approved
TXN_901771,ORD_11637,CUST_2168,PAY_UPI,08-12-2024,348.4,  Success   ,Transaction Approved
TXN_901772,ORD_11638,CUST_2264,PAY_NB,16-09-2024,5696.2,  Success   ,Transaction Approved
TXN_901773,ORD_11639,CUST_2079,PAY_COD,13-08-2024,2591.35,Success,
TXN_901774,ORD_11640,CUST_2073,PAY_CC,21-05-2024,867.37,Failed,Insufficient Funds
TXN_901775,ORD_11640,CUST_2073,PAY_COD,21-05-2024,867.37,Success,Transaction Approved
TXN_901776,ORD_11641,CUST_2023,PAY_CC,04-09-2024,647.8,Success,Transaction Approved
TXN_901777,ORD_11642,CUST_2078,PAY_NB,17-04-2024,4477.76,Success,Transaction Approved
TXN_901778,ORD_11643,CUST_2084,PAY_DC,02-03-2024,1024.26,Success,Transaction Approved
TXN_901779,ORD_11644,CUST_2085,pay_cod,23-08-2024,3239.19,Success,Transaction Approved
TXN_901780,ORD_11645,CUST_2191,PAY_DC,14-01-2025,1078.17,Failed,Authentication Failed
TXN_901781,ORD_11645,CUST_2191,PAY_NB,14-01-2025,1078.17,Success,
TXN_901782,ORD_11646,CUST_2168,PAY_AJIO_WALLET,28-10-2024,2065.42,Success,Transaction Approved
TXN_901783,ORD_11647,CUST_2126,PAY_UPI,17-06-2024,2043.49,Success,Transaction Approved
TXN_901784,ORD_11648,CUST_2208,PAY_DC,16-03-2024,1199.2,Success,
TXN_901785,ORD_11649,CUST_2113,PAY_COD,23-12-2024,798.5,Success,Transaction Approved
TXN_901786,ORD_11650,CUST_2212,PAY_COD,02-11-2024,1659.17,success,
TXN_901787,ORD_11651,CUST_2247,PAY_UPI,30-01-2024,2591.35,Success,Transaction Approved
TXN_901788,ORD_11652,CUST_2222,PAY_COD,07-08-2024,493.11,Success,Transaction Approved
TXN_901789,ORD_11653,CUST_2250,PAY_COD,08-08-2024,798.5,Success,Transaction Approved
TXN_901790,ORD_11654,CUST_2085,PAY_NB,02-12-2024,1519.39,Success,TRANSACTION APPROVED
TXN_901791,ORD_11655,CUST_2005,PAY_COD,23-12-2024,493.11,Success,Transaction Approved
TXN_901792,ORD_11656,CUST_2027,PAY_CC,07-06-2024,6879.14,Success,Transaction Approved
TXN_901793,ORD_11657,CUST_2183,PAY_UPI,06-07-2024,763.45,Success,Transaction Approved
TXN_901794,ORD_11658,CUST_2299,PAY_NB,04-08-2024,1510.11,Success,Transaction Approved
TXN_901795,ORD_11659,CUST_2252,pay_nb,26-09-2024,5566.61,Success,Transaction Approved
TXN_901796,ORD_11660,CUST_2146,  PAY_COD   ,21-03-2024,937.22,Success,Transaction Approved
TXN_901797,ORD_11661,CUST_2264,PAY_NB,17-01-2024,5914.52,Failed,Insufficient Funds
TXN_901798,ORD_11661,CUST_2264,PAY_AJIO_WALLET,17-01-2024,5914.52,  Success   ,Transaction Approved
TXN_901799,ORD_11662,CUST_2084,PAY_COD,06-05-2024,1079.28,Success,Transaction Approved
TXN_901800,ORD_11663,CUST_2206,PAY_CC,17-04-2024,1119.44,Success,TRANSACTION APPROVED
TXN_901801,ORD_11664,CUST_2080,PAY_UPI,16-03-2024,4497,Success,Transaction Approved
TXN_901802,ORD_11665,CUST_2065,PAY_UPI,18-12-2024,493.11,Success,Transaction Approved
TXN_901803,ORD_11666,CUST_2247,PAY_UPI,12-09-2024,2126.94,Success,Transaction Approved
TXN_901804,ORD_11667,CUST_2155,PAY_CC,05-07-2024,2267.43,Success,Transaction Approved
TXN_901805,ORD_11668,CUST_2177,  PAY_UPI   ,09-11-2024,552.37,Failed,Authentication Failed
TXN_901806,ORD_11668,CUST_2177,PAY_UPI,09-11-2024,552.37,Success,Transaction Approved
TXN_901807,ORD_11669,CUST_2204,PAY_DC,16-06-2024,3583.55,Success,Transaction Approved
TXN_901808,ORD_11670,CUST_2291,PAY_CC,25-03-2024,1078.17,Success,Transaction Approved
TXN_901809,ORD_11671,CUST_2250,PAY_CC,05-02-2024,798.5,Success,  Transaction Approved   
TXN_901810,ORD_11672,CUST_2143,PAY_AJIO_WALLET,29-01-2025,2753.31,Success,Transaction Approved
TXN_901811,ORD_11673,CUST_2176,PAY_DC,09-04-2024,4095.49,Success,Transaction Approved
TXN_901812,ORD_11674,CUST_2076,PAY_AJIO_WALLET,20-05-2024,1804.28,Success,
TXN_901813,ORD_11675,CUST_2271,PAY_NB,01-09-2025,1138.43,Success,Transaction Approved
TXN_901814,ORD_11676,CUST_2281,PAY_COD,10-01-2024,348.4,Success,
TXN_901815,ORD_11677,CUST_2033,PAY_COD,11-07-2024,2069.31,Success,
TXN_901816,ORD_11678,CUST_2162,PAY_CC,29-11-2024,9294.84,Success,Transaction Approved
TXN_901817,ORD_11679,CUST_2297,PAY_DC,21-01-2024,15796.84,Success,Transaction Approved
TXN_901818,ORD_11680,CUST_2231,PAY_UPI,02-08-2024,2043.49,Success,Transaction Approved
TXN_901819,ORD_11681,CUST_2280,PAY_NB,23-11-2024,2126.94,Success,Transaction Approved
TXN_901820,ORD_11682,CUST_2027,PAY_CC,27-05-2024,3103.97,Success,Transaction Approved
TXN_901821,ORD_11683,CUST_2200,PAY_DC,04-12-2024,4419.45,Success,TRANSACTION APPROVED
TXN_901822,ORD_11684,CUST_2041,PAY_CC,03-07-2024,1899.24,Success,Transaction Approved
TXN_901823,ORD_11685,CUST_2150,PAY_COD,14-04-2024,763.45,success,
TXN_901824,ORD_11686,CUST_2148,  PAY_AJIO_WALLET   ,02-09-2024,647.8,Success,
TXN_901825,ORD_11687,CUST_2002,PAY_DC,19-08-2024,2481.38,Success,
TXN_901826,ORD_11688,CUST_2274,PAY_UPI,22-05-2024,918.42,Success,Transaction Approved
TXN_901827,ORD_11689,CUST_2048,PAY_COD,05-08-2024,1722.47,Success,Transaction Approved
TXN_901828,ORD_11690,CUST_2045,PAY_CC,19-12-2024,552.37,Success,Transaction Approved
TXN_901829,ORD_11691,CUST_2180,PAY_COD,19-09-2024,4815.4,Success,Transaction Approved
TXN_901830,ORD_11692,CUST_2098,PAY_COD,02-04-2024,1406.24,SUCCESS,Transaction Approved
TXN_901831,ORD_11693,CUST_2254,PAY_COD,07-07-2024,10918.64,Success,Transaction Approved
TXN_901832,ORD_11694,CUST_2019,pay_upi,12-06-2024,918.42,Success,Transaction Approved
TXN_901833,ORD_11695,CUST_2213,PAY_UPI,13-02-2024,2654.67,Success,Transaction Approved
TXN_901834,ORD_11696,CUST_2267,PAY_UPI,09-10-2024,19497.56,Success,Transaction Approved
TXN_901835,ORD_11697,CUST_2175,PAY_UPI,06-08-2024,6610.35,Success,Transaction Approved
TXN_901836,ORD_11698,CUST_2151,PAY_UPI,06-12-2024,1199.2,  Success   ,Transaction Approved
TXN_901837,ORD_11699,CUST_2195,PAY_DC,28-09-2024,493.11,  Success   ,Transaction Approved
TXN_901838,ORD_11700,CUST_2158,PAY_COD,25-05-2024,1659.17,  Success   ,Transaction Approved
TXN_901839,ORD_11701,CUST_2048,PAY_NB,21-02-2024,1078.17,Success,Transaction Approved
TXN_901840,ORD_11702,CUST_2136,PAY_DC,18-04-2024,1636.74,Success,
TXN_901841,ORD_11703,CUST_2119,PAY_DC,02-10-2024,2698.2,Success,Transaction Approved
TXN_901842,ORD_11704,CUST_2280,pay_nb,25-07-2024,348.4,Success,Transaction Approved
TXN_901843,ORD_11705,CUST_2216,PAY_DC,03-11-2024,552.37,Success,Transaction Approved
TXN_901844,ORD_11706,CUST_2003,PAY_COD,03-07-2024,3479.13,success,Transaction Approved
TXN_901845,ORD_11707,CUST_2136,PAY_NB,27-03-2024,958.3,Success,Transaction Approved
TXN_901846,ORD_11708,CUST_2292,PAY_UPI,28-08-2024,2050.63,SUCCESS,
TXN_901847,ORD_11709,CUST_2065,PAY_AJIO_WALLET,27-07-2024,958.3,Success,Transaction Approved
TXN_901848,ORD_11710,CUST_2140,PAY_AJIO_WALLET,05-01-2024,1138.43,Success,Transaction Approved
TXN_901849,ORD_11711,CUST_2199,PAY_NB,26-07-2024,2623.34,Success,Transaction Approved
TXN_901850,ORD_11712,CUST_2297,PAY_CC,03-04-2024,348.4,Success,TRANSACTION APPROVED
TXN_901851,ORD_11713,CUST_2255,PAY_COD,05-09-2024,5159.35,Failed,
TXN_901852,ORD_11713,CUST_2255,PAY_NB,05-09-2024,5159.35,Success,
TXN_901853,ORD_11714,CUST_2095,PAY_NB,05-07-2024,13278.34,Success,Transaction Approved
TXN_901854,ORD_11715,CUST_2119,PAY_UPI,21-07-2024,11093.23,Success,Transaction Approved
TXN_901855,ORD_11716,CUST_2142,PAY_UPI,26-02-2024,3305.17,Success,Transaction Approved
TXN_901856,ORD_11717,CUST_2055,PAY_COD,27-11-2024,3228.71,Success,
TXN_901857,ORD_11718,CUST_2167,PAY_AJIO_WALLET,15-08-2024,1119.44,Failed,
TXN_901858,ORD_11718,CUST_2167,PAY_NB,15-08-2024,1119.44,Success,Transaction Approved
TXN_901859,ORD_11719,CUST_2075,PAY_DC,12-05-2024,2787.3,SUCCESS,Transaction Approved
TXN_901860,ORD_11720,CUST_2141,PAY_DC,22-03-2024,2238.88,Success,  Transaction Approved   
TXN_901861,ORD_11721,CUST_2031,  PAY_NB   ,26-02-2024,1327.34,Success,Transaction Approved
TXN_901862,ORD_11722,CUST_2144,PAY_UPI,28-09-2024,958.3,  Success   ,Transaction Approved
TXN_901863,ORD_11723,CUST_2179,PAY_CC,21-05-2024,1197.6,Success,Transaction Approved
TXN_901864,ORD_11724,CUST_2139,PAY_CC,01-09-2024,958.3,SUCCESS,Transaction Approved
TXN_901865,ORD_11725,CUST_2197,PAY_NB,26-02-2024,5546.61,Failed,Network Timeout
TXN_901866,ORD_11725,CUST_2197,PAY_CC,26-02-2024,5546.61,Success,Transaction Approved
TXN_901867,ORD_11726,CUST_2268,PAY_UPI,21-09-2024,6318.74,Success,Transaction Approved
TXN_901868,ORD_11727,CUST_2011,PAY_UPI,05-09-2024,904.73,Success,
TXN_901869,ORD_11728,CUST_2285,PAY_NB,17-11-2024,3234.51,  Success   ,Transaction Approved
TXN_901870,ORD_11729,CUST_2002,PAY_DC,08-02-2024,493.11,Success,Transaction Approved
TXN_901871,ORD_11730,CUST_2247,PAY_UPI,26-01-2025,3115.22,Success,
TXN_901872,ORD_11731,CUST_2140,PAY_AJIO_WALLET,04-11-2024,1339.33,Success,Transaction Approved
TXN_901873,ORD_11732,CUST_2050,PAY_NB,15-06-2024,1168.14,Success,Transaction Approved
TXN_901874,ORD_11733,CUST_2183,PAY_CC,26-04-2024,6207.93,Success,Transaction Approved
TXN_901875,ORD_11734,CUST_2009,PAY_UPI,28-04-2024,1618.92,Failed,insufficient funds
TXN_901876,ORD_11734,CUST_2009,PAY_NB,28-04-2024,1618.92,Success,Transaction Approved
TXN_901877,ORD_11735,CUST_2105,PAY_NB,14-12-2024,874.95,Success,Transaction Approved
TXN_901878,ORD_11736,CUST_2070,PAY_CC,19-01-2024,2481.38,Failed,Authentication Failed
TXN_901879,ORD_11736,CUST_2070,PAY_DC,19-01-2024,2481.38,Success,
TXN_901880,ORD_11737,CUST_2210,PAY_AJIO_WALLET,17-04-2024,2609.35,Success,Transaction Approved
TXN_901881,ORD_11738,CUST_2122,PAY_UPI,10-01-2024,1687.49,Success,Transaction Approved
TXN_901882,ORD_11739,CUST_2124,PAY_AJIO_WALLET,12-02-2024,1918.72,Success,Transaction Approved
TXN_901883,ORD_11740,CUST_2251,PAY_COD,14-09-2024,5311.34,Success,  Transaction Approved   
TXN_901884,ORD_11741,CUST_2295,PAY_COD,07-01-2024,3751.75,Success,Transaction Approved
TXN_901885,ORD_11742,CUST_2085,PAY_UPI,12-07-2024,6535.18,Success,Transaction Approved
TXN_901886,ORD_11743,CUST_2081,PAY_UPI,17-04-2024,2773.31,Success,Transaction Approved
TXN_901887,ORD_11744,CUST_2236,PAY_COD,17-01-2024,2038.64,Success,Transaction Approved
TXN_901888,ORD_11745,CUST_2105,PAY_DC,18-12-2024,1283.41,Success,Transaction Approved
TXN_901889,ORD_11746,CUST_2082,PAY_UPI,29-09-2024,1758.91,Success,Transaction Approved
TXN_901890,ORD_11747,CUST_2216,PAY_CC,31-07-2024,2957.26,Success,Transaction Approved
TXN_901891,ORD_11748,CUST_2086,pay_nb,12-12-2024,11255.25,Success,
TXN_901892,ORD_11749,CUST_2300,PAY_COD,31-10-2024,1614.35,Success,Transaction Approved
TXN_901893,ORD_11750,CUST_2111,PAY_CC,15-08-2024,918.42,Success,
TXN_901894,ORD_11751,CUST_2110,PAY_UPI,07-11-2024,2753.31,Success,  Transaction Approved   
TXN_901895,ORD_11752,CUST_2047,PAY_UPI,28-01-2024,2048.52,Success,
TXN_901896,ORD_11753,CUST_2274,PAY_NB,28-11-2024,2156.34,Success,Transaction Approved
TXN_901897,ORD_11754,CUST_2070,PAY_CC,03-05-2024,2698.2,Success,
TXN_901898,ORD_11755,CUST_2261,PAY_NB,10-09-2024,1078.17,Success,Transaction Approved
TXN_901899,ORD_11756,CUST_2276,PAY_DC,04-01-2024,552.37,Success,
TXN_901900,ORD_11757,CUST_2106,PAY_CC,22-09-2024,493.11,  Success   ,Transaction Approved
TXN_901901,ORD_11758,CUST_2037,PAY_AJIO_WALLET,24-01-2025,1119.44,Success,  Transaction Approved   
TXN_901902,ORD_11759,CUST_2142,PAY_UPI,02-03-2025,2156.34,Success,
TXN_901903,ORD_11760,CUST_2013,PAY_AJIO_WALLET,25-03-2024,1078.17,Success,  Transaction Approved   
TXN_901904,ORD_11761,CUST_2043,PAY_COD,10-02-2024,1079.28,Success,
TXN_901905,ORD_11762,CUST_2014,PAY_DC,28-02-2024,1327.34,Success,TRANSACTION APPROVED
TXN_901906,ORD_11763,CUST_2150,PAY_UPI,11-03-2024,2961.91,Success,Transaction Approved
TXN_901907,ORD_11764,CUST_2245,PAY_NB,25-01-2025,348.4,Success,Transaction Approved
TXN_901908,ORD_11765,CUST_2022,pay_cod,27-08-2024,1899.24,Success,
TXN_901909,ORD_11766,CUST_2026,PAY_DC,21-11-2024,5847.27,Success,
TXN_901910,ORD_11767,CUST_2265,PAY_CC,03-03-2024,2764.45,Success,Transaction Approved
TXN_901911,ORD_11768,CUST_2138,PAY_DC,07-06-2024,3478.61,success,
TXN_901912,ORD_11769,CUST_2296,PAY_UPI,16-11-2024,736.14,Success,
TXN_901913,ORD_11770,CUST_2107,PAY_NB,11-12-2024,4378.91,Success,Transaction Approved
TXN_901914,ORD_11771,CUST_2009,PAY_AJIO_WALLET,02-03-2024,867.37,Success,TRANSACTION APPROVED
TXN_901915,ORD_11772,CUST_2025,PAY_COD,04-03-2024,7774.06,Success,
TXN_901916,ORD_11773,CUST_2003,PAY_AJIO_WALLET,25-11-2024,3159.37,Failed,
TXN_901917,ORD_11773,CUST_2003,PAY_CC,25-11-2024,3159.37,Success,Transaction Approved
TXN_901918,ORD_11774,CUST_2243,  PAY_CC   ,01-02-2025,1551.98,Failed,User Cancelled
TXN_901919,ORD_11774,CUST_2243,PAY_CC,01-02-2025,1551.98,Success,
TXN_901920,ORD_11775,CUST_2033,  PAY_CC   ,13-03-2024,736.14,Success,
TXN_901921,ORD_11776,CUST_2152,PAY_NB,12-07-2024,1659.17,Success,Transaction Approved
TXN_901922,ORD_11777,CUST_2082,PAY_COD,01-04-2025,6535.18,Success,Transaction Approved
TXN_901923,ORD_11778,CUST_2054,PAY_DC,21-01-2024,348.4,Success,Transaction Approved
TXN_901924,ORD_11779,CUST_2200,PAY_DC,22-01-2024,958.3,Success,Transaction Approved
TXN_901925,ORD_11780,CUST_2118,PAY_DC,04-05-2024,1327.34,Success,
TXN_901926,ORD_11781,CUST_2012,PAY_COD,23-05-2024,763.45,Success,Transaction Approved
TXN_901927,ORD_11782,CUST_2272,PAY_UPI,07-07-2024,1848.01,Success,
TXN_901928,ORD_11783,CUST_2257,PAY_DC,03-09-2024,1739.3,Success,Transaction Approved
TXN_901929,ORD_11784,CUST_2032,PAY_DC,23-11-2024,3572.25,Success,
TXN_901930,ORD_11785,CUST_2150,PAY_CC,30-06-2024,4962.76,Success,Transaction Approved
TXN_901931,ORD_11786,CUST_2132,PAY_AJIO_WALLET,23-04-2024,2678.66,Success,
TXN_901932,ORD_11787,CUST_2047,PAY_NB,01-04-2025,2435.39,Failed,Insufficient Funds
TXN_901933,ORD_11787,CUST_2047,PAY_NB,01-04-2025,2435.39,Success,Transaction Approved
TXN_901934,ORD_11788,CUST_2102,PAY_UPI,09-09-2024,2773.31,Success,Transaction Approved
TXN_901935,ORD_11789,CUST_2166,PAY_COD,02-12-2024,5838.54,Success,Transaction Approved
TXN_901936,ORD_11790,CUST_2255,PAY_COD,13-09-2024,1636.74,Success,Transaction Approved
TXN_901937,ORD_11791,CUST_2269,PAY_UPI,14-01-2024,798.5,Success,
TXN_901938,ORD_11792,CUST_2172,PAY_UPI,11-01-2024,1841.33,Success,Transaction Approved
TXN_901939,ORD_11793,CUST_2126,PAY_DC,09-11-2024,2158.56,Success,Transaction Approved
TXN_901940,ORD_11794,CUST_2062,PAY_COD,14-12-2024,1659.17,Success,Transaction Approved
TXN_901941,ORD_11795,CUST_2178,PAY_UPI,02-06-2024,937.22,  Success   ,Transaction Approved
TXN_901942,ORD_11796,CUST_2295,PAY_NB,22-07-2024,348.4,Failed,User Cancelled
TXN_901943,ORD_11796,CUST_2295,PAY_DC,22-07-2024,348.4,Success,Transaction Approved
TXN_901944,ORD_11797,CUST_2014,PAY_COD,01-05-2025,3415.29,Success,Transaction Approved
TXN_901945,ORD_11798,CUST_2259,PAY_CC,21-06-2024,493.11,Success,Transaction Approved
TXN_901946,ORD_11799,CUST_2131,PAY_AJIO_WALLET,30-05-2024,3077.23,Success,Transaction Approved
TXN_901947,ORD_11800,CUST_2209,pay_dc,21-06-2024,1576.21,Success,Transaction Approved
TXN_901948,ORD_11801,CUST_2203,PAY_AJIO_WALLET,19-02-2024,2238.88,Success,Transaction Approved
TXN_901949,ORD_11802,CUST_2219,PAY_UPI,29-01-2024,2455.11,Success,transaction approved
TXN_901950,ORD_11803,CUST_2185,PAY_NB,25-01-2025,736.14,Success,Transaction Approved
TXN_901951,ORD_11804,CUST_2234,PAY_AJIO_WALLET,30-03-2024,552.37,Success,Transaction Approved
TXN_901952,ORD_11805,CUST_2175,PAY_COD,08-11-2024,724.48,Success,Transaction Approved
TXN_901953,ORD_11806,CUST_2249,PAY_NB,14-11-2024,5317.34,Success,Transaction Approved
TXN_901954,ORD_11807,CUST_2136,  PAY_UPI   ,10-10-2024,647.8,Success,
TXN_901955,ORD_11808,CUST_2230,PAY_DC,12-07-2024,1309.39,Success,Transaction Approved
TXN_901956,ORD_11809,CUST_2271,PAY_UPI,07-10-2024,937.22,Success,Transaction Approved
TXN_901957,ORD_11810,CUST_2028,PAY_DC,01-10-2024,4870.78,Success,Transaction Approved
TXN_901958,ORD_11811,CUST_2260,PAY_NB,28-05-2024,690.71,Success,Transaction Approved
TXN_901959,ORD_11812,CUST_2009,PAY_DC,25-07-2024,1618.92,Success,Transaction Approved
TXN_901960,ORD_11813,CUST_2216,PAY_NB,12-02-2024,1636.74,Success,
TXN_901961,ORD_11814,CUST_2234,PAY_NB,07-06-2024,552.37,success,Transaction Approved
TXN_901962,ORD_11815,CUST_2292,PAY_DC,01-11-2024,6568.36,Success,Transaction Approved
TXN_901963,ORD_11816,CUST_2292,PAY_CC,25-02-2024,1195.3,Success,
TXN_901964,ORD_11817,CUST_2115,PAY_CC,13-10-2024,348.4,Success,Transaction Approved
TXN_901965,ORD_11818,CUST_2012,PAY_CC,22-08-2024,14558.18,Success,Transaction Approved
TXN_901966,ORD_11819,CUST_2016,PAY_CC,14-10-2024,775.27,Success,  Transaction Approved   
TXN_901967,ORD_11820,CUST_2113,pay_ajio_wallet,28-11-2024,4273.29,Success,Transaction Approved
TXN_901968,ORD_11821,CUST_2267,PAY_NB,25-05-2024,1332.33,Success,Transaction Approved
TXN_901969,ORD_11822,CUST_2209,PAY_UPI,16-10-2024,798.5,Success,Transaction Approved
TXN_901970,ORD_11823,CUST_2016,PAY_CC,07-02-2024,3639.54,Success,Transaction Approved
TXN_901971,ORD_11824,CUST_2223,PAY_UPI,07-12-2024,763.45,Success,Transaction Approved
TXN_901972,ORD_11825,CUST_2038,PAY_CC,08-06-2024,3239.19,Success,Transaction Approved
TXN_901973,ORD_11826,CUST_2075,PAY_NB,19-01-2025,867.37,Success,  Transaction Approved   
TXN_901974,ORD_11827,CUST_2099,PAY_COD,27-10-2024,1636.74,Success,Transaction Approved
TXN_901975,ORD_11828,CUST_2140,PAY_UPI,25-03-2024,1528.98,Success,Transaction Approved
TXN_901976,ORD_11829,CUST_2001,  PAY_NB   ,18-07-2024,24076.99,Success,Transaction Approved
TXN_901977,ORD_11830,CUST_2060,PAY_COD,02-11-2024,4979.38,Success,Transaction Approved
TXN_901978,ORD_11831,CUST_2172,PAY_UPI,07-11-2024,6639.17,SUCCESS,Transaction Approved
TXN_901979,ORD_11832,CUST_2143,PAY_AJIO_WALLET,01-12-2025,552.37,Success,Transaction Approved
TXN_901980,ORD_11833,CUST_2209,PAY_AJIO_WALLET,25-10-2024,867.37,  Success   ,Transaction Approved
TXN_901981,ORD_11834,CUST_2074,PAY_DC,18-05-2024,3057.96,Success,Transaction Approved
TXN_901982,ORD_11835,CUST_2226,PAY_DC,31-12-2024,1825.78,Success,transaction approved
TXN_901983,ORD_11836,CUST_2207,PAY_COD,03-11-2024,826.45,Failed,Authentication Failed
TXN_901984,ORD_11836,CUST_2207,PAY_AJIO_WALLET,03-11-2024,826.45,Success,Transaction Approved
TXN_901985,ORD_11837,CUST_2048,PAY_COD,30-08-2024,4728.63,Success,Transaction Approved
TXN_901986,ORD_11838,CUST_2083,PAY_NB,14-05-2024,1339.33,Success,Transaction Approved
TXN_901987,ORD_11839,CUST_2269,PAY_DC,04-11-2024,763.45,Failed,NETWORK TIMEOUT
TXN_901988,ORD_11839,CUST_2269,PAY_AJIO_WALLET,04-11-2024,763.45,Success,Transaction Approved
TXN_901989,ORD_11840,CUST_2046,PAY_DC,28-03-2024,2591.35,Success,  Transaction Approved   
TXN_901990,ORD_11841,CUST_2206,PAY_NB,14-04-2024,3479.13,Success,
TXN_901991,ORD_11842,CUST_2041,PAY_UPI,19-01-2025,752.12,Success,Transaction Approved
TXN_901992,ORD_11843,CUST_2263,PAY_CC,20-10-2024,763.45,Failed,insufficient funds
TXN_901993,ORD_11843,CUST_2263,PAY_NB,20-10-2024,763.45,Success,transaction approved
TXN_901994,ORD_11844,CUST_2098,PAY_UPI,06-06-2024,3115.22,  Success   ,Transaction Approved
TXN_901995,ORD_11845,CUST_2087,PAY_DC,21-07-2024,1078.17,Failed,Authentication Failed
TXN_901996,ORD_11845,CUST_2087,PAY_NB,21-07-2024,1078.17,Success,
TXN_901997,ORD_11846,CUST_2049,PAY_DC,14-04-2024,1119.44,Success,Transaction Approved
TXN_901998,ORD_11847,CUST_2053,PAY_NB,25-08-2024,736.14,Success,Transaction Approved
TXN_901999,ORD_11848,CUST_2088,PAY_UPI,23-11-2024,6478.38,Success,Transaction Approved
TXN_902000,ORD_11849,CUST_2275,PAY_UPI,22-09-2024,6307.21,Success,Transaction Approved
TXN_902001,ORD_11850,CUST_2280,pay_cod,08-12-2024,3608.56,Success,Transaction Approved
TXN_902002,ORD_11851,CUST_2119,PAY_NB,20-09-2024,965.44,Success,Transaction Approved
TXN_902003,ORD_11852,CUST_2164,PAY_DC,18-08-2024,1000.52,Success,
TXN_902004,ORD_11853,CUST_2279,pay_cod,03-01-2024,1659.17,Success,
TXN_902005,ORD_11854,CUST_2032,PAY_COD,22-09-2024,1168.14,Success,Transaction Approved
TXN_902006,ORD_11855,CUST_2008,PAY_UPI,13-02-2024,1350.96,Success,Transaction Approved
TXN_902007,ORD_11856,CUST_2093,PAY_DC,14-02-2024,2335.42,Success,
TXN_902008,ORD_11857,CUST_2188,PAY_DC,23-02-2024,5159.35,Success,Transaction Approved
TXN_902009,ORD_11858,CUST_2292,PAY_UPI,30-03-2024,1665.41,Success,Transaction Approved
TXN_902010,ORD_11859,CUST_2072,PAY_COD,21-01-2024,1899.24,  Success   ,Transaction Approved
TXN_902011,ORD_11860,CUST_2138,PAY_NB,10-06-2024,8757.81,Success,Transaction Approved
TXN_902012,ORD_11861,CUST_2065,PAY_UPI,11-05-2024,1199.2,Success,
TXN_902013,ORD_11862,CUST_2278,PAY_NB,16-09-2024,1063.47,Success,Transaction Approved
TXN_902014,ORD_11863,CUST_2153,PAY_DC,10-10-2024,761.02,Failed,Authentication Failed
TXN_902015,ORD_11863,CUST_2153,PAY_UPI,10-10-2024,761.02,Success,
TXN_902016,ORD_11864,CUST_2044,PAY_COD,22-08-2024,348.4,Success,  Transaction Approved   
TXN_902017,ORD_11865,CUST_2226,PAY_CC,24-07-2024,552.37,Success,Transaction Approved
TXN_902018,ORD_11866,CUST_2101,PAY_AJIO_WALLET,11-11-2024,4419.45,  Success   ,Transaction Approved
TXN_902019,ORD_11867,CUST_2040,PAY_AJIO_WALLET,24-08-2024,716.96,success,Transaction Approved
TXN_902020,ORD_11868,CUST_2253,PAY_CC,08-11-2024,736.14,Success,Transaction Approved
TXN_902021,ORD_11869,CUST_2079,PAY_CC,04-10-2024,26556.68,Success,
TXN_902022,ORD_11870,CUST_2020,PAY_NB,01-01-2024,4095.49,Success,TRANSACTION APPROVED
TXN_902023,ORD_11871,CUST_2122,PAY_AJIO_WALLET,12-05-2024,1350.96,Success,transaction approved
TXN_902024,ORD_11872,CUST_2200,PAY_NB,18-10-2024,736.14,Success,Transaction Approved
TXN_902025,ORD_11873,CUST_2064,PAY_NB,24-06-2024,958.3,Success,
TXN_902026,ORD_11874,CUST_2094,PAY_COD,04-10-2024,2267.43,SUCCESS,Transaction Approved
TXN_902027,ORD_11875,CUST_2151,PAY_CC,15-12-2024,1727.67,Success,Transaction Approved
TXN_902028,ORD_11876,CUST_2138,PAY_CC,20-10-2024,4351.46,Success,
TXN_902029,ORD_11877,CUST_2085,PAY_AJIO_WALLET,04-05-2024,7503.5,Success,Transaction Approved
TXN_902030,ORD_11878,CUST_2248,PAY_DC,21-10-2024,958.3,Success,Transaction Approved
TXN_902031,ORD_11879,CUST_2114,PAY_CC,02-04-2025,1078.17,Success,
TXN_902032,ORD_11880,CUST_2115,PAY_UPI,07-08-2024,1078.17,Success,
TXN_902033,ORD_11881,CUST_2251,PAY_COD,11-08-2024,3261.19,Success,
TXN_902034,ORD_11882,CUST_2148,PAY_CC,17-11-2024,6639.17,Success,
TXN_902035,ORD_11883,CUST_2263,PAY_UPI,11-02-2024,6639.17,Success,TRANSACTION APPROVED
TXN_902036,ORD_11884,CUST_2102,PAY_AJIO_WALLET,17-05-2024,1739.3,Failed,
TXN_902037,ORD_11884,CUST_2102,PAY_AJIO_WALLET,17-05-2024,1739.3,Success,Transaction Approved
TXN_902038,ORD_11885,CUST_2187,PAY_DC,20-08-2024,3279.18,Success,Transaction Approved
TXN_902039,ORD_11886,CUST_2168,PAY_CC,13-11-2024,6230.44,Success,Transaction Approved
TXN_902040,ORD_11887,CUST_2244,PAY_NB,08-06-2024,3318.34,Success,TRANSACTION APPROVED
TXN_902041,ORD_11888,CUST_2024,PAY_DC,25-11-2024,5847.27,Success,TRANSACTION APPROVED
TXN_902042,ORD_11889,CUST_2045,PAY_DC,11-11-2024,3057.96,Success,Transaction Approved
TXN_902043,ORD_11890,CUST_2063,PAY_NB,11-05-2024,2158.56,Success,Transaction Approved
TXN_902044,ORD_11891,CUST_2004,PAY_CC,26-09-2024,6713.66,SUCCESS,
TXN_902045,ORD_11892,CUST_2179,PAY_CC,02-01-2025,736.14,Success,Transaction Approved
TXN_902046,ORD_11893,CUST_2167,pay_nb,21-01-2025,1078.17,Success,Transaction Approved
TXN_902047,ORD_11894,CUST_2144,PAY_CC,21-06-2024,348.4,Success,Transaction Approved
TXN_902048,ORD_11895,CUST_2144,  PAY_DC   ,07-05-2024,9878.76,Failed,User Cancelled
TXN_902049,ORD_11895,CUST_2144,PAY_CC,05-07-2024,9878.76,  Success   ,Transaction Approved
TXN_902050,ORD_11896,CUST_2148,PAY_CC,03-01-2024,1454.88,Success,Transaction Approved
TXN_902051,ORD_11897,CUST_2220,PAY_CC,22-01-2024,3798.48,Success,Transaction Approved
TXN_902052,ORD_11898,CUST_2191,PAY_NB,07-02-2024,775.27,Success,Transaction Approved
TXN_902053,ORD_11899,CUST_2060,PAY_DC,14-06-2024,5119.36,Success,
TXN_902054,ORD_11900,CUST_2268,PAY_AJIO_WALLET,04-03-2024,2295.43,Success,Transaction Approved
TXN_902055,ORD_11901,CUST_2156,PAY_NB,16-07-2024,348.4,Success,Transaction Approved
TXN_902056,ORD_11902,CUST_2252,PAY_AJIO_WALLET,22-11-2024,937.22,Success,Transaction Approved
TXN_902057,ORD_11903,CUST_2150,PAY_CC,07-06-2024,3631.33,Success,TRANSACTION APPROVED
TXN_902058,ORD_11904,CUST_2086,PAY_DC,02-05-2024,2753.31,Success,Transaction Approved
TXN_902059,ORD_11905,CUST_2089,pay_upi,02-02-2024,1025.32,Success,Transaction Approved
TXN_902060,ORD_11906,CUST_2074,PAY_AJIO_WALLET,15-11-2024,798.5,Success,Transaction Approved
TXN_902061,ORD_11907,CUST_2005,PAY_NB,09-07-2024,798.5,Failed,Insufficient Funds
TXN_902062,ORD_11907,CUST_2005,PAY_DC,09-07-2024,798.5,Success,
TXN_902063,ORD_11908,CUST_2284,pay_upi,29-08-2024,918.42,Success,Transaction Approved
TXN_902064,ORD_11909,CUST_2045,PAY_CC,09-02-2024,763.45,Success,Transaction Approved
TXN_902065,ORD_11910,CUST_2186,PAY_DC,20-03-2024,10918.64,Success,Transaction Approved
TXN_902066,ORD_11911,CUST_2167,PAY_UPI,12-08-2024,493.11,Success,TRANSACTION APPROVED
TXN_902067,ORD_11912,CUST_2284,PAY_UPI,04-03-2024,8173.96,Success,Transaction Approved
TXN_902068,ORD_11913,CUST_2241,PAY_COD,14-08-2024,2591.5,Success,Transaction Approved
TXN_902069,ORD_11914,CUST_2299,PAY_UPI,20-03-2024,2909.76,Success,Transaction Approved
TXN_902070,ORD_11915,CUST_2110,PAY_CC,16-06-2024,3318.34,Success,Transaction Approved
TXN_902071,ORD_11916,CUST_2039,PAY_CC,05-01-2024,813.49,Success,Transaction Approved
TXN_902072,ORD_11917,CUST_2187,PAY_NB,10-11-2024,1079.28,Success,Transaction Approved
TXN_902073,ORD_11918,CUST_2063,PAY_AJIO_WALLET,09-09-2024,2069.31,Success,Transaction Approved
TXN_902074,ORD_11919,CUST_2202,PAY_UPI,05-09-2024,647.8,Success,
TXN_902075,ORD_11920,CUST_2256,pay_ajio_wallet,16-08-2024,1406.24,Success,
TXN_902076,ORD_11921,CUST_2299,pay_cc,02-05-2024,918.42,Success,Transaction Approved
TXN_902077,ORD_11922,CUST_2127,PAY_NB,09-11-2024,763.45,Failed,Authentication Failed
TXN_902078,ORD_11922,CUST_2127,PAY_COD,09-11-2024,763.45,Success,Transaction Approved
TXN_902079,ORD_11923,CUST_2168,PAY_NB,17-03-2024,937.22,Success,
TXN_902080,ORD_11924,CUST_2051,PAY_DC,01-06-2025,493.11,Success,
TXN_902081,ORD_11925,CUST_2089,PAY_UPI,09-07-2024,1918.72,Success,
TXN_902082,ORD_11926,CUST_2239,PAY_NB,16-12-2024,1630.6,SUCCESS,Transaction Approved
TXN_902083,ORD_11927,CUST_2191,PAY_DC,30-09-2024,1821.85,success,Transaction Approved
TXN_902084,ORD_11928,CUST_2021,PAY_DC,17-07-2024,2623.34,Success,transaction approved
TXN_902085,ORD_11929,CUST_2294,PAY_NB,02-04-2024,1725.07,Success,Transaction Approved
TXN_902086,ORD_11930,CUST_2084,PAY_AJIO_WALLET,17-02-2024,4918.77,Success,Transaction Approved
TXN_902087,ORD_11931,CUST_2296,PAY_AJIO_WALLET,12-05-2024,958.3,Success,Transaction Approved
TXN_902088,ORD_11932,CUST_2102,PAY_AJIO_WALLET,30-01-2024,3931.69,Success,Transaction Approved
TXN_902089,ORD_11933,CUST_2003,PAY_COD,30-10-2024,1339.33,Success,
TXN_902090,ORD_11934,CUST_2059,PAY_UPI,18-03-2024,493.11,Success,Transaction Approved
TXN_902091,ORD_11935,CUST_2061,PAY_AJIO_WALLET,20-01-2025,1078.17,Success,Transaction Approved
TXN_902092,ORD_11936,CUST_2059,PAY_AJIO_WALLET,27-02-2024,716.96,Success,Transaction Approved
TXN_902093,ORD_11937,CUST_2067,PAY_UPI,17-01-2024,3239.19,Success,
TXN_902094,ORD_11938,CUST_2176,PAY_NB,04-11-2024,1428.9,Success,  Transaction Approved   
TXN_902095,ORD_11939,CUST_2110,PAY_NB,21-06-2024,1019.32,Failed,Network Timeout
TXN_902096,ORD_11939,CUST_2110,PAY_COD,21-06-2024,1019.32,Success,Transaction Approved
TXN_902097,ORD_11940,CUST_2092,PAY_AJIO_WALLET,23-02-2024,1391.07,Success,Transaction Approved
TXN_902098,ORD_11941,CUST_2145,PAY_UPI,10-12-2024,958.3,Success,
TXN_902099,ORD_11942,CUST_2269,PAY_DC,16-06-2024,493.11,Failed,Network Timeout
TXN_902100,ORD_11942,CUST_2269,PAY_COD,16-06-2024,493.11,Success,
TXN_902101,ORD_11943,CUST_2147,PAY_UPI,07-06-2024,1374.28,Success,Transaction Approved
TXN_902102,ORD_11944,CUST_2034,PAY_AJIO_WALLET,19-04-2024,4863.39,success,Transaction Approved
TXN_902103,ORD_11945,CUST_2177,PAY_AJIO_WALLET,01-09-2024,493.11,Success,
TXN_902104,ORD_11946,CUST_2233,PAY_DC,07-02-2024,2957.26,success,Transaction Approved
TXN_902105,ORD_11947,CUST_2188,PAY_CC,05-12-2024,1752.21,Success,Transaction Approved
TXN_902106,ORD_11948,CUST_2080,PAY_COD,07-04-2024,6879.14,Success,
TXN_902107,ORD_11949,CUST_2119,PAY_DC,13-11-2024,5199.35,Success,Transaction Approved
TXN_902108,ORD_11950,CUST_2044,PAY_NB,03-07-2024,2238.88,  Success   ,Transaction Approved
TXN_902109,ORD_11951,CUST_2272,PAY_UPI,22-03-2024,813.49,Success,Transaction Approved
TXN_902110,ORD_11952,CUST_2004,PAY_AJIO_WALLET,31-01-2024,2335.42,Success,Transaction Approved
TXN_902111,ORD_11953,CUST_2186,PAY_COD,28-01-2025,2267.43,success,Transaction Approved
TXN_902112,ORD_11954,CUST_2217,PAY_DC,14-08-2024,798.5,Success,
TXN_902113,ORD_11955,CUST_2179,PAY_COD,05-08-2024,1148.32,Success,
TXN_902114,ORD_11956,CUST_2071,PAY_DC,26-02-2024,4647.42,Success,Transaction Approved
TXN_902115,ORD_11957,CUST_2061,PAY_NB,14-01-2024,5119.36,  Success   ,
TXN_902116,ORD_11958,CUST_2052,pay_dc,08-04-2024,918.42,Success,Transaction Approved
TXN_902117,ORD_11959,CUST_2007,PAY_AJIO_WALLET,24-02-2024,2065.42,Success,Transaction Approved
TXN_902118,ORD_11960,CUST_2056,PAY_UPI,17-09-2024,1899.24,Success,  Transaction Approved   
TXN_902119,ORD_11961,CUST_2053,  PAY_COD   ,02-10-2024,5546.61,Success,Transaction Approved
TXN_902120,ORD_11962,CUST_2148,PAY_DC,24-07-2024,724.48,Success,Transaction Approved
TXN_902121,ORD_11963,CUST_2101,PAY_NB,29-09-2024,4815.4,Success,
TXN_902122,ORD_11964,CUST_2229,PAY_COD,16-01-2024,1119.44,Success,
TXN_902123,ORD_11965,CUST_2003,PAY_AJIO_WALLET,21-03-2024,4843.06,Success,
TXN_902124,ORD_11966,CUST_2224,PAY_COD,26-10-2024,798.5,SUCCESS,Transaction Approved
TXN_902125,ORD_11967,CUST_2071,PAY_COD,16-05-2024,1079.28,  Failed   ,Network Timeout
TXN_902126,ORD_11967,CUST_2071,PAY_COD,16-05-2024,1079.28,Success,Transaction Approved
TXN_902127,ORD_11968,CUST_2052,PAY_AJIO_WALLET,02-04-2024,348.4,SUCCESS,
TXN_902128,ORD_11969,CUST_2249,PAY_UPI,18-01-2025,763.45,Failed,  Authentication Failed   
TXN_902129,ORD_11969,CUST_2249,PAY_DC,18-01-2025,763.45,Success,Transaction Approved
TXN_902130,ORD_11970,CUST_2121,PAY_NB,15-10-2024,10398.7,Success,Transaction Approved
TXN_902131,ORD_11971,CUST_2139,PAY_DC,28-12-2024,1138.43,Success,Transaction Approved
TXN_902132,ORD_11972,CUST_2089,PAY_NB,28-10-2024,1199.2,Success,Transaction Approved
TXN_902133,ORD_11973,CUST_2255,PAY_COD,09-09-2024,2429.39,Success,Transaction Approved
TXN_902134,ORD_11974,CUST_2034,  PAY_NB   ,31-07-2024,2295.43,Success,
TXN_902135,ORD_11975,CUST_2150,PAY_COD,09-05-2024,13916.52,Success,Transaction Approved
TXN_902136,ORD_11976,CUST_2249,PAY_DC,30-03-2024,1758.91,Success,Transaction Approved
TXN_902137,ORD_11977,CUST_2108,PAY_NB,28-05-2024,1576.21,  Success   ,
TXN_902138,ORD_11978,CUST_2059,PAY_UPI,15-05-2024,2109.36,  Success   ,Transaction Approved
TXN_902139,ORD_11979,CUST_2072,PAY_COD,10-03-2024,6879.14,Success,Transaction Approved
TXN_902140,ORD_11980,CUST_2211,PAY_CC,15-01-2024,2278.48,Success,  Transaction Approved   
TXN_902141,ORD_11981,CUST_2133,PAY_NB,16-12-2024,6958.26,Success,Transaction Approved
TXN_902142,ORD_11982,CUST_2293,PAY_NB,16-03-2024,1630.6,Success,
TXN_902143,ORD_11983,CUST_2228,PAY_NB,28-05-2024,5159.35,Success,Transaction Approved
TXN_902144,ORD_11984,CUST_2037,PAY_COD,03-11-2024,8318.96,Success,Transaction Approved
TXN_902145,ORD_11985,CUST_2232,PAY_DC,29-04-2024,2810.62,Success,Transaction Approved
TXN_902146,ORD_11986,CUST_2260,PAY_UPI,14-01-2024,724.48,Success,Transaction Approved
TXN_902147,ORD_11987,CUST_2215,PAY_COD,04-02-2024,1965.84,Success,  Transaction Approved   
TXN_902148,ORD_11988,CUST_2044,PAY_COD,12-08-2024,947.2,Success,Transaction Approved
TXN_902149,ORD_11989,CUST_2262,PAY_AJIO_WALLET,25-03-2024,798.5,Success,Transaction Approved
TXN_902150,ORD_11990,CUST_2287,PAY_CC,19-07-2024,2248.5,Success,Transaction Approved
TXN_902151,ORD_11991,CUST_2245,PAY_UPI,30-06-2024,1428.9,Success,Transaction Approved
TXN_902152,ORD_11992,CUST_2133,PAY_UPI,30-06-2024,798.5,Success,Transaction Approved
TXN_902153,ORD_11993,CUST_2283,PAY_CC,19-12-2024,813.49,Success,Transaction Approved
TXN_902154,ORD_11994,CUST_2171,PAY_DC,23-08-2024,3318.34,Success,Transaction Approved
TXN_902155,ORD_11995,CUST_2204,PAY_AJIO_WALLET,08-03-2024,958.3,Success,Transaction Approved
TXN_902156,ORD_11996,CUST_2193,PAY_CC,11-09-2024,701.78,Success,Transaction Approved
TXN_902157,ORD_11997,CUST_2232,PAY_CC,19-03-2024,2174.13,Success,Transaction Approved
TXN_902158,ORD_11998,CUST_2198,PAY_DC,18-11-2024,493.11,Success,  Transaction Approved   
TXN_902159,ORD_11999,CUST_2280,PAY_NB,02-02-2025,493.11,Success,Transaction Approved
TXN_902160,ORD_12000,CUST_2205,PAY_NB,08-11-2024,22097.24,SUCCESS,Transaction Approved
TXN_902161,ORD_12001,CUST_2203,PAY_NB,02-04-2024,2069.31,FAILED,User Cancelled
TXN_902162,ORD_12001,CUST_2203,PAY_NB,02-04-2024,2069.31,Success,Transaction Approved
TXN_902163,ORD_12002,CUST_2033,PAY_UPI,27-02-2024,1283.59,SUCCESS,Transaction Approved
TXN_902164,ORD_12003,CUST_2128,pay_nb,14-04-2024,690.71,Success,Transaction Approved
TXN_902165,ORD_12004,CUST_2110,PAY_COD,05-07-2024,6207.93,Success,Transaction Approved
TXN_902166,ORD_12005,CUST_2165,PAY_UPI,24-12-2024,10918.64,SUCCESS,
TXN_902167,ORD_12006,CUST_2185,PAY_DC,03-04-2024,2267.43,  Success   ,Transaction Approved
TXN_902168,ORD_12007,CUST_2163,PAY_CC,15-01-2024,775.27,Success,Transaction Approved
TXN_902169,ORD_12008,CUST_2033,PAY_AJIO_WALLET,17-01-2025,2897.03,Success,Transaction Approved
TXN_902170,ORD_12009,CUST_2065,PAY_NB,10-06-2024,1079.28,Success,Transaction Approved
TXN_902171,ORD_12010,CUST_2278,PAY_UPI,10-09-2024,2267.43,success,Transaction Approved
TXN_902172,ORD_12011,CUST_2041,PAY_COD,23-02-2024,1738.84,Success,Transaction Approved
TXN_902173,ORD_12012,CUST_2095,PAY_AJIO_WALLET,10-06-2024,2267.43,Success,
TXN_902174,ORD_12013,CUST_2276,PAY_CC,21-07-2024,716.96,Success,
TXN_902175,ORD_12014,CUST_2226,pay_nb,18-12-2024,348.4,Success,Transaction Approved
TXN_902176,ORD_12015,CUST_2134,PAY_AJIO_WALLET,11-10-2024,3798.48,Success,TRANSACTION APPROVED
TXN_902177,ORD_12016,CUST_2093,PAY_AJIO_WALLET,05-06-2024,2518.32,Success,Transaction Approved
TXN_902178,ORD_12017,CUST_2023,PAY_UPI,15-12-2024,724.48,Success,
TXN_902179,ORD_12018,CUST_2276,PAY_NB,06-09-2024,867.37,Success,Transaction Approved
TXN_902180,ORD_12019,CUST_2065,PAY_NB,11-02-2024,2783.3,Success,Transaction Approved
TXN_902181,ORD_12020,CUST_2004,PAY_NB,03-06-2024,1139.24,Success,  Transaction Approved   
TXN_902182,ORD_12021,CUST_2298,PAY_UPI,07-11-2024,6318.74,Success,Transaction Approved
TXN_902183,ORD_12022,CUST_2286,PAY_COD,16-06-2024,752.12,Success,Transaction Approved
TXN_902184,ORD_12023,CUST_2008,PAY_DC,07-05-2024,10622.67,Success,Transaction Approved
TXN_902185,ORD_12024,CUST_2175,PAY_UPI,06-06-2024,15598.05,Success,Transaction Approved
TXN_902186,ORD_12025,CUST_2099,PAY_NB,05-04-2024,5119.36,Success,
TXN_902187,ORD_12026,CUST_2208,PAY_CC,02-08-2024,1424.05,success,Transaction Approved
TXN_902188,ORD_12027,CUST_2028,PAY_AJIO_WALLET,26-06-2024,8349.91,Success,  Transaction Approved   
TXN_902189,ORD_12028,CUST_2005,PAY_AJIO_WALLET,04-05-2024,1079.28,Success,Transaction Approved
TXN_902190,ORD_12029,CUST_2151,PAY_COD,09-01-2024,958.3,Success,Transaction Approved
TXN_902191,ORD_12030,CUST_2160,PAY_DC,15-01-2024,736.14,Success,Transaction Approved
TXN_902192,ORD_12031,CUST_2144,PAY_UPI,14-09-2024,1079.28,Success,Transaction Approved
TXN_902193,ORD_12032,CUST_2265,PAY_UPI,10-01-2024,813.49,Success,
TXN_902194,ORD_12033,CUST_2265,PAY_AJIO_WALLET,06-03-2024,1374.28,Success,Transaction Approved
TXN_902195,ORD_12034,CUST_2089,PAY_DC,01-07-2024,1339.33,success,Transaction Approved
TXN_902196,ORD_12035,CUST_2210,PAY_CC,02-08-2024,9726.78,  Success   ,
TXN_902197,ORD_12036,CUST_2085,PAY_NB,23-01-2025,1199.2,Success,Transaction Approved
TXN_902198,ORD_12037,CUST_2221,PAY_NB,20-01-2025,690.71,Failed,
TXN_902199,ORD_12037,CUST_2221,PAY_CC,20-01-2025,690.71,  Success   ,Transaction Approved
TXN_902200,ORD_12038,CUST_2284,PAY_AJIO_WALLET,15-05-2024,724.48,Success,TRANSACTION APPROVED
TXN_902201,ORD_12039,CUST_2066,pay_nb,14-09-2024,6610.35,Success,Transaction Approved
TXN_902202,ORD_12040,CUST_2186,PAY_DC,08-07-2024,5119.36,Success,Transaction Approved
TXN_902203,ORD_12041,CUST_2189,PAY_COD,04-10-2024,348.4,Success,Transaction Approved
TXN_902204,ORD_12042,CUST_2100,PAY_AJIO_WALLET,10-02-2024,937.22,success,Transaction Approved
TXN_902205,ORD_12043,CUST_2252,PAY_AJIO_WALLET,31-01-2025,1428.9,Success,
TXN_902206,ORD_12044,CUST_2125,PAY_AJIO_WALLET,26-03-2024,727.73,success,Transaction Approved
TXN_902207,ORD_12045,CUST_2099,PAY_NB,27-03-2024,2425.88,Success,Transaction Approved
TXN_902208,ORD_12046,CUST_2182,PAY_AJIO_WALLET,02-04-2024,1618.92,Success,Transaction Approved
TXN_902209,ORD_12047,CUST_2127,PAY_DC,04-09-2024,5311.34,Success,Transaction Approved
TXN_902210,ORD_12048,CUST_2118,  PAY_NB   ,16-05-2024,4273.29,Success,Transaction Approved
TXN_902211,ORD_12049,CUST_2170,PAY_DC,24-12-2024,2156.34,success,
TXN_902212,ORD_12050,CUST_2264,PAY_COD,26-05-2024,1510.11,Success,
TXN_902213,ORD_12051,CUST_2218,PAY_DC,12-09-2024,724.48,Success,Transaction Approved
TXN_902214,ORD_12052,CUST_2219,PAY_NB,07-04-2024,1019.32,Success,Transaction Approved
TXN_902215,ORD_12053,CUST_2112,PAY_NB,17-12-2024,1738.84,Success,Transaction Approved
TXN_902216,ORD_12054,CUST_2165,PAY_NB,21-08-2024,2919.27,  Success   ,Transaction Approved
TXN_902217,ORD_12055,CUST_2131,PAY_AJIO_WALLET,17-10-2024,1078.17,Success,Transaction Approved
TXN_902218,ORD_12056,CUST_2271,PAY_CC,06-05-2024,2065.42,Success,Transaction Approved
TXN_902219,ORD_12057,CUST_2069,PAY_UPI,14-12-2024,5311.34,  Success   ,Transaction Approved
TXN_902220,ORD_12058,CUST_2120,PAY_UPI,10-03-2024,2278.48,Success,Transaction Approved
TXN_902221,ORD_12059,CUST_2090,pay_cc,30-10-2024,2961.91,Success,Transaction Approved
TXN_902222,ORD_12060,CUST_2121,PAY_UPI,26-11-2024,2481.38,Success,Transaction Approved
TXN_902223,ORD_12061,CUST_2016,PAY_CC,29-03-2024,1374.28,Success,Transaction Approved
TXN_902224,ORD_12062,CUST_2026,PAY_NB,03-03-2024,1834.78,Success,Transaction Approved
TXN_902225,ORD_12063,CUST_2008,PAY_CC,20-12-2024,958.3,Success,transaction approved
TXN_902226,ORD_12064,CUST_2223,PAY_UPI,19-11-2024,736.14,Success,
TXN_902227,ORD_12065,CUST_2286,PAY_AJIO_WALLET,03-03-2024,2267.43,Success,
TXN_902228,ORD_12066,CUST_2152,PAY_COD,01-05-2025,9837.54,Success,
TXN_902229,ORD_12067,CUST_2149,PAY_AJIO_WALLET,13-02-2024,2753.31,Success,Transaction Approved
TXN_902230,ORD_12068,CUST_2025,PAY_DC,27-01-2025,3583.55,Success,Transaction Approved
TXN_902231,ORD_12069,CUST_2100,PAY_COD,12-12-2024,1899.24,Failed,
TXN_902232,ORD_12069,CUST_2100,PAY_COD,12-12-2024,1899.24,success,Transaction Approved
TXN_902233,ORD_12070,CUST_2102,PAY_UPI,25-07-2024,1659.17,Success,Transaction Approved
TXN_902234,ORD_12071,CUST_2143,PAY_NB,02-08-2024,1899.24,Success,Transaction Approved
TXN_902235,ORD_12072,CUST_2024,PAY_AJIO_WALLET,17-02-2024,1119.44,Success,Transaction Approved
TXN_902236,ORD_12073,CUST_2202,PAY_DC,26-12-2024,16195.95,Success,Transaction Approved
TXN_902237,ORD_12074,CUST_2001,PAY_NB,10-11-2024,4095.49,Success,
TXN_902238,ORD_12075,CUST_2241,PAY_NB,14-10-2024,1199.2,  Success   ,Transaction Approved
TXN_902239,ORD_12076,CUST_2281,  PAY_NB   ,01-06-2025,2787.3,Failed,
TXN_902240,ORD_12076,CUST_2281,PAY_DC,01-06-2025,2787.3,Success,Transaction Approved
TXN_902241,ORD_12077,CUST_2208,PAY_NB,27-09-2024,958.3,Success,Transaction Approved
TXN_902242,ORD_12078,CUST_2286,PAY_AJIO_WALLET,27-09-2024,3899.51,Success,Transaction Approved
TXN_902243,ORD_12079,CUST_2249,PAY_UPI,29-10-2024,4095.49,Success,Transaction Approved
TXN_902244,ORD_12080,CUST_2233,PAY_NB,01-12-2024,1078.17,Success,transaction approved
TXN_902245,ORD_12081,CUST_2065,PAY_CC,26-01-2025,4815.4,  Success   ,Transaction Approved
TXN_902246,ORD_12082,CUST_2268,PAY_CC,02-10-2024,1875.06,Success,
TXN_902247,ORD_12083,CUST_2293,PAY_CC,07-03-2024,724.48,Failed,Network Timeout
TXN_902248,ORD_12083,CUST_2293,PAY_COD,07-03-2024,724.48,Success,Transaction Approved
TXN_902249,ORD_12084,CUST_2061,PAY_COD,12-09-2024,918.42,Failed,Network Timeout
TXN_902250,ORD_12084,CUST_2061,PAY_NB,12-09-2024,918.42,Success,
TXN_902251,ORD_12085,CUST_2198,PAY_UPI,26-11-2024,752.12,Success,Transaction Approved
TXN_902252,ORD_12086,CUST_2048,  PAY_NB   ,08-11-2024,752.12,Success,Transaction Approved
TXN_902253,ORD_12087,CUST_2073,PAY_DC,18-08-2024,1406.24,Success,Transaction Approved
TXN_902254,ORD_12088,CUST_2136,PAY_DC,23-02-2024,1327.34,Success,Transaction Approved
TXN_902255,ORD_12089,CUST_2151,PAY_UPI,15-09-2024,724.48,  Success   ,Transaction Approved
TXN_902256,ORD_12090,CUST_2296,PAY_DC,29-12-2024,493.11,Success,
TXN_902257,ORD_12091,CUST_2026,PAY_COD,24-06-2024,552.37,success,
TXN_902258,ORD_12092,CUST_2028,PAY_CC,28-08-2024,918.42,Success,Transaction Approved
TXN_902259,ORD_12093,CUST_2287,PAY_AJIO_WALLET,15-02-2024,752.12,Failed,Authentication Failed
TXN_902260,ORD_12093,CUST_2287,PAY_COD,15-02-2024,752.12,Success,Transaction Approved
TXN_902261,ORD_12094,CUST_2265,  PAY_AJIO_WALLET   ,05-03-2024,958.3,Success,Transaction Approved
TXN_902262,ORD_12095,CUST_2215,PAY_NB,02-03-2024,1006.74,success,
TXN_902263,ORD_12096,CUST_2288,PAY_UPI,07-09-2024,813.49,Success,
TXN_902264,ORD_12097,CUST_2238,  PAY_UPI   ,04-05-2024,761.02,Success,
TXN_902265,ORD_12098,CUST_2023,PAY_CC,18-10-2024,1659.17,success,Transaction Approved
TXN_902266,ORD_12099,CUST_2017,PAY_COD,01-08-2024,2608.26,Success,Transaction Approved
TXN_902267,ORD_12100,CUST_2132,PAY_AJIO_WALLET,20-10-2024,798.5,Success,Transaction Approved
TXN_902268,ORD_12101,CUST_2168,PAY_CC,17-10-2024,1025.32,Success,  Transaction Approved   
TXN_902269,ORD_12102,CUST_2285,pay_cod,05-11-2024,4285.86,Success,Transaction Approved
TXN_902270,ORD_12103,CUST_2060,PAY_AJIO_WALLET,01-04-2025,3358.32,Success,Transaction Approved
TXN_902271,ORD_12104,CUST_2243,PAY_DC,29-01-2025,2459.39,Success,Transaction Approved
TXN_902272,ORD_12105,CUST_2171,  PAY_DC   ,25-07-2024,1199.2,Success,Transaction Approved
TXN_902273,ORD_12106,CUST_2036,  PAY_DC   ,01-07-2025,918.42,Success,
TXN_902274,ORD_12107,CUST_2269,PAY_CC,18-03-2024,867.37,Success,
TXN_902275,ORD_12108,CUST_2208,PAY_NB,08-07-2024,1078.17,Success,Transaction Approved
TXN_902276,ORD_12109,CUST_2281,PAY_DC,14-09-2024,2335.42,Success,Transaction Approved
TXN_902277,ORD_12110,CUST_2091,PAY_CC,18-11-2024,1899.24,Success,
TXN_902278,ORD_12111,CUST_2071,PAY_DC,15-08-2024,8318.96,Failed,Network Timeout
TXN_902279,ORD_12111,CUST_2071,PAY_AJIO_WALLET,15-08-2024,8318.96,Success,Transaction Approved
TXN_902280,ORD_12112,CUST_2202,PAY_NB,07-05-2024,724.48,Success,Transaction Approved
TXN_902281,ORD_12113,CUST_2290,PAY_UPI,19-06-2024,958.3,Success,
TXN_902282,ORD_12114,CUST_2253,PAY_DC,11-03-2024,2178.8,success,Transaction Approved
TXN_902283,ORD_12115,CUST_2052,PAY_COD,18-02-2024,1887.64,Success,Transaction Approved
TXN_902284,ORD_12116,CUST_2010,PAY_DC,15-12-2024,493.11,Success,Transaction Approved
TXN_902285,ORD_12117,CUST_2091,PAY_UPI,07-08-2024,958.3,Success,
TXN_902286,ORD_12118,CUST_2138,PAY_AJIO_WALLET,02-12-2024,966.39,Success,Transaction Approved
TXN_902287,ORD_12119,CUST_2225,PAY_NB,31-01-2024,798.5,Success,
TXN_902288,ORD_12120,CUST_2214,PAY_AJIO_WALLET,26-02-2024,867.37,Success,Transaction Approved
TXN_902289,ORD_12121,CUST_2094,PAY_DC,28-10-2024,3077.23,Success,Transaction Approved
TXN_902290,ORD_12122,CUST_2174,PAY_DC,09-09-2024,2398.4,Success,
TXN_902291,ORD_12123,CUST_2098,PAY_COD,30-06-2024,1078.17,Success,Transaction Approved
TXN_902292,ORD_12124,CUST_2015,  PAY_AJIO_WALLET   ,20-07-2024,12956.76,Success,Transaction Approved
TXN_902293,ORD_12125,CUST_2111,PAY_AJIO_WALLET,23-10-2024,348.4,  Success   ,
TXN_902294,ORD_12126,CUST_2179,PAY_CC,11-09-2024,1776.44,Success,Transaction Approved
TXN_902295,ORD_12127,CUST_2146,PAY_NB,18-02-2024,2013.48,Success,
TXN_902296,ORD_12128,CUST_2173,PAY_NB,07-02-2024,1274.15,Success,Transaction Approved
TXN_902297,ORD_12129,CUST_2125,PAY_AJIO_WALLET,24-01-2024,2429.39,Success,Transaction Approved
TXN_902298,ORD_12130,CUST_2018,PAY_COD,01-07-2024,1199.2,Success,
TXN_902299,ORD_12131,CUST_2293,PAY_NB,17-07-2024,1119.44,Success,Transaction Approved
TXN_902300,ORD_12132,CUST_2023,PAY_CC,21-12-2024,867.37,Success,
TXN_902301,ORD_12133,CUST_2112,PAY_NB,23-12-2024,1428.9,Success,  Transaction Approved   
TXN_902302,ORD_12134,CUST_2011,PAY_COD,21-03-2024,4815.4,Success,
TXN_902303,ORD_12135,CUST_2112,PAY_DC,18-04-2024,958.3,Success,Transaction Approved
TXN_902304,ORD_12136,CUST_2067,PAY_CC,10-02-2024,798.5,SUCCESS,Transaction Approved
TXN_902305,ORD_12137,CUST_2032,PAY_AJIO_WALLET,17-03-2024,1528.98,Failed,Insufficient Funds
TXN_902306,ORD_12137,CUST_2032,PAY_AJIO_WALLET,17-03-2024,1528.98,Success,Transaction Approved
TXN_902307,ORD_12138,CUST_2158,PAY_UPI,17-01-2024,1899.24,SUCCESS,Transaction Approved
TXN_902308,ORD_12139,CUST_2216,PAY_UPI,22-11-2024,5311.34,  Failed   ,Authentication Failed
TXN_902309,ORD_12139,CUST_2216,PAY_UPI,22-11-2024,5311.34,  Success   ,Transaction Approved
TXN_902310,ORD_12140,CUST_2212,PAY_CC,29-02-2024,2174.13,Success,Transaction Approved
TXN_902311,ORD_12141,CUST_2228,PAY_CC,24-05-2024,2189.45,Success,Transaction Approved
TXN_902312,ORD_12142,CUST_2234,PAY_NB,10-05-2024,1899.24,Success,Transaction Approved
TXN_902313,ORD_12143,CUST_2290,PAY_UPI,30-10-2024,965.44,Success,
TXN_902314,ORD_12144,CUST_2203,PAY_CC,04-01-2024,2518.32,Success,
TXN_902315,ORD_12145,CUST_2073,PAY_DC,05-10-2024,3260.32,Success,
TXN_902316,ORD_12146,CUST_2013,PAY_CC,28-02-2024,2158.56,Success,Transaction Approved
TXN_902317,ORD_12147,CUST_2083,PAY_NB,08-08-2024,11677.08,SUCCESS,Transaction Approved
TXN_902318,ORD_12148,CUST_2051,  PAY_NB   ,02-04-2024,2178.8,Success,Transaction Approved
TXN_902319,ORD_12149,CUST_2269,PAY_NB,01-05-2025,3839.52,Success,Transaction Approved
TXN_902320,ORD_12150,CUST_2290,PAY_UPI,18-04-2024,3479.13,Success,Transaction Approved
TXN_902321,ORD_12151,CUST_2282,PAY_AJIO_WALLET,18-10-2024,3899.51,Success,Transaction Approved
TXN_902322,ORD_12152,CUST_2241,PAY_AJIO_WALLET,21-09-2024,1818.6,Success,Transaction Approved
TXN_902323,ORD_12153,CUST_2174,PAY_COD,24-12-2024,4858.78,Success,transaction approved
TXN_902324,ORD_12154,CUST_2035,PAY_NB,24-10-2024,13258.34,Success,
TXN_902325,ORD_12155,CUST_2261,PAY_DC,20-09-2024,3949.21,Success,Transaction Approved
TXN_902326,ORD_12156,CUST_2245,pay_upi,11-10-2024,958.3,Success,Transaction Approved
TXN_902327,ORD_12157,CUST_2118,PAY_CC,22-05-2024,493.11,Success,Transaction Approved
TXN_902328,ORD_12158,CUST_2143,PAY_AJIO_WALLET,25-09-2024,813.49,Success,Transaction Approved
TXN_902329,ORD_12159,CUST_2185,PAY_AJIO_WALLET,12-10-2024,2276.86,Success,TRANSACTION APPROVED
TXN_902330,ORD_12160,CUST_2007,PAY_AJIO_WALLET,21-05-2024,493.11,Failed,
TXN_902331,ORD_12160,CUST_2007,PAY_COD,21-05-2024,493.11,Success,
TXN_902332,ORD_12161,CUST_2068,PAY_COD,03-06-2024,937.22,Failed,Network Timeout
TXN_902333,ORD_12161,CUST_2068,PAY_NB,03-07-2024,937.22,Success,
TXN_902334,ORD_12162,CUST_2125,PAY_CC,23-01-2025,724.48,  Success   ,Transaction Approved
TXN_902335,ORD_12163,CUST_2214,PAY_UPI,04-10-2024,1899.24,Success,Transaction Approved
TXN_902336,ORD_12164,CUST_2030,PAY_NB,13-08-2024,724.48,Success,Transaction Approved
TXN_902337,ORD_12165,CUST_2204,PAY_UPI,03-08-2024,798.5,Success,Transaction Approved
TXN_902338,ORD_12166,CUST_2083,PAY_COD,17-12-2024,716.96,Success,Transaction Approved
TXN_902339,ORD_12167,CUST_2194,PAY_UPI,28-09-2024,965.44,Success,Transaction Approved
TXN_902340,ORD_12168,CUST_2015,PAY_AJIO_WALLET,02-04-2024,2961.91,Success,Transaction Approved
TXN_902341,ORD_12169,CUST_2084,PAY_UPI,08-02-2024,493.11,Success,Transaction Approved
TXN_902342,ORD_12170,CUST_2029,PAY_NB,08-01-2024,724.48,Failed,Network Timeout
TXN_902343,ORD_12170,CUST_2029,PAY_CC,08-01-2024,724.48,Success,  Transaction Approved   
TXN_902344,ORD_12171,CUST_2021,PAY_AJIO_WALLET,13-02-2024,736.14,Success,Transaction Approved
TXN_902345,ORD_12172,CUST_2202,PAY_UPI,02-02-2025,724.48,SUCCESS,
TXN_902346,ORD_12173,CUST_2019,PAY_COD,11-05-2024,1478.01,Failed,User Cancelled
TXN_902347,ORD_12173,CUST_2019,PAY_DC,11-05-2024,1478.01,success,Transaction Approved
TXN_902348,ORD_12174,CUST_2291,PAY_UPI,07-11-2024,1119.44,Success,Transaction Approved
TXN_902349,ORD_12175,CUST_2067,PAY_COD,03-01-2024,965.44,Success,Transaction Approved
TXN_902350,ORD_12176,CUST_2076,PAY_COD,13-01-2025,11255.25,success,
TXN_902351,ORD_12177,CUST_2285,PAY_DC,13-12-2024,2050.63,Success,Transaction Approved
TXN_902352,ORD_12178,CUST_2021,PAY_COD,11-12-2024,7799.02,Success,Transaction Approved
TXN_902353,ORD_12179,CUST_2209,PAY_CC,30-12-2024,493.11,Success,Transaction Approved
TXN_902354,ORD_12180,CUST_2293,PAY_DC,22-06-2024,1821.85,Success,Transaction Approved
TXN_902355,ORD_12181,CUST_2145,PAY_DC,29-09-2024,874.95,Success,Transaction Approved
TXN_902356,ORD_12182,CUST_2134,PAY_UPI,02-10-2024,6230.44,Failed,Insufficient Funds
TXN_902357,ORD_12182,CUST_2134,PAY_AJIO_WALLET,02-10-2024,6230.44,Success,Transaction Approved
TXN_902358,ORD_12183,CUST_2271,PAY_UPI,16-05-2024,3310.9,Success,  Transaction Approved   
TXN_902359,ORD_12184,CUST_2200,PAY_NB,18-06-2024,3077.23,Success,Transaction Approved
TXN_902360,ORD_12185,CUST_2138,PAY_AJIO_WALLET,07-03-2024,1327.34,Success,Transaction Approved
TXN_902361,ORD_12186,CUST_2289,PAY_DC,01-07-2025,2897.03,Success,Transaction Approved
TXN_902362,ORD_12187,CUST_2196,PAY_COD,05-03-2024,4351.46,Success,Transaction Approved
TXN_902363,ORD_12188,CUST_2147,PAY_NB,20-10-2024,1925.12,  Success   ,Transaction Approved
TXN_902364,ORD_12189,CUST_2157,PAY_DC,11-01-2024,1848.01,Success,
TXN_902365,ORD_12190,CUST_2191,PAY_COD,04-03-2024,2142.93,Success,Transaction Approved
TXN_902366,ORD_12191,CUST_2123,PAY_DC,02-01-2025,29236.35,Failed,  User Cancelled   
TXN_902367,ORD_12191,CUST_2123,PAY_UPI,02-01-2025,29236.35,Success,
TXN_902368,ORD_12192,CUST_2137,PAY_UPI,12-07-2024,958.3,Success,Transaction Approved
TXN_902369,ORD_12193,CUST_2299,PAY_CC,06-03-2024,6886.28,Success,Transaction Approved
TXN_902370,ORD_12194,CUST_2110,PAY_UPI,22-04-2024,2158.56,Success,Transaction Approved
TXN_902371,ORD_12195,CUST_2116,PAY_AJIO_WALLET,26-11-2024,6958.26,Success,
TXN_902372,ORD_12196,CUST_2254,PAY_DC,03-02-2024,1848.01,Success,
TXN_902373,ORD_12197,CUST_2282,pay_nb,17-04-2024,1391.07,Success,
TXN_902374,ORD_12198,CUST_2144,PAY_CC,15-09-2024,1659.17,Failed,Network Timeout
TXN_902375,ORD_12198,CUST_2144,PAY_DC,15-09-2024,1659.17,Success,TRANSACTION APPROVED
TXN_902376,ORD_12199,CUST_2256,PAY_COD,24-03-2024,3057.96,Success,Transaction Approved
TXN_902377,ORD_12200,CUST_2013,  PAY_COD   ,16-03-2024,2590.27,Success,Transaction Approved
