Sales_ID,Order_ID,Order_Date,Customer_ID,Product_ID,Seller_ID,Payment_Method_ID,Coupon_ID,Status_ID,Quantity,Unit_Price,Gross_Amount,Discount_Amount,Delivery_Fee,Total_Amount
SALE_50001,ORD_10001,28-03-2024,CUST_2151,PROD_1001,SEL_506,PAY_DC,COUP_NONE,ST_DEL,1,6879.14,6879.14,0,0,6879.14
SALE_50002,ORD_10002,11-10-2024,CUST_2039,PROD_1018,SEL_515,PAY_UPI,,ST_DEL,2,5199.35,10398.7,2079.74,0,8318.96
SALE_50003,ORD_10003,21-02-2024,CUST_2221,PROD_1021,SEL_503,PAY_NB,COUP_TRENDS30,ST_DEL,1,764.49,764.49,0,49,813.49
SALE_50004,ORD_10004,10-03-2024,CUST_2098,PROD_1014,SEL_512,PAY_NB,COUP_FREESHIP,ST_RET,1,1119.44,1119.44,55.97,0,1063.47
SALE_50005,ORD_10005,09-08-2024,CUST_2153,PROD_1008,SEL_502,PAY_UPI,COUP_TRENDS30,ST_DEL,1,2919.27,2919.27,875.78,0,2043.49
SALE_50006,ORD_10006,09-02-2024,CUST_2002,PROD_1014,SEL_502,PAY_DC,COUP_FREESHIP,ST_DEL,1,1119.44,1119.44,55.97,0,1063.47
SALE_50007,ORD_10007,29-02-2024,CUST_2106,PROD_1006,SEL_511,PAY_DC,COUP_NONE,ST_DEL,2,909.3,1818.6,0,0,1818.6
SALE_50008,ORD_10008,10-05-2024,CUST_2242,PROD_1016,SEL_515,PAY_AJIO_WALLET,COUP_AJIO20,ST_DEL,1,2069.31,2069.31,413.86,,1655.45
SALE_50009,ORD_10009,26-08-2024,CUST_2196,PROD_1012,SEL_503,PAY_COD,,ST_DEL,1,675.48,675.48,0,49,724.48
SALE_50010,ORD_10010,13-02-2024,CUST_2138,PROD_1019,SEL_501,PAY_CC,COUP_FREESHIP,ST_SHP,1,1339.33,1339.33,66.97,0,1272.36
SALE_50011,ORD_10011,17-07-2024,CUST_2278,PROD_1014,SEL_513,PAY_NB,COUP_FIRST100,ST_DEL,1,1119.44,1119.44,,49,1000.52
SALE_50012,ORD_10012,31-08-2024,CUST_2275,PROD_1022,SEL_514,PAY_COD,COUP_FESTIVE25,ST_RET,1,714.45,714.45,0,49,763.45
SALE_50013,ORD_10013,13-11-2024,CUST_2018,PROD_1017,SEL_510,PAY_NB,COUP_FESTIVE25,ST_SHP,1,2174.13,2174.13,543.53,0,1630.6
SALE_50014,ORD_10014,08-04-2024,CUST_2230,PROD_1006,SEL_503,PAY_CC,COUP_FIRST100,ST_DEL,5,909.3,4546.5,681.98,0,3864.52
SALE_50015,ORD_10015,05-12-2024,CUST_2223,PROD_1007,SEL_514,PAY_AJIO_WALLET,COUP_FIRST100,ST_CAN,3,3279.18,9837.54,1475.63,0,8361.91
SALE_50016,ORD_10016,21-05-2024,CUST_2035,PROD_1003,SEL_507,PAY_NB,COUP_TRENDS30,ST_DEL,1,503.37,503.37,0,49,552.37
SALE_50017,ORD_10017,08-02-2024,CUST_2007,PROD_1026,SEL_512,PAY_NB,COUP_FESTIVE25,ST_DEL,1,5119.36,5119.36,1279.84,0,3839.52
SALE_50018,ORD_10018,15-10-2024,CUST_2076,PROD_1019,SEL_510,PAY_NB,COUP_NONE,ST_RET,2,1339.33,2678.66,,0,2678.66
SALE_50019,ORD_10019,09-05-2024,CUST_2275,PROD_1029,SEL_506,PAY_COD,COUP_AJIO20,ST_DEL,1,749.5,749.5,0,49,798.5
SALE_50020,ORD_10020,14-12-2024,CUST_2020,PROD_1006,SEL_505,PAY_COD,COUP_FIRST100,ST_DEL,1,909.3,909.3,0,49,958.3
SALE_50021,ORD_10021,16-01-2025,CUST_2203,PROD_1029,SEL_515,PAY_DC,COUP_FREESHIP,ST_DEL,3,749.5,2248.5,112.43,0,2136.07
SALE_50022,ORD_10022,09-08-2024,CUST_2191,PROD_1001,SEL_506,PAY_DC,COUP_AJIO20,ST_DEL,1,6879.14,6879.14,1375.83,0,5503.31
SALE_50023,ORD_10023,13-06-2024,CUST_2117,PROD_1005,SEL_505,PAY_AJIO_WALLET,COUP_TRENDS30,ST_PEN,2,444.11,888.22,,49,937.22
SALE_50024,ORD_10024,23-01-2025,CUST_2046,PROD_1007,SEL_508,PAY_CC,COUP_TRENDS30,ST_SHP,2,3279.18,6558.36,1967.51,0,4590.85
SALE_50025,ORD_10025,16-09-2024,CUST_2029,PROD_1017,SEL_513,PAY_CC,COUP_NONE,ST_DEL,1,2174.13,2174.13,0,0,2174.13
SALE_50026,ORD_10026,04-12-2024,CUST_2269,PROD_1029,SEL_510,PAY_UPI,COUP_FIRST100,ST_DEL,1,749.5,749.5,0,49,798.5
SALE_50027,ORD_10027,07-07-2024,CUST_2234,PROD_1002,SEL_515,PAY_DC,COUP_FREESHIP,ST_DEL,1,1199.2,1199.2,59.96,0,1139.24
SALE_50028,ORD_10028,16-08-2024,CUST_2064,PROD_1022,SEL_501,PAY_CC,COUP_AJIO20,ST_DEL,4,714.45,2857.8,571.56,0,2286.24
SALE_50029,ORD_10029,05-12-2024,CUST_2243,PROD_1019,SEL_509,PAY_DC,COUP_AJIO20,ST_DEL,1,1339.33,1339.33,0,0,1339.33
SALE_50030,ORD_10030,19-04-2024,CUST_2015,PROD_1013,SEL_501,PAY_CC,COUP_FESTIVE25,ST_PEN,1,687.14,687.14,0,49,736.14
SALE_50031,ORD_10031,02-03-2025,CUST_2106,PROD_1009,SEL_511,PAY_COD,COUP_FESTIVE25,ST_DEL,1,3949.21,3949.21,987.3,0,2961.91
SALE_50032,ORD_10032,11-07-2024,CUST_2068,PROD_1021,SEL_503,PAY_NB,COUP_NONE,ST_DEL,2,764.49,1528.98,0,0,1528.98
SALE_50033,ORD_10033,21-04-2024,CUST_2141,PROD_1014,SEL_515,PAY_COD,COUP_AJIO20,ST_DEL,1,1119.44,1119.44,0,0,1119.44
SALE_50034,ORD_10034,18-09-2024,CUST_2267,PROD_1027,SEL_510,PAY_COD,COUP_FESTIVE25,ST_DEL,4,6639.17,26556.68,6639.17,0,19917.51
SALE_50035,ORD_10035,16-12-2024,CUST_2192,PROD_1018,SEL_511,PAY_NB,COUP_FESTIVE25,ST_DEL,1,5199.35,5199.35,1299.84,0,3899.51
SALE_50036,ORD_10036,30-12-2024,CUST_2173,PROD_1009,SEL_511,PAY_DC,COUP_AJIO20,ST_DEL,1,3949.21,3949.21,789.84,0,3159.37
SALE_50037,ORD_10037,03-11-2024,CUST_2077,PROD_1017,SEL_513,PAY_CC,COUP_NONE,ST_CAN,1,2174.13,2174.13,,0,2174.13
SALE_50038,ORD_10038,12-05-2024,CUST_2072,PROD_1024,SEL_501,PAY_AJIO_WALLET,COUP_TRENDS30,ST_EXC,1,1659.17,1659.17,0,0,1659.17
SALE_50039,ORD_10039,31-12-2024,CUST_2019,PROD_1019,SEL_512,PAY_NB,COUP_FIRST100,ST_DEL,1,1339.33,1339.33,200.9,0,1138.43
SALE_50040,ORD_10040,28-03-2024,CUST_2244,PROD_1030,SEL_511,PAY_DC,COUP_FESTIVE25,ST_DEL,2,3239.19,6478.38,1619.6,0,4858.78
SALE_50041,ORD_10041,01-06-2025,CUST_2093,PROD_1010,SEL_502,PAY_COD,COUP_FIRST100,ST_SHP,2,299.4,598.8,0,49,647.8
SALE_50042,ORD_10042,30-06-2024,CUST_2094,PROD_1022,SEL_515,PAY_DC,COUP_FREESHIP,ST_DEL,2,714.45,1428.9,71.45,0,1357.45
SALE_50043,ORD_10043,30-05-2024,CUST_2158,PROD_1014,SEL_513,PAY_DC,COUP_AJIO20,ST_DEL,2,1119.44,2238.88,447.78,0,1791.1
SALE_50044,ORD_10044,13-11-2024,CUST_2241,PROD_1002,SEL_514,PAY_AJIO_WALLET,COUP_FESTIVE25,ST_DEL,1,1199.2,1199.2,0,0,1199.2
SALE_50045,ORD_10045,30-07-2024,CUST_2100,PROD_1017,SEL_502,PAY_AJIO_WALLET,COUP_TRENDS30,ST_DEL,2,2174.13,4348.26,1304.48,0,3043.78
SALE_50046,ORD_10046,22-08-2024,CUST_2078,PROD_1005,SEL_504,PAY_DC,COUP_TRENDS30,ST_EXC,1,444.11,444.11,0,49,493.11
SALE_50047,ORD_10047,31-03-2024,CUST_2093,PROD_1025,SEL_502,PAY_COD,COUP_AJIO20,ST_DEL,1,818.37,818.37,0,49,867.37
SALE_50048,ORD_10048,22-03-2024,CUST_2003,PROD_1015,SEL_505,PAY_CC,COUP_FIRST100,ST_DEL,2,869.42,1738.84,260.83,0,1478.01
SALE_50049,ORD_10049,08-07-2024,CUST_2046,PROD_1005,SEL_510,PAY_COD,COUP_FREESHIP,ST_DEL,1,444.11,444.11,0,49,493.11
SALE_50050,ORD_10050,13-06-2024,CUST_2020,PROD_1018,SEL_504,PAY_AJIO_WALLET,COUP_AJIO20,ST_RET,1,5199.35,5199.35,1039.87,0,4159.48
SALE_50051,ORD_10051,25-06-2024,CUST_2003,PROD_1021,SEL_512,PAY_CC,,ST_SHP,1,764.49,764.49,0,49,813.49
SALE_50052,ORD_10052,24-01-2024,CUST_2197,PROD_1017,SEL_510,PAY_DC,COUP_FIRST100,ST_DEL,3,2174.13,6522.39,,0,5544.03
SALE_50053,ORD_10053,17-12-2024,CUST_2234,PROD_1024,SEL_509,PAY_NB,COUP_FESTIVE25,ST_DEL,1,1659.17,1659.17,0,,1659.17
SALE_50054,ORD_10054,25-07-2024,CUST_2251,PROD_1012,SEL_513,PAY_CC,COUP_FIRST100,ST_RET,1,675.48,675.48,0,49,724.48
SALE_50055,ORD_10055,03-04-2024,CUST_2068,PROD_1007,SEL_512,PAY_UPI,,ST_DEL,2,3279.18,6558.36,1639.59,0,4918.77
SALE_50056,ORD_10056,15-11-2024,CUST_2020,PROD_1013,SEL_515,PAY_AJIO_WALLET,COUP_AJIO20,ST_PEN,1,687.14,687.14,0,49,736.14
SALE_50057,ORD_10057,29-02-2024,CUST_2025,PROD_1022,SEL_502,PAY_AJIO_WALLET,COUP_NONE,ST_DEL,1,714.45,714.45,0,49,763.45
SALE_50058,ORD_10058,21-12-2024,CUST_2064,PROD_1018,SEL_505,PAY_COD,COUP_FREESHIP,ST_DEL,1,5199.35,5199.35,259.97,0,4939.38
SALE_50059,ORD_10059,14-11-2024,CUST_2155,PROD_1014,SEL_511,PAY_UPI,COUP_FREESHIP,ST_DEL,2,1119.44,2238.88,111.94,,2126.94
SALE_50060,ORD_10060,03-01-2024,CUST_2215,PROD_1027,SEL_515,PAY_UPI,COUP_FESTIVE25,ST_SHP,1,6639.17,6639.17,1659.79,0,4979.38
SALE_50061,ORD_10061,24-09-2024,CUST_2055,PROD_1016,SEL_504,PAY_NB,,ST_PEN,1,2069.31,2069.31,310.4,0,1758.91
SALE_50062,ORD_10062,16-04-2024,CUST_2210,PROD_1010,SEL_503,PAY_UPI,COUP_FESTIVE25,ST_DEL,3,299.4,898.2,0,49,947.2
SALE_50063,ORD_10063,26-02-2024,CUST_2170,PROD_1008,SEL_501,PAY_UPI,COUP_FREESHIP,ST_DEL,1,2919.27,2919.27,145.96,0,2773.31
SALE_50064,ORD_10064,21-02-2024,CUST_2077,PROD_1003,SEL_513,PAY_NB,COUP_NONE,ST_SHP,1,503.37,503.37,0,49,552.37
SALE_50065,ORD_10065,30-03-2024,CUST_2234,PROD_1010,SEL_505,PAY_COD,COUP_NONE,ST_DEL,2,299.4,598.8,0,49,647.8
SALE_50066,ORD_10066,18-02-2024,CUST_2185,PROD_1026,SEL_511,PAY_DC,COUP_TRENDS30,ST_SHP,1,5119.36,5119.36,,0,3583.55
SALE_50067,ORD_10067,12-08-2024,CUST_2071,PROD_1022,SEL_511,PAY_CC,COUP_AJIO20,ST_DEL,1,714.45,714.45,0,49,763.45
SALE_50068,ORD_10068,23-07-2024,CUST_2048,PROD_1012,SEL_514,PAY_DC,COUP_FIRST100,ST_DEL,1,675.48,675.48,0,49,724.48
SALE_50069,ORD_10069,26-03-2024,CUST_2198,PROD_1023,SEL_514,PAY_COD,COUP_TRENDS30,ST_DEL,1,1079.28,1079.28,0,0,1079.28
SALE_50070,ORD_10070,04-09-2024,CUST_2031,PROD_1028,SEL_503,PAY_UPI,COUP_TRENDS30,ST_RET,1,1078.17,1078.17,0,0,1078.17
SALE_50071,ORD_10071,16-12-2024,CUST_2093,PROD_1020,SEL_507,PAY_DC,COUP_FESTIVE25,ST_DEL,1,703.12,703.12,0,49,752.12
SALE_50072,ORD_10072,13-05-2024,CUST_2250,PROD_1004,SEL_515,PAY_COD,COUP_TRENDS30,ST_DEL,1,3479.13,3479.13,,0,2435.39
SALE_50073,ORD_10073,12-08-2024,CUST_2269,PROD_1025,SEL_512,PAY_NB,COUP_FREESHIP,ST_DEL,1,818.37,818.37,40.92,49,826.45
SALE_50074,ORD_10074,12-05-2024,CUST_2049,PROD_1014,SEL_511,PAY_AJIO_WALLET,COUP_FIRST100,ST_DEL,1,1119.44,1119.44,167.92,49,1000.52
SALE_50075,ORD_10075,25-11-2024,CUST_2077,PROD_1027,SEL_514,PAY_NB,COUP_FESTIVE25,ST_DEL,1,6639.17,6639.17,,0,4979.38
SALE_50076,ORD_10076,13-06-2024,CUST_2241,PROD_1028,SEL_508,PAY_CC,COUP_NONE,ST_PEN,1,1078.17,1078.17,0,0,1078.17
SALE_50077,ORD_10077,25-07-2024,CUST_2143,PROD_1002,SEL_509,PAY_CC,COUP_FESTIVE25,ST_DEL,1,1199.2,1199.2,0,0,1199.2
SALE_50078,ORD_10078,16-08-2024,CUST_2228,PROD_1026,SEL_510,PAY_COD,,ST_CAN,1,5119.36,5119.36,0,0,5119.36
SALE_50079,ORD_10079,19-01-2024,CUST_2255,PROD_1024,SEL_511,PAY_UPI,COUP_NONE,ST_DEL,1,1659.17,1659.17,0,0,1659.17
SALE_50080,ORD_10080,17-09-2024,CUST_2047,PROD_1026,SEL_510,PAY_NB,COUP_FREESHIP,ST_DEL,1,5119.36,5119.36,255.97,0,4863.39
SALE_50081,ORD_10081,18-06-2024,CUST_2234,PROD_1011,SEL_506,PAY_UPI,COUP_FIRST100,ST_CAN,2,1899.24,3798.48,569.77,,3228.71
SALE_50082,ORD_10082,19-02-2024,CUST_2243,PROD_1023,SEL_511,PAY_DC,COUP_FREESHIP,ST_DEL,1,1079.28,1079.28,53.96,0,1025.32
SALE_50083,ORD_10083,07-10-2024,CUST_2175,PROD_1012,SEL_514,PAY_AJIO_WALLET,COUP_AJIO20,ST_DEL,1,675.48,675.48,0,49,724.48
SALE_50084,ORD_10084,24-02-2024,CUST_2085,PROD_1016,SEL_503,PAY_AJIO_WALLET,COUP_FREESHIP,ST_SHP,1,2069.31,2069.31,103.47,0,1965.84
SALE_50085,ORD_10085,02-04-2025,CUST_2097,PROD_1004,SEL_515,PAY_COD,COUP_FIRST100,ST_DEL,2,3479.13,6958.26,1043.74,0,5914.52
SALE_50086,ORD_10086,28-10-2024,CUST_2056,PROD_1025,SEL_507,PAY_UPI,COUP_FREESHIP,ST_CAN,2,818.37,1636.74,81.84,,1554.9
SALE_50087,ORD_10087,09-12-2024,CUST_2231,PROD_1015,SEL_511,PAY_NB,COUP_FESTIVE25,ST_DEL,1,869.42,869.42,0,49,918.42
SALE_50088,ORD_10088,17-09-2024,CUST_2025,PROD_1018,SEL_515,PAY_COD,COUP_FESTIVE25,ST_DEL,1,5199.35,5199.35,1299.84,,3899.51
SALE_50089,ORD_10089,11-03-2024,CUST_2089,PROD_1024,SEL_514,PAY_CC,COUP_NONE,ST_DEL,3,1659.17,4977.51,0,0,4977.51
SALE_50090,ORD_10090,25-01-2025,CUST_2259,PROD_1029,SEL_507,PAY_COD,COUP_FESTIVE25,ST_RET,1,749.5,749.5,0,,798.5
SALE_50091,ORD_10091,24-12-2024,CUST_2176,PROD_1010,SEL_508,PAY_CC,COUP_FIRST100,ST_DEL,1,299.4,299.4,0,49,348.4
SALE_50092,ORD_10092,19-11-2024,CUST_2281,PROD_1028,SEL_506,PAY_AJIO_WALLET,,ST_RET,1,1078.17,1078.17,53.91,0,1024.26
SALE_50093,ORD_10093,28-11-2024,CUST_2149,PROD_1022,SEL_506,PAY_AJIO_WALLET,COUP_FIRST100,ST_EXC,1,714.45,714.45,0,49,763.45
SALE_50094,ORD_10094,19-10-2024,CUST_2166,PROD_1023,SEL_502,PAY_DC,COUP_FESTIVE25,ST_DEL,2,1079.28,2158.56,,0,1618.92
SALE_50095,ORD_10095,13-01-2024,CUST_2274,PROD_1010,SEL_515,PAY_COD,COUP_NONE,ST_DEL,1,299.4,299.4,0,49,348.4
SALE_50096,ORD_10096,15-03-2024,CUST_2029,PROD_1007,SEL_505,PAY_CC,COUP_AJIO20,ST_SHP,1,3279.18,3279.18,655.84,0,2623.34
SALE_50097,ORD_10097,19-08-2024,CUST_2152,PROD_1007,SEL_513,PAY_NB,COUP_NONE,ST_DEL,1,3279.18,3279.18,0,0,3279.18
SALE_50098,ORD_10098,05-01-2024,CUST_2288,PROD_1028,SEL_504,PAY_AJIO_WALLET,COUP_FREESHIP,ST_DEL,2,1078.17,2156.34,107.82,0,2048.52
SALE_50099,ORD_10099,16-12-2024,CUST_2148,PROD_1023,SEL_511,PAY_UPI,COUP_TRENDS30,ST_DEL,4,1079.28,4317.12,,0,3021.98
SALE_50100,ORD_10100,02-03-2025,CUST_2028,PROD_1001,SEL_512,PAY_DC,COUP_FIRST100,ST_DEL,2,6879.14,13758.28,2063.74,0,11694.54
SALE_50101,ORD_10101,02-01-2025,CUST_2189,PROD_1025,SEL_510,PAY_NB,COUP_FREESHIP,ST_DEL,1,818.37,818.37,40.92,49,826.45
SALE_50102,ORD_10102,03-02-2024,CUST_2091,PROD_1022,SEL_502,PAY_CC,,ST_SHP,1,714.45,714.45,0,49,763.45
SALE_50103,ORD_10103,05-10-2024,CUST_2143,PROD_1018,SEL_505,PAY_CC,COUP_FIRST100,ST_DEL,1,5199.35,5199.35,779.9,0,4419.45
SALE_50104,ORD_10104,16-11-2024,CUST_2080,PROD_1002,SEL_503,PAY_DC,,ST_DEL,2,1199.2,2398.4,599.6,0,1798.8
SALE_50105,ORD_10105,28-12-2024,CUST_2155,PROD_1016,SEL_513,PAY_NB,COUP_FESTIVE25,ST_DEL,1,2069.31,2069.31,517.33,0,1551.98
SALE_50106,ORD_10106,10-01-2024,CUST_2095,PROD_1017,SEL_502,PAY_NB,COUP_FIRST100,ST_DEL,1,2174.13,2174.13,326.12,0,1848.01
SALE_50107,ORD_10107,30-05-2024,CUST_2114,PROD_1029,SEL_504,PAY_AJIO_WALLET,COUP_AJIO20,ST_DEL,4,749.5,2998,599.6,0,2398.4
SALE_50108,ORD_10108,26-06-2024,CUST_2272,PROD_1016,SEL_509,PAY_AJIO_WALLET,COUP_NONE,ST_DEL,1,2069.31,2069.31,,0,2069.31
SALE_50109,ORD_10109,28-02-2024,CUST_2125,PROD_1002,SEL_511,PAY_DC,COUP_TRENDS30,ST_RET,1,1199.2,1199.2,0,0,1199.2
SALE_50110,ORD_10110,17-09-2024,CUST_2145,PROD_1001,SEL_515,PAY_NB,COUP_AJIO20,ST_DEL,1,6879.14,6879.14,1375.83,0,5503.31
SALE_50111,ORD_10111,19-02-2024,CUST_2152,PROD_1029,SEL_511,PAY_CC,COUP_AJIO20,ST_DEL,4,749.5,2998,599.6,0,2398.4
SALE_50112,ORD_10112,18-11-2024,CUST_2276,PROD_1018,SEL_501,PAY_AJIO_WALLET,COUP_NONE,ST_DEL,2,5199.35,10398.7,0,0,10398.7
SALE_50113,ORD_10113,14-01-2025,CUST_2218,PROD_1027,SEL_502,PAY_CC,COUP_FESTIVE25,ST_CAN,1,6639.17,6639.17,1659.79,0,4979.38
SALE_50114,ORD_10114,18-06-2024,CUST_2037,PROD_1024,SEL_511,PAY_CC,COUP_NONE,ST_DEL,1,1659.17,1659.17,0,0,1659.17
SALE_50115,ORD_10115,26-04-2024,CUST_2028,PROD_1006,SEL_513,PAY_DC,COUP_FESTIVE25,ST_DEL,1,909.3,909.3,0,,958.3
SALE_50116,ORD_10116,12-10-2024,CUST_2231,PROD_1021,SEL_507,PAY_COD,COUP_AJIO20,ST_DEL,1,764.49,764.49,0,49,813.49
SALE_50117,ORD_10117,02-07-2024,CUST_2033,PROD_1025,SEL_512,PAY_NB,COUP_NONE,ST_SHP,3,818.37,2455.11,,0,2455.11
SALE_50118,ORD_10118,24-05-2024,CUST_2055,PROD_1010,SEL_513,PAY_AJIO_WALLET,COUP_AJIO20,ST_DEL,1,299.4,299.4,0,49,348.4
SALE_50119,ORD_10119,19-07-2024,CUST_2016,PROD_1016,SEL_503,PAY_NB,COUP_FIRST100,ST_DEL,1,2069.31,2069.31,310.4,0,1758.91
SALE_50120,ORD_10120,01-06-2024,CUST_2074,PROD_1010,SEL_511,PAY_AJIO_WALLET,COUP_FREESHIP,ST_DEL,2,299.4,598.8,29.94,49,617.86
SALE_50121,ORD_10121,10-02-2024,CUST_2073,PROD_1004,SEL_501,PAY_UPI,COUP_FESTIVE25,ST_DEL,3,3479.13,10437.39,2609.35,0,7828.04
SALE_50122,ORD_10122,30-07-2024,CUST_2157,PROD_1007,SEL_512,PAY_AJIO_WALLET,COUP_FREESHIP,ST_DEL,2,3279.18,6558.36,327.92,0,6230.44
SALE_50123,ORD_10123,04-09-2024,CUST_2073,PROD_1006,SEL_503,PAY_CC,COUP_FESTIVE25,ST_CAN,1,909.3,909.3,0,49,958.3
SALE_50124,ORD_10124,02-07-2024,CUST_2291,PROD_1028,SEL_501,PAY_NB,COUP_TRENDS30,ST_DEL,1,1078.17,1078.17,0,0,1078.17
SALE_50125,ORD_10125,18-06-2024,CUST_2129,PROD_1004,SEL_504,PAY_AJIO_WALLET,COUP_FESTIVE25,ST_DEL,1,3479.13,3479.13,869.78,0,2609.35
SALE_50126,ORD_10126,06-11-2024,CUST_2121,PROD_1004,SEL_505,PAY_NB,COUP_NONE,ST_RET,1,3479.13,3479.13,0,,3479.13
SALE_50127,ORD_10127,06-10-2024,CUST_2157,PROD_1023,SEL_510,PAY_CC,COUP_FESTIVE25,ST_DEL,1,1079.28,1079.28,0,0,1079.28
SALE_50128,ORD_10128,08-11-2024,CUST_2161,PROD_1008,SEL_513,PAY_CC,COUP_FREESHIP,ST_SHP,2,2919.27,5838.54,291.93,0,5546.61
SALE_50129,ORD_10129,07-02-2024,CUST_2069,PROD_1022,SEL_512,PAY_DC,COUP_TRENDS30,ST_DEL,1,714.45,714.45,0,49,763.45
SALE_50130,ORD_10130,03-12-2024,CUST_2056,PROD_1006,SEL_511,PAY_NB,COUP_NONE,ST_CAN,1,909.3,909.3,0,49,958.3
SALE_50131,ORD_10131,24-10-2024,CUST_2040,PROD_1024,SEL_502,PAY_UPI,COUP_FESTIVE25,ST_DEL,1,1659.17,1659.17,0,0,1659.17
SALE_50132,ORD_10132,10-03-2024,CUST_2109,PROD_1030,SEL_501,PAY_NB,COUP_AJIO20,ST_DEL,1,3239.19,3239.19,647.84,0,2591.35
SALE_50133,ORD_10133,28-05-2024,CUST_2077,PROD_1012,SEL_507,PAY_CC,,ST_SHP,1,675.48,675.48,0,49,724.48
SALE_50134,ORD_10134,05-02-2024,CUST_2262,PROD_1003,SEL_507,PAY_DC,COUP_FESTIVE25,ST_DEL,1,503.37,503.37,0,,552.37
SALE_50135,ORD_10135,16-10-2024,CUST_2264,PROD_1005,SEL_508,PAY_CC,COUP_FIRST100,ST_DEL,2,444.11,888.22,0,49,937.22
SALE_50136,ORD_10136,24-01-2025,CUST_2075,PROD_1024,SEL_512,PAY_COD,COUP_AJIO20,ST_DEL,1,1659.17,1659.17,,0,1327.34
SALE_50137,ORD_10137,07-03-2024,CUST_2136,PROD_1012,SEL_504,PAY_UPI,COUP_FREESHIP,ST_DEL,1,675.48,675.48,33.77,,690.71
SALE_50138,ORD_10138,26-12-2024,CUST_2233,PROD_1029,SEL_501,PAY_UPI,COUP_FREESHIP,ST_DEL,1,749.5,749.5,37.48,49,761.02
SALE_50139,ORD_10139,30-03-2024,CUST_2141,PROD_1027,SEL_512,PAY_DC,COUP_FESTIVE25,ST_DEL,1,6639.17,6639.17,1659.79,0,4979.38
SALE_50140,ORD_10140,24-04-2024,CUST_2188,PROD_1019,SEL_511,PAY_UPI,COUP_FESTIVE25,ST_DEL,1,1339.33,1339.33,0,0,1339.33
SALE_50141,ORD_10141,03-12-2024,CUST_2177,PROD_1016,SEL_513,PAY_COD,COUP_FESTIVE25,ST_DEL,1,2069.31,2069.31,,0,1551.98
SALE_50142,ORD_10142,21-03-2024,CUST_2040,PROD_1017,SEL_511,PAY_DC,COUP_FIRST100,ST_DEL,1,2174.13,2174.13,326.12,0,1848.01
SALE_50143,ORD_10143,09-03-2024,CUST_2061,PROD_1022,SEL_504,PAY_COD,COUP_AJIO20,ST_SHP,1,714.45,714.45,0,49,763.45
SALE_50144,ORD_10144,23-01-2024,CUST_2108,PROD_1019,SEL_503,PAY_AJIO_WALLET,,ST_DEL,1,1339.33,1339.33,0,0,1339.33
SALE_50145,ORD_10145,16-03-2024,CUST_2083,PROD_1005,SEL_511,PAY_NB,COUP_NONE,ST_RET,1,444.11,444.11,0,49,493.11
SALE_50146,ORD_10146,01-03-2025,CUST_2093,PROD_1017,SEL_507,PAY_NB,COUP_FESTIVE25,ST_DEL,2,2174.13,4348.26,1087.07,0,3261.19
SALE_50147,ORD_10147,28-03-2024,CUST_2044,PROD_1007,SEL_508,PAY_NB,COUP_TRENDS30,ST_CAN,2,3279.18,6558.36,1967.51,0,4590.85
SALE_50148,ORD_10148,15-05-2024,CUST_2074,PROD_1026,SEL_510,PAY_CC,COUP_FESTIVE25,ST_SHP,2,5119.36,10238.72,2559.68,0,7679.04
SALE_50149,ORD_10149,07-12-2024,CUST_2176,PROD_1030,SEL_508,PAY_NB,,ST_DEL,1,3239.19,3239.19,809.8,0,2429.39
SALE_50150,ORD_10150,17-03-2024,CUST_2009,PROD_1007,SEL_509,PAY_NB,COUP_FREESHIP,ST_DEL,1,3279.18,3279.18,163.96,0,3115.22
SALE_50151,ORD_10151,29-09-2024,CUST_2244,PROD_1029,SEL_510,PAY_NB,COUP_NONE,ST_CAN,2,749.5,1499,0,,1499
SALE_50152,ORD_10152,01-01-2024,CUST_2048,PROD_1016,SEL_511,PAY_CC,COUP_FESTIVE25,ST_DEL,1,2069.31,2069.31,517.33,0,1551.98
SALE_50153,ORD_10153,27-04-2024,CUST_2268,PROD_1014,SEL_506,PAY_UPI,,ST_DEL,2,1119.44,2238.88,111.94,0,2126.94
SALE_50154,ORD_10154,08-05-2024,CUST_2196,PROD_1012,SEL_510,PAY_AJIO_WALLET,COUP_FREESHIP,ST_DEL,1,675.48,675.48,33.77,49,690.71
SALE_50155,ORD_10155,10-05-2024,CUST_2120,PROD_1030,SEL_514,PAY_UPI,COUP_AJIO20,ST_DEL,1,3239.19,3239.19,647.84,0,2591.35
SALE_50156,ORD_10156,23-09-2024,CUST_2003,PROD_1023,SEL_512,PAY_UPI,COUP_FESTIVE25,ST_DEL,1,1079.28,1079.28,0,0,1079.28
SALE_50157,ORD_10157,20-03-2024,CUST_2106,PROD_1023,SEL_513,PAY_DC,COUP_TRENDS30,ST_DEL,1,1079.28,1079.28,0,0,1079.28
SALE_50158,ORD_10158,11-09-2024,CUST_2130,PROD_1009,SEL_514,PAY_NB,COUP_TRENDS30,ST_DEL,5,3949.21,19746.05,5923.81,0,13822.24
SALE_50159,ORD_10159,09-04-2024,CUST_2204,PROD_1025,SEL_504,PAY_COD,COUP_FESTIVE25,ST_PEN,1,818.37,818.37,0,49,867.37
SALE_50160,ORD_10160,27-12-2024,CUST_2285,PROD_1016,SEL_505,PAY_DC,COUP_FESTIVE25,ST_DEL,2,2069.31,4138.62,1034.65,0,3103.97
SALE_50161,ORD_10161,21-02-2024,CUST_2061,PROD_1024,SEL_504,PAY_COD,COUP_FREESHIP,ST_RET,1,1659.17,1659.17,82.96,0,1576.21
SALE_50162,ORD_10162,27-01-2024,CUST_2174,PROD_1026,SEL_509,PAY_NB,,ST_SHP,1,5119.36,5119.36,255.97,0,4863.39
SALE_50163,ORD_10163,08-10-2024,CUST_2003,PROD_1026,SEL_502,PAY_CC,COUP_TRENDS30,ST_RET,1,5119.36,5119.36,1535.81,0,3583.55
SALE_50164,ORD_10164,24-07-2024,CUST_2114,PROD_1012,SEL_502,PAY_NB,COUP_NONE,ST_SHP,1,675.48,675.48,0,49,724.48
SALE_50165,ORD_10165,08-12-2024,CUST_2147,PROD_1023,SEL_510,PAY_UPI,,ST_DEL,1,1079.28,1079.28,161.89,49,966.39
SALE_50166,ORD_10166,23-12-2024,CUST_2266,PROD_1010,SEL_504,PAY_UPI,COUP_FESTIVE25,ST_DEL,1,299.4,299.4,0,49,348.4
SALE_50167,ORD_10167,14-02-2024,CUST_2019,PROD_1012,SEL_504,PAY_AJIO_WALLET,,ST_RET,2,675.48,1350.96,0,0,1350.96
SALE_50168,ORD_10168,01-08-2024,CUST_2181,PROD_1022,SEL_507,PAY_COD,COUP_FESTIVE25,ST_DEL,3,714.45,2143.35,535.84,0,1607.51
SALE_50169,ORD_10169,21-05-2024,CUST_2282,PROD_1010,SEL_512,PAY_NB,,ST_DEL,1,299.4,299.4,0,49,348.4
SALE_50170,ORD_10170,30-03-2024,CUST_2100,PROD_1015,SEL_515,PAY_COD,COUP_FESTIVE25,ST_DEL,1,869.42,869.42,0,49,918.42
SALE_50171,ORD_10171,19-09-2024,CUST_2287,PROD_1003,SEL_509,PAY_DC,COUP_AJIO20,ST_RET,2,503.37,1006.74,0,0,1006.74
SALE_50172,ORD_10172,29-01-2025,CUST_2295,PROD_1009,SEL_512,PAY_COD,COUP_TRENDS30,ST_DEL,2,3949.21,7898.42,2369.53,0,5528.89
SALE_50173,ORD_10173,05-12-2024,CUST_2235,PROD_1022,SEL_508,PAY_NB,COUP_NONE,ST_DEL,1,714.45,714.45,0,49,763.45
SALE_50174,ORD_10174,29-06-2024,CUST_2113,PROD_1022,SEL_512,PAY_CC,COUP_AJIO20,ST_DEL,1,714.45,714.45,0,49,763.45
SALE_50175,ORD_10175,24-06-2024,CUST_2135,PROD_1008,SEL_505,PAY_UPI,COUP_TRENDS30,ST_SHP,1,2919.27,2919.27,875.78,0,2043.49
SALE_50176,ORD_10176,17-05-2024,CUST_2092,PROD_1016,SEL_506,PAY_DC,COUP_FIRST100,ST_RET,3,2069.31,6207.93,931.19,,5276.74
SALE_50177,ORD_10177,15-05-2024,CUST_2098,PROD_1016,SEL_512,PAY_CC,COUP_FIRST100,ST_SHP,1,2069.31,2069.31,310.4,0,1758.91
SALE_50178,ORD_10178,03-02-2024,CUST_2128,PROD_1027,SEL_510,PAY_DC,COUP_FIRST100,ST_PEN,1,6639.17,6639.17,995.88,0,5643.29
SALE_50179,ORD_10179,07-09-2024,CUST_2253,PROD_1020,SEL_501,PAY_NB,COUP_NONE,ST_CAN,1,703.12,703.12,0,49,752.12
SALE_50180,ORD_10180,18-09-2024,CUST_2295,PROD_1028,SEL_505,PAY_COD,,ST_EXC,1,1078.17,1078.17,161.73,49,965.44
SALE_50181,ORD_10181,10-03-2024,CUST_2296,PROD_1005,SEL_501,PAY_NB,COUP_TRENDS30,ST_DEL,1,444.11,444.11,,49,493.11
SALE_50182,ORD_10182,23-12-2024,CUST_2202,PROD_1028,SEL_511,PAY_CC,,ST_RET,1,1078.17,1078.17,0,0,1078.17
SALE_50183,ORD_10183,15-06-2024,CUST_2005,PROD_1001,SEL_511,PAY_CC,COUP_TRENDS30,ST_DEL,1,6879.14,6879.14,2063.74,0,4815.4
SALE_50184,ORD_10184,09-11-2024,CUST_2133,PROD_1006,SEL_509,PAY_DC,COUP_FIRST100,ST_DEL,1,909.3,909.3,0,49,958.3
SALE_50185,ORD_10185,07-05-2024,CUST_2256,PROD_1014,SEL_504,PAY_COD,COUP_FREESHIP,ST_PEN,1,1119.44,1119.44,55.97,0,1063.47
SALE_50186,ORD_10186,21-02-2024,CUST_2093,PROD_1019,SEL_503,PAY_NB,COUP_FREESHIP,ST_DEL,2,1339.33,2678.66,133.93,0,2544.73
SALE_50187,ORD_10187,13-01-2025,CUST_2285,PROD_1014,SEL_514,PAY_COD,COUP_FIRST100,ST_DEL,1,1119.44,1119.44,167.92,49,1000.52
SALE_50188,ORD_10188,18-11-2024,CUST_2005,PROD_1006,SEL_507,PAY_COD,COUP_FIRST100,ST_EXC,1,909.3,909.3,0,49,958.3
SALE_50189,ORD_10189,17-10-2024,CUST_2162,PROD_1026,SEL_508,PAY_DC,COUP_AJIO20,ST_DEL,1,5119.36,5119.36,1023.87,0,4095.49
SALE_50190,ORD_10190,19-02-2024,CUST_2084,PROD_1002,SEL_504,PAY_DC,COUP_TRENDS30,ST_CAN,2,1199.2,2398.4,0,0,2398.4
SALE_50191,ORD_10191,05-11-2024,CUST_2134,PROD_1012,SEL_506,PAY_NB,,ST_RET,1,675.48,675.48,0,49,724.48
SALE_50192,ORD_10192,21-10-2024,CUST_2063,PROD_1012,SEL_514,PAY_AJIO_WALLET,COUP_FESTIVE25,ST_DEL,1,675.48,675.48,0,49,724.48
SALE_50193,ORD_10193,09-06-2024,CUST_2090,PROD_1025,SEL_505,PAY_DC,COUP_AJIO20,ST_SHP,3,818.37,2455.11,491.02,0,1964.09
SALE_50194,ORD_10194,26-03-2024,CUST_2196,PROD_1020,SEL_505,PAY_COD,COUP_FREESHIP,ST_RET,2,703.12,1406.24,70.31,,1335.93
SALE_50195,ORD_10195,02-06-2024,CUST_2173,PROD_1014,SEL_511,PAY_NB,COUP_FESTIVE25,ST_DEL,1,1119.44,1119.44,0,0,1119.44
SALE_50196,ORD_10196,11-05-2024,CUST_2117,PROD_1011,SEL_506,PAY_AJIO_WALLET,COUP_AJIO20,ST_SHP,1,1899.24,1899.24,379.85,0,1519.39
SALE_50197,ORD_10197,18-08-2024,CUST_2228,PROD_1025,SEL_514,PAY_DC,COUP_FREESHIP,ST_DEL,1,818.37,818.37,40.92,49,826.45
SALE_50198,ORD_10198,15-01-2025,CUST_2012,PROD_1005,SEL_512,PAY_CC,COUP_FREESHIP,ST_DEL,2,444.11,888.22,44.41,49,892.81
SALE_50199,ORD_10199,30-08-2024,CUST_2108,PROD_1006,SEL_507,PAY_UPI,COUP_NONE,ST_DEL,1,909.3,909.3,0,49,958.3
SALE_50200,ORD_10200,20-03-2024,CUST_2204,PROD_1017,SEL_513,PAY_UPI,COUP_NONE,ST_DEL,1,2174.13,2174.13,0,0,2174.13
SALE_50201,ORD_10201,16-11-2024,CUST_2200,PROD_1010,SEL_504,PAY_CC,COUP_FREESHIP,ST_DEL,1,299.4,299.4,0,49,348.4
SALE_50202,ORD_10202,15-06-2024,CUST_2088,PROD_1001,SEL_501,PAY_AJIO_WALLET,,ST_CAN,1,6879.14,6879.14,1375.83,0,5503.31
SALE_50203,ORD_10203,23-12-2024,CUST_2277,PROD_1030,SEL_505,PAY_NB,COUP_TRENDS30,ST_DEL,1,3239.19,3239.19,971.76,0,2267.43
SALE_50204,ORD_10204,23-11-2024,CUST_2234,PROD_1021,SEL_512,PAY_AJIO_WALLET,,ST_DEL,1,764.49,764.49,0,49,813.49
SALE_50205,ORD_10205,07-06-2024,CUST_2178,PROD_1016,SEL_509,PAY_CC,COUP_NONE,ST_DEL,1,2069.31,2069.31,0,0,2069.31
SALE_50206,ORD_10206,28-08-2024,CUST_2156,PROD_1001,SEL_501,PAY_NB,,ST_DEL,1,6879.14,6879.14,1031.87,0,5847.27
SALE_50207,ORD_10207,29-05-2024,CUST_2252,PROD_1025,SEL_508,PAY_DC,COUP_NONE,ST_PEN,1,818.37,818.37,0,49,867.37
SALE_50208,ORD_10208,08-11-2024,CUST_2004,PROD_1018,SEL_506,PAY_CC,COUP_TRENDS30,ST_RET,1,5199.35,5199.35,1559.81,0,3639.54
SALE_50209,ORD_10209,16-11-2024,CUST_2200,PROD_1027,SEL_507,PAY_CC,COUP_AJIO20,ST_DEL,1,6639.17,6639.17,1327.83,0,5311.34
SALE_50210,ORD_10210,30-07-2024,CUST_2140,PROD_1010,SEL_511,PAY_AJIO_WALLET,COUP_FESTIVE25,ST_CAN,2,299.4,598.8,0,49,647.8
SALE_50211,ORD_10211,19-08-2024,CUST_2094,PROD_1005,SEL_505,PAY_UPI,COUP_FREESHIP,ST_DEL,2,444.11,888.22,44.41,49,892.81
SALE_50212,ORD_10212,30-09-2024,CUST_2252,PROD_1007,SEL_506,PAY_UPI,COUP_FIRST100,ST_DEL,1,3279.18,3279.18,491.88,0,2787.3
SALE_50213,ORD_10213,01-05-2024,CUST_2053,PROD_1010,SEL_505,PAY_CC,,ST_DEL,1,299.4,299.4,0,49,348.4
SALE_50214,ORD_10214,09-12-2024,CUST_2008,PROD_1016,SEL_504,PAY_DC,COUP_TRENDS30,ST_DEL,1,2069.31,2069.31,0,0,2069.31
SALE_50215,ORD_10215,19-07-2024,CUST_2017,PROD_1011,SEL_502,PAY_CC,COUP_NONE,ST_DEL,1,1899.24,1899.24,0,0,1899.24
SALE_50216,ORD_10216,03-03-2024,CUST_2093,PROD_1007,SEL_515,PAY_DC,COUP_TRENDS30,ST_CAN,1,3279.18,3279.18,983.75,0,2295.43
SALE_50217,ORD_10217,29-01-2025,CUST_2227,PROD_1008,SEL_512,PAY_UPI,COUP_FIRST100,ST_DEL,1,2919.27,2919.27,437.89,0,2481.38
SALE_50218,ORD_10218,22-03-2024,CUST_2107,PROD_1016,SEL_507,PAY_AJIO_WALLET,COUP_AJIO20,ST_RET,2,2069.31,4138.62,,0,3310.9
SALE_50219,ORD_10219,04-11-2024,CUST_2282,PROD_1017,SEL_502,PAY_DC,COUP_TRENDS30,ST_DEL,3,2174.13,6522.39,1956.72,0,4565.67
SALE_50220,ORD_10220,26-03-2024,CUST_2112,PROD_1004,SEL_504,PAY_AJIO_WALLET,COUP_TRENDS30,ST_DEL,1,3479.13,3479.13,1043.74,0,2435.39
SALE_50221,ORD_10221,19-12-2024,CUST_2203,PROD_1026,SEL_504,PAY_UPI,COUP_NONE,ST_DEL,1,5119.36,5119.36,0,0,5119.36
SALE_50222,ORD_10222,16-02-2024,CUST_2080,PROD_1012,SEL_513,PAY_UPI,COUP_FIRST100,ST_DEL,1,675.48,675.48,0,49,724.48
SALE_50223,ORD_10223,24-02-2024,CUST_2031,PROD_1002,SEL_506,PAY_AJIO_WALLET,COUP_FIRST100,ST_SHP,1,1199.2,1199.2,179.88,0,1019.32
SALE_50224,ORD_10224,08-12-2024,CUST_2163,PROD_1018,SEL_513,PAY_AJIO_WALLET,COUP_AJIO20,ST_CAN,1,5199.35,5199.35,,0,4159.48
SALE_50225,ORD_10225,09-05-2024,CUST_2194,PROD_1012,SEL_512,PAY_CC,COUP_AJIO20,ST_RET,1,675.48,675.48,0,49,724.48
SALE_50226,ORD_10226,27-06-2024,CUST_2278,PROD_1023,SEL_508,PAY_CC,COUP_FESTIVE25,ST_DEL,2,1079.28,2158.56,539.64,0,1618.92
SALE_50227,ORD_10227,28-09-2024,CUST_2141,PROD_1028,SEL_514,PAY_NB,COUP_FESTIVE25,ST_DEL,1,1078.17,1078.17,0,0,1078.17
SALE_50228,ORD_10228,16-09-2024,CUST_2135,PROD_1018,SEL_506,PAY_COD,COUP_NONE,ST_PEN,2,5199.35,10398.7,0,0,10398.7
SALE_50229,ORD_10229,01-04-2025,CUST_2010,PROD_1020,SEL_514,PAY_DC,COUP_FESTIVE25,ST_DEL,1,703.12,703.12,0,49,752.12
SALE_50230,ORD_10230,27-01-2025,CUST_2276,PROD_1027,SEL_507,PAY_CC,COUP_FESTIVE25,ST_SHP,1,6639.17,6639.17,1659.79,0,4979.38
SALE_50231,ORD_10231,24-09-2024,CUST_2145,PROD_1011,SEL_507,PAY_AJIO_WALLET,COUP_AJIO20,ST_DEL,1,1899.24,1899.24,379.85,0,1519.39
SALE_50232,ORD_10232,04-08-2024,CUST_2067,PROD_1006,SEL_514,PAY_UPI,COUP_FIRST100,ST_DEL,1,909.3,909.3,0,49,958.3
SALE_50233,ORD_10233,05-11-2024,CUST_2199,PROD_1022,SEL_508,PAY_NB,COUP_FESTIVE25,ST_SHP,1,714.45,714.45,0,49,763.45
SALE_50234,ORD_10234,02-10-2024,CUST_2037,PROD_1001,SEL_515,PAY_CC,COUP_FREESHIP,ST_DEL,2,6879.14,13758.28,687.91,,13070.37
SALE_50235,ORD_10235,28-12-2024,CUST_2032,PROD_1012,SEL_509,PAY_AJIO_WALLET,COUP_TRENDS30,ST_CAN,2,675.48,1350.96,0,0,1350.96
SALE_50236,ORD_10236,02-09-2024,CUST_2137,PROD_1017,SEL_501,PAY_AJIO_WALLET,COUP_NONE,ST_CAN,4,2174.13,8696.52,0,0,8696.52
SALE_50237,ORD_10237,04-08-2024,CUST_2050,PROD_1004,SEL_512,PAY_CC,COUP_FESTIVE25,ST_DEL,1,3479.13,3479.13,869.78,0,2609.35
SALE_50238,ORD_10238,17-01-2025,CUST_2292,PROD_1021,SEL_503,PAY_NB,COUP_FREESHIP,ST_DEL,2,764.49,1528.98,76.45,0,1452.53
SALE_50239,ORD_10239,23-02-2024,CUST_2296,PROD_1012,SEL_511,PAY_COD,COUP_FREESHIP,ST_SHP,2,675.48,1350.96,67.55,,1283.41
SALE_50240,ORD_10240,11-03-2024,CUST_2282,PROD_1013,SEL_509,PAY_DC,COUP_FREESHIP,ST_DEL,3,687.14,2061.42,103.07,0,1958.35
SALE_50241,ORD_10241,08-08-2024,CUST_2162,PROD_1018,SEL_506,PAY_DC,COUP_TRENDS30,ST_PEN,1,5199.35,5199.35,1559.81,0,3639.54
SALE_50242,ORD_10242,05-10-2024,CUST_2289,PROD_1018,SEL_504,PAY_COD,COUP_FESTIVE25,ST_RET,4,5199.35,20797.4,5199.35,0,15598.05
SALE_50243,ORD_10243,11-01-2024,CUST_2230,PROD_1013,SEL_501,PAY_AJIO_WALLET,COUP_NONE,ST_EXC,1,687.14,687.14,0,49,736.14
SALE_50244,ORD_10244,01-12-2024,CUST_2155,PROD_1001,SEL_505,PAY_CC,COUP_FIRST100,ST_CAN,2,6879.14,13758.28,2063.74,0,11694.54
SALE_50245,ORD_10245,20-01-2024,CUST_2284,PROD_1017,SEL_509,PAY_NB,COUP_FESTIVE25,ST_DEL,1,2174.13,2174.13,543.53,0,1630.6
SALE_50246,ORD_10246,06-02-2024,CUST_2071,PROD_1009,SEL_506,PAY_NB,COUP_FIRST100,ST_DEL,1,3949.21,3949.21,592.38,0,3356.83
SALE_50247,ORD_10247,09-04-2024,CUST_2292,PROD_1030,SEL_504,PAY_AJIO_WALLET,COUP_NONE,ST_SHP,1,3239.19,3239.19,0,0,3239.19
SALE_50248,ORD_10248,20-01-2024,CUST_2296,PROD_1027,SEL_515,PAY_UPI,COUP_FESTIVE25,ST_DEL,1,6639.17,6639.17,1659.79,0,4979.38
SALE_50249,ORD_10249,08-10-2024,CUST_2029,PROD_1030,SEL_513,PAY_DC,COUP_AJIO20,ST_CAN,3,3239.19,9717.57,1943.51,0,7774.06
SALE_50250,ORD_10250,11-04-2024,CUST_2062,PROD_1028,SEL_513,PAY_CC,COUP_FREESHIP,ST_SHP,1,1078.17,1078.17,53.91,0,1024.26
SALE_50251,ORD_10251,16-10-2024,CUST_2196,PROD_1002,SEL_505,PAY_NB,COUP_NONE,ST_DEL,1,1199.2,1199.2,0,0,1199.2
SALE_50252,ORD_10252,16-08-2024,CUST_2114,PROD_1005,SEL_501,PAY_AJIO_WALLET,COUP_FREESHIP,ST_EXC,1,444.11,444.11,0,49,493.11
SALE_50253,ORD_10253,21-06-2024,CUST_2047,PROD_1008,SEL_507,PAY_DC,COUP_TRENDS30,ST_DEL,1,2919.27,2919.27,875.78,0,2043.49
SALE_50254,ORD_10254,08-10-2024,CUST_2026,PROD_1018,SEL_507,PAY_DC,COUP_NONE,ST_DEL,1,5199.35,5199.35,0,0,5199.35
SALE_50255,ORD_10255,19-10-2024,CUST_2070,PROD_1016,SEL_509,PAY_CC,COUP_TRENDS30,ST_DEL,1,2069.31,2069.31,0,0,2069.31
SALE_50256,ORD_10256,14-06-2024,CUST_2269,PROD_1008,SEL_504,PAY_UPI,COUP_AJIO20,ST_PEN,3,2919.27,8757.81,1751.56,,7006.25
SALE_50257,ORD_10257,04-07-2024,CUST_2046,PROD_1004,SEL_511,PAY_COD,,ST_DEL,1,3479.13,3479.13,1043.74,0,2435.39
SALE_50258,ORD_10258,14-08-2024,CUST_2013,PROD_1025,SEL_505,PAY_CC,COUP_AJIO20,ST_DEL,1,818.37,818.37,0,49,867.37
SALE_50259,ORD_10259,20-03-2024,CUST_2023,PROD_1030,SEL_514,PAY_CC,COUP_FIRST100,ST_SHP,1,3239.19,3239.19,485.88,0,2753.31
SALE_50260,ORD_10260,21-12-2024,CUST_2028,PROD_1008,SEL_510,PAY_CC,COUP_AJIO20,ST_DEL,1,2919.27,2919.27,583.85,0,2335.42
SALE_50261,ORD_10261,14-04-2024,CUST_2242,PROD_1001,SEL_506,PAY_CC,COUP_FREESHIP,ST_DEL,1,6879.14,6879.14,343.96,0,6535.18
SALE_50262,ORD_10262,21-12-2024,CUST_2133,PROD_1018,SEL_508,PAY_NB,COUP_FREESHIP,ST_EXC,1,5199.35,5199.35,259.97,0,4939.38
SALE_50263,ORD_10263,28-03-2024,CUST_2193,PROD_1019,SEL_515,PAY_AJIO_WALLET,COUP_FESTIVE25,ST_DEL,1,1339.33,1339.33,0,0,1339.33
SALE_50264,ORD_10264,04-12-2024,CUST_2139,PROD_1002,SEL_508,PAY_AJIO_WALLET,COUP_NONE,ST_DEL,1,1199.2,1199.2,0,0,1199.2
SALE_50265,ORD_10265,28-11-2024,CUST_2185,PROD_1028,SEL_502,PAY_UPI,COUP_AJIO20,ST_CAN,1,1078.17,1078.17,0,0,1078.17
SALE_50266,ORD_10266,11-01-2024,CUST_2195,PROD_1017,SEL_512,PAY_UPI,COUP_AJIO20,ST_DEL,1,2174.13,2174.13,434.83,0,1739.3
SALE_50267,ORD_10267,05-06-2024,CUST_2102,PROD_1017,SEL_508,PAY_NB,COUP_FREESHIP,ST_DEL,1,2174.13,2174.13,108.71,0,2065.42
SALE_50268,ORD_10268,29-06-2024,CUST_2251,PROD_1013,SEL_512,PAY_CC,COUP_NONE,ST_DEL,1,687.14,687.14,0,49,736.14
SALE_50269,ORD_10269,17-07-2024,CUST_2121,PROD_1017,SEL_505,PAY_UPI,COUP_FREESHIP,ST_DEL,3,2174.13,6522.39,326.12,0,6196.27
SALE_50270,ORD_10270,14-02-2024,CUST_2144,PROD_1008,SEL_503,PAY_DC,COUP_TRENDS30,ST_SHP,1,2919.27,2919.27,875.78,0,2043.49
SALE_50271,ORD_10271,06-08-2024,CUST_2117,PROD_1014,SEL_504,PAY_NB,COUP_FIRST100,ST_DEL,1,1119.44,1119.44,167.92,49,1000.52
SALE_50272,ORD_10272,16-12-2024,CUST_2278,PROD_1005,SEL_504,PAY_AJIO_WALLET,COUP_FIRST100,ST_DEL,2,444.11,888.22,0,49,937.22
SALE_50273,ORD_10273,29-01-2025,CUST_2159,PROD_1023,SEL_512,PAY_NB,COUP_FIRST100,ST_DEL,1,1079.28,1079.28,161.89,49,966.39
SALE_50274,ORD_10274,01-03-2025,CUST_2290,PROD_1030,SEL_503,PAY_DC,COUP_NONE,ST_DEL,1,3239.19,3239.19,0,0,3239.19
SALE_50275,ORD_10275,06-04-2024,CUST_2075,PROD_1024,SEL_501,PAY_DC,COUP_TRENDS30,ST_RET,2,1659.17,3318.34,995.5,0,2322.84
SALE_50276,ORD_10276,14-01-2024,CUST_2141,PROD_1005,SEL_513,PAY_CC,COUP_NONE,ST_DEL,1,444.11,444.11,0,49,493.11
SALE_50277,ORD_10277,14-01-2024,CUST_2291,PROD_1020,SEL_504,PAY_NB,COUP_FIRST100,ST_DEL,1,703.12,703.12,0,49,752.12
SALE_50278,ORD_10278,07-10-2024,CUST_2245,PROD_1005,SEL_509,PAY_NB,COUP_TRENDS30,ST_SHP,2,444.11,888.22,,49,937.22
SALE_50279,ORD_10279,28-07-2024,CUST_2252,PROD_1016,SEL_503,PAY_CC,COUP_FIRST100,ST_DEL,3,2069.31,6207.93,931.19,0,5276.74
SALE_50280,ORD_10280,02-03-2024,CUST_2212,PROD_1008,SEL_512,PAY_AJIO_WALLET,COUP_FIRST100,ST_PEN,3,2919.27,8757.81,1313.67,0,7444.14
SALE_50281,ORD_10281,22-08-2024,CUST_2225,PROD_1028,SEL_510,PAY_COD,,ST_DEL,1,1078.17,1078.17,53.91,0,1024.26
SALE_50282,ORD_10282,11-09-2024,CUST_2022,PROD_1020,SEL_512,PAY_COD,COUP_FREESHIP,ST_DEL,1,703.12,703.12,35.16,49,716.96
SALE_50283,ORD_10283,19-08-2024,CUST_2269,PROD_1021,SEL_515,PAY_AJIO_WALLET,COUP_NONE,ST_DEL,2,764.49,1528.98,0,0,1528.98
SALE_50284,ORD_10284,01-11-2025,CUST_2022,PROD_1029,SEL_504,PAY_NB,COUP_FESTIVE25,ST_DEL,1,749.5,749.5,0,,798.5
SALE_50285,ORD_10285,22-07-2024,CUST_2265,PROD_1025,SEL_511,PAY_UPI,,ST_DEL,2,818.37,1636.74,245.51,0,1391.23
SALE_50286,ORD_10286,28-01-2024,CUST_2147,PROD_1015,SEL_503,PAY_COD,COUP_AJIO20,ST_DEL,1,869.42,869.42,0,,918.42
SALE_50287,ORD_10287,13-09-2024,CUST_2073,PROD_1015,SEL_514,PAY_AJIO_WALLET,COUP_TRENDS30,ST_DEL,1,869.42,869.42,0,,918.42
SALE_50288,ORD_10288,14-06-2024,CUST_2300,PROD_1029,SEL_512,PAY_NB,COUP_FIRST100,ST_DEL,1,749.5,749.5,0,,798.5
SALE_50289,ORD_10289,16-02-2024,CUST_2233,PROD_1019,SEL_515,PAY_AJIO_WALLET,COUP_FIRST100,ST_RET,1,1339.33,1339.33,200.9,0,1138.43
SALE_50290,ORD_10290,18-08-2024,CUST_2084,PROD_1023,SEL_512,PAY_UPI,COUP_NONE,ST_DEL,1,1079.28,1079.28,0,0,1079.28
SALE_50291,ORD_10291,22-03-2024,CUST_2269,PROD_1023,SEL_507,PAY_AJIO_WALLET,COUP_FESTIVE25,ST_DEL,1,1079.28,1079.28,0,0,1079.28
SALE_50292,ORD_10292,17-03-2024,CUST_2023,PROD_1025,SEL_503,PAY_DC,COUP_FESTIVE25,ST_CAN,2,818.37,1636.74,0,0,1636.74
SALE_50293,ORD_10293,01-08-2025,CUST_2092,PROD_1025,SEL_512,PAY_UPI,COUP_TRENDS30,ST_DEL,1,818.37,818.37,0,49,867.37
SALE_50294,ORD_10294,26-01-2025,CUST_2093,PROD_1004,SEL_515,PAY_CC,COUP_FIRST100,ST_DEL,1,3479.13,3479.13,521.87,0,2957.26
SALE_50295,ORD_10295,09-09-2024,CUST_2255,PROD_1028,SEL_508,PAY_NB,COUP_NONE,ST_DEL,1,1078.17,1078.17,0,0,1078.17
SALE_50296,ORD_10296,01-04-2024,CUST_2244,PROD_1015,SEL_507,PAY_COD,COUP_NONE,ST_DEL,3,869.42,2608.26,0,0,2608.26
SALE_50297,ORD_10297,16-03-2024,CUST_2143,PROD_1020,SEL_511,PAY_NB,COUP_FIRST100,ST_DEL,1,703.12,703.12,0,49,752.12
SALE_50298,ORD_10298,11-04-2024,CUST_2019,PROD_1005,SEL_514,PAY_UPI,COUP_FREESHIP,ST_DEL,1,444.11,444.11,0,49,493.11
SALE_50299,ORD_10299,25-05-2024,CUST_2045,PROD_1002,SEL_502,PAY_COD,COUP_FIRST100,ST_DEL,1,1199.2,1199.2,179.88,0,1019.32
SALE_50300,ORD_10300,07-03-2024,CUST_2294,PROD_1026,SEL_509,PAY_CC,COUP_TRENDS30,ST_SHP,1,5119.36,5119.36,1535.81,0,3583.55
SALE_50301,ORD_10301,08-10-2024,CUST_2154,PROD_1011,SEL_506,PAY_COD,COUP_NONE,ST_PEN,1,1899.24,1899.24,0,0,1899.24
SALE_50302,ORD_10302,25-09-2024,CUST_2069,PROD_1004,SEL_512,PAY_DC,COUP_AJIO20,ST_DEL,1,3479.13,3479.13,695.83,0,2783.3
SALE_50303,ORD_10303,14-02-2024,CUST_2030,PROD_1004,SEL_510,PAY_AJIO_WALLET,COUP_FREESHIP,ST_DEL,2,3479.13,6958.26,347.91,0,6610.35
SALE_50304,ORD_10304,15-11-2024,CUST_2148,PROD_1014,SEL_510,PAY_DC,COUP_AJIO20,ST_DEL,3,1119.44,3358.32,671.66,0,2686.66
SALE_50305,ORD_10305,04-02-2024,CUST_2289,PROD_1016,SEL_509,PAY_AJIO_WALLET,COUP_FREESHIP,ST_DEL,1,2069.31,2069.31,103.47,0,1965.84
SALE_50306,ORD_10306,03-01-2024,CUST_2149,PROD_1007,SEL_501,PAY_UPI,COUP_NONE,ST_DEL,2,3279.18,6558.36,0,0,6558.36
SALE_50307,ORD_10307,22-11-2024,CUST_2213,PROD_1014,SEL_501,PAY_DC,COUP_AJIO20,ST_DEL,1,1119.44,1119.44,0,0,1119.44
SALE_50308,ORD_10308,16-09-2024,CUST_2104,PROD_1023,SEL_505,PAY_DC,COUP_NONE,ST_DEL,1,1079.28,1079.28,0,0,1079.28
SALE_50309,ORD_10309,18-10-2024,CUST_2004,PROD_1004,SEL_511,PAY_DC,COUP_AJIO20,ST_DEL,4,3479.13,13916.52,2783.3,0,11133.22
SALE_50310,ORD_10310,30-08-2024,CUST_2090,PROD_1007,SEL_506,PAY_DC,COUP_FREESHIP,ST_DEL,1,3279.18,3279.18,163.96,0,3115.22
SALE_50311,ORD_10311,24-08-2024,CUST_2247,PROD_1005,SEL_511,PAY_COD,COUP_FESTIVE25,ST_RET,3,444.11,1332.33,0,0,1332.33
SALE_50312,ORD_10312,06-10-2024,CUST_2029,PROD_1027,SEL_509,PAY_DC,,ST_SHP,1,6639.17,6639.17,1659.79,0,4979.38
SALE_50313,ORD_10313,17-03-2024,CUST_2107,PROD_1019,SEL_511,PAY_DC,COUP_AJIO20,ST_DEL,2,1339.33,2678.66,535.73,0,2142.93
SALE_50314,ORD_10314,18-07-2024,CUST_2174,PROD_1013,SEL_511,PAY_NB,COUP_FIRST100,ST_DEL,1,687.14,687.14,0,49,736.14
SALE_50315,ORD_10315,30-07-2024,CUST_2158,PROD_1023,SEL_514,PAY_DC,COUP_FREESHIP,ST_DEL,1,1079.28,1079.28,53.96,0,1025.32
SALE_50316,ORD_10316,30-03-2024,CUST_2122,PROD_1012,SEL_508,PAY_DC,COUP_FIRST100,ST_DEL,1,675.48,675.48,0,49,724.48
SALE_50317,ORD_10317,09-04-2024,CUST_2020,PROD_1025,SEL_504,PAY_UPI,COUP_TRENDS30,ST_DEL,1,818.37,818.37,0,49,867.37
SALE_50318,ORD_10318,16-06-2024,CUST_2175,PROD_1030,SEL_508,PAY_AJIO_WALLET,COUP_FESTIVE25,ST_DEL,2,3239.19,6478.38,1619.6,0,4858.78
SALE_50319,ORD_10319,19-01-2024,CUST_2051,PROD_1027,SEL_509,PAY_AJIO_WALLET,COUP_FIRST100,ST_DEL,1,6639.17,6639.17,995.88,0,5643.29
SALE_50320,ORD_10320,31-10-2024,CUST_2268,PROD_1004,SEL_501,PAY_DC,COUP_NONE,ST_SHP,1,3479.13,3479.13,0,0,3479.13
SALE_50321,ORD_10321,22-10-2024,CUST_2024,PROD_1004,SEL_509,PAY_AJIO_WALLET,COUP_FREESHIP,ST_DEL,1,3479.13,3479.13,173.96,0,3305.17
SALE_50322,ORD_10322,06-12-2024,CUST_2108,PROD_1011,SEL_504,PAY_CC,COUP_AJIO20,ST_DEL,1,1899.24,1899.24,379.85,0,1519.39
SALE_50323,ORD_10323,14-11-2024,CUST_2140,PROD_1005,SEL_503,PAY_DC,COUP_NONE,ST_DEL,1,444.11,444.11,0,49,493.11
SALE_50324,ORD_10324,26-12-2024,CUST_2106,PROD_1018,SEL_506,PAY_NB,COUP_AJIO20,ST_DEL,1,5199.35,5199.35,1039.87,0,4159.48
SALE_50325,ORD_10325,26-01-2024,CUST_2088,PROD_1003,SEL_505,PAY_NB,COUP_AJIO20,ST_DEL,1,503.37,503.37,0,49,552.37
SALE_50326,ORD_10326,04-01-2024,CUST_2026,PROD_1004,SEL_507,PAY_UPI,COUP_NONE,ST_DEL,3,3479.13,10437.39,0,,10437.39
SALE_50327,ORD_10327,31-12-2024,CUST_2229,PROD_1020,SEL_506,PAY_DC,COUP_AJIO20,ST_CAN,2,703.12,1406.24,0,0,1406.24
SALE_50328,ORD_10328,23-12-2024,CUST_2041,PROD_1030,SEL_513,PAY_COD,COUP_FESTIVE25,ST_DEL,1,3239.19,3239.19,809.8,0,2429.39
SALE_50329,ORD_10329,24-04-2024,CUST_2159,PROD_1022,SEL_511,PAY_AJIO_WALLET,COUP_TRENDS30,ST_DEL,2,714.45,1428.9,0,0,1428.9
SALE_50330,ORD_10330,12-06-2024,CUST_2133,PROD_1030,SEL_506,PAY_COD,COUP_FIRST100,ST_SHP,2,3239.19,6478.38,971.76,0,5506.62
SALE_50331,ORD_10331,28-06-2024,CUST_2167,PROD_1015,SEL_508,PAY_UPI,COUP_NONE,ST_DEL,1,869.42,869.42,0,,918.42
SALE_50332,ORD_10332,17-09-2024,CUST_2088,PROD_1010,SEL_513,PAY_DC,COUP_FESTIVE25,ST_DEL,1,299.4,299.4,0,49,348.4
SALE_50333,ORD_10333,29-09-2024,CUST_2055,PROD_1011,SEL_509,PAY_AJIO_WALLET,COUP_NONE,ST_PEN,1,1899.24,1899.24,0,0,1899.24
SALE_50334,ORD_10334,09-03-2024,CUST_2212,PROD_1008,SEL_510,PAY_CC,COUP_FESTIVE25,ST_DEL,1,2919.27,2919.27,729.82,0,2189.45
SALE_50335,ORD_10335,08-10-2024,CUST_2107,PROD_1027,SEL_512,PAY_NB,COUP_TRENDS30,ST_PEN,2,6639.17,13278.34,3983.5,0,9294.84
SALE_50336,ORD_10336,13-01-2025,CUST_2279,PROD_1023,SEL_504,PAY_CC,COUP_FREESHIP,ST_SHP,2,1079.28,2158.56,107.93,0,2050.63
SALE_50337,ORD_10337,15-08-2024,CUST_2059,PROD_1019,SEL_510,PAY_COD,COUP_AJIO20,ST_DEL,1,1339.33,1339.33,0,0,1339.33
SALE_50338,ORD_10338,29-01-2025,CUST_2208,PROD_1003,SEL_510,PAY_UPI,COUP_FREESHIP,ST_CAN,1,503.37,503.37,25.17,49,527.2
SALE_50339,ORD_10339,21-11-2024,CUST_2032,PROD_1003,SEL_504,PAY_CC,COUP_FESTIVE25,ST_RET,2,503.37,1006.74,0,,1006.74
SALE_50340,ORD_10340,16-08-2024,CUST_2077,PROD_1015,SEL_509,PAY_DC,COUP_TRENDS30,ST_DEL,1,869.42,869.42,0,49,918.42
SALE_50341,ORD_10341,10-08-2024,CUST_2163,PROD_1010,SEL_510,PAY_AJIO_WALLET,COUP_AJIO20,ST_RET,5,299.4,1497,0,0,1497
SALE_50342,ORD_10342,30-05-2024,CUST_2299,PROD_1001,SEL_510,PAY_NB,COUP_TRENDS30,ST_CAN,1,6879.14,6879.14,2063.74,0,4815.4
SALE_50343,ORD_10343,07-02-2024,CUST_2282,PROD_1002,SEL_501,PAY_AJIO_WALLET,COUP_FESTIVE25,ST_CAN,2,1199.2,2398.4,599.6,0,1798.8
SALE_50344,ORD_10344,06-11-2024,CUST_2016,PROD_1008,SEL_507,PAY_AJIO_WALLET,COUP_FESTIVE25,ST_DEL,1,2919.27,2919.27,729.82,0,2189.45
SALE_50345,ORD_10345,04-06-2024,CUST_2223,PROD_1018,SEL_504,PAY_AJIO_WALLET,COUP_FIRST100,ST_DEL,1,5199.35,5199.35,779.9,0,4419.45
SALE_50346,ORD_10346,12-09-2024,CUST_2185,PROD_1027,SEL_507,PAY_CC,COUP_AJIO20,ST_EXC,1,6639.17,6639.17,1327.83,0,5311.34
SALE_50347,ORD_10347,12-02-2024,CUST_2037,PROD_1021,SEL_501,PAY_CC,COUP_FREESHIP,ST_RET,4,764.49,3057.96,,0,2905.06
SALE_50348,ORD_10348,22-12-2024,CUST_2070,PROD_1003,SEL_503,PAY_AJIO_WALLET,COUP_TRENDS30,ST_CAN,3,503.37,1510.11,0,0,1510.11
SALE_50349,ORD_10349,15-07-2024,CUST_2093,PROD_1015,SEL_509,PAY_COD,COUP_FESTIVE25,ST_CAN,1,869.42,869.42,0,,918.42
SALE_50350,ORD_10350,05-01-2024,CUST_2218,PROD_1020,SEL_501,PAY_NB,COUP_TRENDS30,ST_CAN,1,703.12,703.12,0,49,752.12
SALE_50351,ORD_10351,26-12-2024,CUST_2280,PROD_1019,SEL_506,PAY_UPI,COUP_NONE,ST_DEL,1,1339.33,1339.33,0,0,1339.33
SALE_50352,ORD_10352,19-01-2025,CUST_2247,PROD_1023,SEL_502,PAY_CC,COUP_FREESHIP,ST_SHP,1,1079.28,1079.28,53.96,0,1025.32
SALE_50353,ORD_10353,18-11-2024,CUST_2041,PROD_1017,SEL_515,PAY_NB,COUP_NONE,ST_DEL,4,2174.13,8696.52,0,,8696.52
SALE_50354,ORD_10354,28-01-2024,CUST_2040,PROD_1022,SEL_511,PAY_NB,COUP_FESTIVE25,ST_DEL,1,714.45,714.45,0,,763.45
SALE_50355,ORD_10355,18-06-2024,CUST_2006,PROD_1016,SEL_508,PAY_NB,COUP_TRENDS30,ST_DEL,1,2069.31,2069.31,0,0,2069.31
SALE_50356,ORD_10356,18-01-2025,CUST_2151,PROD_1010,SEL_503,PAY_UPI,COUP_FREESHIP,ST_RET,2,299.4,598.8,29.94,,617.86
SALE_50357,ORD_10357,20-10-2024,CUST_2289,PROD_1009,SEL_501,PAY_AJIO_WALLET,COUP_TRENDS30,ST_DEL,1,3949.21,3949.21,1184.76,0,2764.45
SALE_50358,ORD_10358,02-12-2024,CUST_2150,PROD_1026,SEL_512,PAY_NB,COUP_NONE,ST_DEL,1,5119.36,5119.36,0,0,5119.36
SALE_50359,ORD_10359,05-11-2024,CUST_2143,PROD_1009,SEL_503,PAY_NB,COUP_AJIO20,ST_DEL,2,3949.21,7898.42,1579.68,0,6318.74
SALE_50360,ORD_10360,07-08-2024,CUST_2090,PROD_1030,SEL_510,PAY_AJIO_WALLET,COUP_FIRST100,ST_SHP,1,3239.19,3239.19,485.88,0,2753.31
SALE_50361,ORD_10361,13-02-2024,CUST_2121,PROD_1016,SEL_503,PAY_NB,COUP_NONE,ST_DEL,1,2069.31,2069.31,0,0,2069.31
SALE_50362,ORD_10362,13-08-2024,CUST_2079,PROD_1027,SEL_508,PAY_COD,COUP_TRENDS30,ST_DEL,1,6639.17,6639.17,1991.75,,4647.42
SALE_50363,ORD_10363,21-01-2025,CUST_2296,PROD_1024,SEL_514,PAY_DC,COUP_NONE,ST_DEL,1,1659.17,1659.17,0,0,1659.17
SALE_50364,ORD_10364,20-01-2025,CUST_2238,PROD_1013,SEL_508,PAY_DC,COUP_TRENDS30,ST_SHP,1,687.14,687.14,0,49,736.14
SALE_50365,ORD_10365,01-07-2024,CUST_2200,PROD_1016,SEL_505,PAY_CC,COUP_FESTIVE25,ST_CAN,3,2069.31,6207.93,1551.98,0,4655.95
SALE_50366,ORD_10366,22-01-2024,CUST_2230,PROD_1013,SEL_511,PAY_DC,COUP_FESTIVE25,ST_SHP,3,687.14,2061.42,515.36,,1546.06
SALE_50367,ORD_10367,20-06-2024,CUST_2182,PROD_1028,SEL_507,PAY_NB,COUP_FREESHIP,ST_CAN,1,1078.17,1078.17,53.91,,1024.26
SALE_50368,ORD_10368,11-12-2024,CUST_2051,PROD_1009,SEL_511,PAY_NB,COUP_TRENDS30,ST_DEL,2,3949.21,7898.42,2369.53,0,5528.89
SALE_50369,ORD_10369,06-09-2024,CUST_2100,PROD_1017,SEL_506,PAY_AJIO_WALLET,,ST_EXC,1,2174.13,2174.13,108.71,0,2065.42
SALE_50370,ORD_10370,23-02-2024,CUST_2005,PROD_1027,SEL_502,PAY_UPI,COUP_TRENDS30,ST_DEL,1,6639.17,6639.17,1991.75,0,4647.42
SALE_50371,ORD_10371,13-11-2024,CUST_2113,PROD_1024,SEL_505,PAY_DC,COUP_FIRST100,ST_DEL,1,1659.17,1659.17,248.88,0,1410.29
SALE_50372,ORD_10372,14-02-2024,CUST_2112,PROD_1020,SEL_511,PAY_UPI,COUP_FREESHIP,ST_RET,1,703.12,703.12,35.16,49,716.96
SALE_50373,ORD_10373,30-05-2024,CUST_2290,PROD_1026,SEL_503,PAY_UPI,COUP_FREESHIP,ST_DEL,1,5119.36,5119.36,255.97,0,4863.39
SALE_50374,ORD_10374,12-07-2024,CUST_2039,PROD_1021,SEL_508,PAY_DC,COUP_TRENDS30,ST_SHP,1,764.49,764.49,,49,813.49
SALE_50375,ORD_10375,31-01-2024,CUST_2038,PROD_1009,SEL_513,PAY_UPI,COUP_TRENDS30,ST_DEL,4,3949.21,15796.84,4739.05,0,11057.79
SALE_50376,ORD_10376,04-12-2024,CUST_2136,PROD_1006,SEL_508,PAY_UPI,COUP_TRENDS30,ST_RET,1,909.3,909.3,0,,958.3
SALE_50377,ORD_10377,25-11-2024,CUST_2252,PROD_1004,SEL_503,PAY_NB,COUP_TRENDS30,ST_DEL,3,3479.13,10437.39,3131.22,,7306.17
SALE_50378,ORD_10378,05-08-2024,CUST_2133,PROD_1004,SEL_501,PAY_UPI,COUP_NONE,ST_DEL,1,3479.13,3479.13,0,0,3479.13
SALE_50379,ORD_10379,12-06-2024,CUST_2255,PROD_1005,SEL_511,PAY_AJIO_WALLET,COUP_NONE,ST_RET,1,444.11,444.11,0,49,493.11
SALE_50380,ORD_10380,29-01-2025,CUST_2169,PROD_1029,SEL_507,PAY_NB,COUP_NONE,ST_DEL,1,749.5,749.5,0,49,798.5
SALE_50381,ORD_10381,15-07-2024,CUST_2207,PROD_1028,SEL_512,PAY_UPI,COUP_FESTIVE25,ST_DEL,2,1078.17,2156.34,539.09,0,1617.25
SALE_50382,ORD_10382,04-06-2024,CUST_2247,PROD_1004,SEL_510,PAY_NB,COUP_AJIO20,ST_DEL,1,3479.13,3479.13,695.83,0,2783.3
SALE_50383,ORD_10383,24-01-2025,CUST_2047,PROD_1012,SEL_509,PAY_DC,COUP_NONE,ST_CAN,1,675.48,675.48,0,49,724.48
SALE_50384,ORD_10384,22-12-2024,CUST_2091,PROD_1018,SEL_501,PAY_COD,,ST_DEL,3,5199.35,15598.05,779.9,0,14818.15
SALE_50385,ORD_10385,03-12-2024,CUST_2184,PROD_1016,SEL_502,PAY_AJIO_WALLET,COUP_TRENDS30,ST_SHP,1,2069.31,2069.31,0,,2069.31
SALE_50386,ORD_10386,09-12-2024,CUST_2123,PROD_1016,SEL_507,PAY_UPI,COUP_FESTIVE25,ST_DEL,4,2069.31,8277.24,2069.31,,6207.93
SALE_50387,ORD_10387,01-04-2025,CUST_2231,PROD_1001,SEL_501,PAY_DC,COUP_NONE,ST_DEL,1,6879.14,6879.14,0,0,6879.14
SALE_50388,ORD_10388,13-12-2024,CUST_2109,PROD_1026,SEL_511,PAY_AJIO_WALLET,COUP_FESTIVE25,ST_DEL,1,5119.36,5119.36,1279.84,0,3839.52
SALE_50389,ORD_10389,09-07-2024,CUST_2297,PROD_1008,SEL_515,PAY_UPI,COUP_NONE,ST_SHP,1,2919.27,2919.27,0,0,2919.27
SALE_50390,ORD_10390,19-11-2024,CUST_2024,PROD_1008,SEL_512,PAY_AJIO_WALLET,COUP_FIRST100,ST_DEL,3,2919.27,8757.81,1313.67,0,7444.14
SALE_50391,ORD_10391,24-02-2024,CUST_2050,PROD_1015,SEL_510,PAY_CC,COUP_FESTIVE25,ST_DEL,1,869.42,869.42,0,49,918.42
SALE_50392,ORD_10392,01-12-2025,CUST_2113,PROD_1003,SEL_513,PAY_CC,COUP_TRENDS30,ST_DEL,1,503.37,503.37,0,49,552.37
SALE_50393,ORD_10393,19-04-2024,CUST_2062,PROD_1022,SEL_510,PAY_NB,COUP_FIRST100,ST_DEL,1,714.45,714.45,0,49,763.45
SALE_50394,ORD_10394,27-03-2024,CUST_2172,PROD_1003,SEL_502,PAY_DC,,ST_PEN,1,503.37,503.37,0,49,552.37
SALE_50395,ORD_10395,19-11-2024,CUST_2085,PROD_1015,SEL_504,PAY_NB,COUP_NONE,ST_DEL,1,869.42,869.42,0,49,918.42
SALE_50396,ORD_10396,04-01-2024,CUST_2081,PROD_1001,SEL_515,PAY_COD,COUP_NONE,ST_DEL,2,6879.14,13758.28,0,0,13758.28
SALE_50397,ORD_10397,14-03-2024,CUST_2146,PROD_1014,SEL_512,PAY_COD,COUP_FREESHIP,ST_DEL,1,1119.44,1119.44,55.97,0,1063.47
SALE_50398,ORD_10398,11-01-2024,CUST_2231,PROD_1014,SEL_504,PAY_CC,COUP_FESTIVE25,ST_SHP,2,1119.44,2238.88,559.72,0,1679.16
SALE_50399,ORD_10399,10-12-2024,CUST_2046,PROD_1021,SEL_514,PAY_DC,COUP_AJIO20,ST_DEL,1,764.49,764.49,0,,813.49
SALE_50400,ORD_10400,25-08-2024,CUST_2272,PROD_1004,SEL_510,PAY_DC,COUP_FESTIVE25,ST_DEL,1,3479.13,3479.13,869.78,0,2609.35
SALE_50401,ORD_10401,30-08-2024,CUST_2142,PROD_1002,SEL_504,PAY_UPI,COUP_FIRST100,ST_SHP,1,1199.2,1199.2,179.88,0,1019.32
SALE_50402,ORD_10402,05-08-2024,CUST_2023,PROD_1002,SEL_511,PAY_DC,COUP_AJIO20,ST_DEL,1,1199.2,1199.2,0,0,1199.2
SALE_50403,ORD_10403,31-03-2024,CUST_2233,PROD_1002,SEL_502,PAY_AJIO_WALLET,COUP_NONE,ST_RET,2,1199.2,2398.4,0,0,2398.4
SALE_50404,ORD_10404,30-10-2024,CUST_2249,PROD_1017,SEL_502,PAY_UPI,COUP_FIRST100,ST_SHP,1,2174.13,2174.13,326.12,0,1848.01
SALE_50405,ORD_10405,15-06-2024,CUST_2102,PROD_1024,SEL_511,PAY_DC,COUP_FIRST100,ST_PEN,1,1659.17,1659.17,248.88,0,1410.29
SALE_50406,ORD_10406,26-10-2024,CUST_2212,PROD_1028,SEL_504,PAY_COD,COUP_FIRST100,ST_DEL,1,1078.17,1078.17,161.73,49,965.44
SALE_50407,ORD_10407,07-10-2024,CUST_2224,PROD_1005,SEL_504,PAY_NB,COUP_TRENDS30,ST_DEL,1,444.11,444.11,0,49,493.11
SALE_50408,ORD_10408,17-01-2024,CUST_2100,PROD_1021,SEL_506,PAY_DC,COUP_FIRST100,ST_DEL,1,764.49,764.49,0,49,813.49
SALE_50409,ORD_10409,24-01-2025,CUST_2144,PROD_1005,SEL_502,PAY_COD,COUP_TRENDS30,ST_DEL,1,444.11,444.11,0,49,493.11
SALE_50410,ORD_10410,22-10-2024,CUST_2152,PROD_1020,SEL_503,PAY_AJIO_WALLET,COUP_FESTIVE25,ST_RET,2,703.12,1406.24,0,0,1406.24
SALE_50411,ORD_10411,20-04-2024,CUST_2045,PROD_1014,SEL_514,PAY_NB,COUP_TRENDS30,ST_CAN,1,1119.44,1119.44,0,0,1119.44
SALE_50412,ORD_10412,05-06-2024,CUST_2237,PROD_1009,SEL_501,PAY_AJIO_WALLET,COUP_TRENDS30,ST_SHP,1,3949.21,3949.21,1184.76,0,2764.45
SALE_50413,ORD_10413,01-03-2024,CUST_2297,PROD_1008,SEL_515,PAY_NB,COUP_FIRST100,ST_RET,5,2919.27,14596.35,2189.45,0,12406.9
SALE_50414,ORD_10414,20-07-2024,CUST_2021,PROD_1016,SEL_512,PAY_NB,COUP_NONE,ST_DEL,2,2069.31,4138.62,0,0,4138.62
SALE_50415,ORD_10415,01-07-2024,CUST_2051,PROD_1015,SEL_508,PAY_CC,COUP_NONE,ST_DEL,2,869.42,1738.84,0,0,1738.84
SALE_50416,ORD_10416,16-02-2024,CUST_2112,PROD_1005,SEL_506,PAY_DC,COUP_FIRST100,ST_DEL,1,444.11,444.11,,49,493.11
SALE_50417,ORD_10417,13-01-2024,CUST_2157,PROD_1006,SEL_512,PAY_COD,COUP_FESTIVE25,ST_SHP,1,909.3,909.3,0,49,958.3
SALE_50418,ORD_10418,07-08-2024,CUST_2071,PROD_1028,SEL_512,PAY_COD,COUP_FIRST100,ST_PEN,1,1078.17,1078.17,161.73,49,965.44
SALE_50419,ORD_10419,19-06-2024,CUST_2001,PROD_1028,SEL_511,PAY_UPI,COUP_TRENDS30,ST_RET,1,1078.17,1078.17,0,0,1078.17
SALE_50420,ORD_10420,16-04-2024,CUST_2219,PROD_1025,SEL_505,PAY_AJIO_WALLET,COUP_FESTIVE25,ST_DEL,1,818.37,818.37,0,49,867.37
SALE_50421,ORD_10421,12-11-2024,CUST_2172,PROD_1024,SEL_515,PAY_UPI,COUP_FESTIVE25,ST_RET,3,1659.17,4977.51,1244.38,0,3733.13
SALE_50422,ORD_10422,06-07-2024,CUST_2057,PROD_1013,SEL_506,PAY_COD,COUP_FESTIVE25,ST_DEL,1,687.14,687.14,0,49,736.14
SALE_50423,ORD_10423,05-02-2024,CUST_2035,PROD_1018,SEL_512,PAY_CC,COUP_FIRST100,ST_EXC,1,5199.35,5199.35,779.9,0,4419.45
SALE_50424,ORD_10424,16-01-2025,CUST_2245,PROD_1024,SEL_513,PAY_NB,COUP_FREESHIP,ST_DEL,1,1659.17,1659.17,82.96,0,1576.21
SALE_50425,ORD_10425,07-09-2024,CUST_2137,PROD_1017,SEL_511,PAY_COD,COUP_AJIO20,ST_DEL,1,2174.13,2174.13,434.83,0,1739.3
SALE_50426,ORD_10426,13-12-2024,CUST_2257,PROD_1017,SEL_514,PAY_UPI,COUP_TRENDS30,ST_SHP,3,2174.13,6522.39,1956.72,0,4565.67
SALE_50427,ORD_10427,02-03-2024,CUST_2232,PROD_1020,SEL_506,PAY_AJIO_WALLET,COUP_FREESHIP,ST_CAN,3,703.12,2109.36,105.47,0,2003.89
SALE_50428,ORD_10428,02-09-2024,CUST_2235,PROD_1003,SEL_502,PAY_COD,COUP_FIRST100,ST_DEL,1,503.37,503.37,0,49,552.37
SALE_50429,ORD_10429,23-09-2024,CUST_2058,PROD_1023,SEL_503,PAY_COD,COUP_FIRST100,ST_CAN,1,1079.28,1079.28,161.89,49,966.39
SALE_50430,ORD_10430,15-08-2024,CUST_2214,PROD_1022,SEL_509,PAY_CC,COUP_TRENDS30,ST_DEL,1,714.45,714.45,0,49,763.45
SALE_50431,ORD_10431,29-07-2024,CUST_2097,PROD_1003,SEL_501,PAY_CC,COUP_FESTIVE25,ST_DEL,1,503.37,503.37,0,49,552.37
SALE_50432,ORD_10432,10-07-2024,CUST_2168,PROD_1016,SEL_510,PAY_AJIO_WALLET,COUP_FREESHIP,ST_DEL,1,2069.31,2069.31,103.47,0,1965.84
SALE_50433,ORD_10433,26-04-2024,CUST_2291,PROD_1005,SEL_515,PAY_DC,COUP_FIRST100,ST_PEN,1,444.11,444.11,0,49,493.11
SALE_50434,ORD_10434,21-08-2024,CUST_2148,PROD_1025,SEL_514,PAY_UPI,COUP_FIRST100,ST_DEL,1,818.37,818.37,0,49,867.37
SALE_50435,ORD_10435,28-12-2024,CUST_2083,PROD_1023,SEL_509,PAY_DC,COUP_FIRST100,ST_RET,3,1079.28,3237.84,485.68,,2752.16
SALE_50436,ORD_10436,21-10-2024,CUST_2079,PROD_1006,SEL_504,PAY_UPI,COUP_NONE,ST_EXC,1,909.3,909.3,0,49,958.3
SALE_50437,ORD_10437,06-11-2024,CUST_2190,PROD_1006,SEL_504,PAY_NB,COUP_FREESHIP,ST_DEL,1,909.3,909.3,45.47,49,912.83
SALE_50438,ORD_10438,13-01-2024,CUST_2230,PROD_1018,SEL_503,PAY_NB,COUP_AJIO20,ST_DEL,3,5199.35,15598.05,3119.61,0,12478.44
SALE_50439,ORD_10439,13-01-2025,CUST_2075,PROD_1015,SEL_515,PAY_DC,COUP_FIRST100,ST_DEL,4,869.42,3477.68,521.65,0,2956.03
SALE_50440,ORD_10440,21-01-2025,CUST_2170,PROD_1021,SEL_512,PAY_DC,COUP_TRENDS30,ST_RET,1,764.49,764.49,0,49,813.49
SALE_50441,ORD_10441,01-09-2025,CUST_2290,PROD_1024,SEL_515,PAY_COD,COUP_AJIO20,ST_SHP,3,1659.17,4977.51,995.5,0,3982.01
SALE_50442,ORD_10442,11-12-2024,CUST_2072,PROD_1022,SEL_509,PAY_UPI,COUP_AJIO20,ST_DEL,1,714.45,714.45,,49,763.45
SALE_50443,ORD_10443,26-09-2024,CUST_2048,PROD_1011,SEL_501,PAY_NB,COUP_FREESHIP,ST_DEL,2,1899.24,3798.48,189.92,0,3608.56
SALE_50444,ORD_10444,12-12-2024,CUST_2143,PROD_1007,SEL_501,PAY_UPI,,ST_CAN,4,3279.18,13116.72,3279.18,0,9837.54
SALE_50445,ORD_10445,18-09-2024,CUST_2263,PROD_1013,SEL_504,PAY_COD,COUP_AJIO20,ST_DEL,3,687.14,2061.42,412.28,0,1649.14
SALE_50446,ORD_10446,07-09-2024,CUST_2185,PROD_1013,SEL_503,PAY_AJIO_WALLET,COUP_TRENDS30,ST_DEL,1,687.14,687.14,0,49,736.14
SALE_50447,ORD_10447,15-08-2024,CUST_2180,PROD_1010,SEL_508,PAY_NB,COUP_NONE,ST_DEL,2,299.4,598.8,0,49,647.8
SALE_50448,ORD_10448,31-07-2024,CUST_2148,PROD_1006,SEL_513,PAY_AJIO_WALLET,COUP_TRENDS30,ST_SHP,2,909.3,1818.6,0,0,1818.6
SALE_50449,ORD_10449,25-09-2024,CUST_2045,PROD_1005,SEL_504,PAY_DC,COUP_TRENDS30,ST_EXC,1,444.11,444.11,0,49,493.11
SALE_50450,ORD_10450,31-07-2024,CUST_2193,PROD_1003,SEL_501,PAY_COD,COUP_FREESHIP,ST_RET,1,503.37,503.37,25.17,49,527.2
SALE_50451,ORD_10451,14-07-2024,CUST_2291,PROD_1025,SEL_515,PAY_CC,COUP_FIRST100,ST_DEL,1,818.37,818.37,0,49,867.37
SALE_50452,ORD_10452,13-10-2024,CUST_2022,PROD_1027,SEL_514,PAY_DC,COUP_FESTIVE25,ST_DEL,1,6639.17,6639.17,1659.79,,4979.38
SALE_50453,ORD_10453,29-08-2024,CUST_2002,PROD_1005,SEL_505,PAY_DC,COUP_FREESHIP,ST_CAN,1,444.11,444.11,0,49,493.11
SALE_50454,ORD_10454,15-01-2024,CUST_2148,PROD_1014,SEL_503,PAY_COD,COUP_FREESHIP,ST_DEL,2,1119.44,2238.88,111.94,0,2126.94
SALE_50455,ORD_10455,16-10-2024,CUST_2253,PROD_1003,SEL_510,PAY_AJIO_WALLET,COUP_AJIO20,ST_DEL,2,503.37,1006.74,0,0,1006.74
SALE_50456,ORD_10456,21-10-2024,CUST_2244,PROD_1023,SEL_514,PAY_UPI,COUP_AJIO20,ST_DEL,2,1079.28,2158.56,431.71,0,1726.85
SALE_50457,ORD_10457,20-12-2024,CUST_2084,PROD_1019,SEL_501,PAY_CC,COUP_AJIO20,ST_DEL,1,1339.33,1339.33,0,0,1339.33
SALE_50458,ORD_10458,07-01-2024,CUST_2028,PROD_1009,SEL_506,PAY_COD,COUP_FREESHIP,ST_RET,1,3949.21,3949.21,197.46,0,3751.75
SALE_50459,ORD_10459,17-11-2024,CUST_2272,PROD_1021,SEL_515,PAY_UPI,COUP_FESTIVE25,ST_DEL,2,764.49,1528.98,0,0,1528.98
SALE_50460,ORD_10460,18-05-2024,CUST_2086,PROD_1018,SEL_506,PAY_DC,COUP_FREESHIP,ST_PEN,1,5199.35,5199.35,259.97,0,4939.38
SALE_50461,ORD_10461,01-07-2024,CUST_2186,PROD_1004,SEL_509,PAY_NB,COUP_AJIO20,ST_CAN,1,3479.13,3479.13,695.83,0,2783.3
SALE_50462,ORD_10462,24-03-2024,CUST_2191,PROD_1025,SEL_508,PAY_COD,COUP_AJIO20,ST_RET,1,818.37,818.37,0,49,867.37
SALE_50463,ORD_10463,26-09-2024,CUST_2258,PROD_1008,SEL_514,PAY_CC,COUP_FESTIVE25,ST_DEL,2,2919.27,5838.54,1459.63,0,4378.91
SALE_50464,ORD_10464,01-09-2024,CUST_2059,PROD_1014,SEL_508,PAY_UPI,COUP_NONE,ST_CAN,1,1119.44,1119.44,0,0,1119.44
SALE_50465,ORD_10465,24-06-2024,CUST_2186,PROD_1005,SEL_514,PAY_COD,COUP_FESTIVE25,ST_DEL,2,444.11,888.22,0,49,937.22
SALE_50466,ORD_10466,21-12-2024,CUST_2015,PROD_1024,SEL_514,PAY_UPI,COUP_FIRST100,ST_DEL,1,1659.17,1659.17,248.88,0,1410.29
SALE_50467,ORD_10467,25-01-2025,CUST_2158,PROD_1005,SEL_504,PAY_CC,COUP_NONE,ST_DEL,1,444.11,444.11,0,49,493.11
SALE_50468,ORD_10468,12-03-2024,CUST_2248,PROD_1025,SEL_507,PAY_UPI,COUP_FIRST100,ST_DEL,1,818.37,818.37,0,,867.37
SALE_50469,ORD_10469,12-07-2024,CUST_2241,PROD_1004,SEL_515,PAY_DC,,ST_DEL,2,3479.13,6958.26,0,0,6958.26
SALE_50470,ORD_10470,04-04-2024,CUST_2064,PROD_1030,SEL_510,PAY_CC,COUP_FESTIVE25,ST_RET,1,3239.19,3239.19,809.8,,2429.39
SALE_50471,ORD_10471,27-06-2024,CUST_2047,PROD_1005,SEL_514,PAY_AJIO_WALLET,COUP_AJIO20,ST_RET,1,444.11,444.11,0,49,493.11
SALE_50472,ORD_10472,02-04-2024,CUST_2257,PROD_1025,SEL_512,PAY_NB,COUP_FIRST100,ST_DEL,2,818.37,1636.74,,0,1391.23
SALE_50473,ORD_10473,28-03-2024,CUST_2008,PROD_1017,SEL_504,PAY_AJIO_WALLET,,ST_RET,1,2174.13,2174.13,326.12,0,1848.01
SALE_50474,ORD_10474,23-12-2024,CUST_2051,PROD_1030,SEL_504,PAY_NB,COUP_FREESHIP,ST_DEL,1,3239.19,3239.19,161.96,0,3077.23
SALE_50475,ORD_10475,20-09-2024,CUST_2055,PROD_1006,SEL_514,PAY_DC,COUP_TRENDS30,ST_DEL,1,909.3,909.3,0,49,958.3
SALE_50476,ORD_10476,25-01-2025,CUST_2161,PROD_1004,SEL_508,PAY_UPI,COUP_FESTIVE25,ST_DEL,2,3479.13,6958.26,1739.57,0,5218.69
SALE_50477,ORD_10477,16-07-2024,CUST_2286,PROD_1024,SEL_501,PAY_UPI,COUP_AJIO20,ST_DEL,1,1659.17,1659.17,,0,1327.34
SALE_50478,ORD_10478,28-05-2024,CUST_2160,PROD_1022,SEL_514,PAY_COD,COUP_FIRST100,ST_DEL,1,714.45,714.45,0,49,763.45
SALE_50479,ORD_10479,01-07-2024,CUST_2036,PROD_1029,SEL_514,PAY_COD,COUP_FREESHIP,ST_DEL,1,749.5,749.5,37.48,49,761.02
SALE_50480,ORD_10480,03-02-2024,CUST_2054,PROD_1013,SEL_508,PAY_NB,COUP_FREESHIP,ST_SHP,1,687.14,687.14,34.36,49,701.78
SALE_50481,ORD_10481,04-11-2024,CUST_2053,PROD_1024,SEL_515,PAY_CC,COUP_NONE,ST_DEL,1,1659.17,1659.17,0,,1659.17
SALE_50482,ORD_10482,26-01-2025,CUST_2207,PROD_1004,SEL_504,PAY_COD,COUP_FREESHIP,ST_DEL,1,3479.13,3479.13,173.96,0,3305.17
SALE_50483,ORD_10483,09-05-2024,CUST_2205,PROD_1012,SEL_508,PAY_AJIO_WALLET,COUP_FESTIVE25,ST_RET,1,675.48,675.48,0,49,724.48
SALE_50484,ORD_10484,17-11-2024,CUST_2233,PROD_1004,SEL_502,PAY_DC,COUP_TRENDS30,ST_DEL,1,3479.13,3479.13,,0,2435.39
SALE_50485,ORD_10485,04-01-2024,CUST_2028,PROD_1027,SEL_502,PAY_COD,COUP_FREESHIP,ST_DEL,1,6639.17,6639.17,331.96,0,6307.21
SALE_50486,ORD_10486,02-09-2024,CUST_2168,PROD_1005,SEL_505,PAY_NB,COUP_FESTIVE25,ST_DEL,2,444.11,888.22,0,49,937.22
SALE_50487,ORD_10487,09-08-2024,CUST_2253,PROD_1026,SEL_508,PAY_CC,COUP_AJIO20,ST_SHP,1,5119.36,5119.36,1023.87,0,4095.49
SALE_50488,ORD_10488,26-01-2025,CUST_2176,PROD_1026,SEL_514,PAY_NB,COUP_FESTIVE25,ST_DEL,5,5119.36,25596.8,6399.2,0,19197.6
SALE_50489,ORD_10489,19-01-2024,CUST_2061,PROD_1013,SEL_508,PAY_DC,COUP_TRENDS30,ST_DEL,1,687.14,687.14,0,49,736.14
SALE_50490,ORD_10490,06-08-2024,CUST_2156,PROD_1029,SEL_512,PAY_CC,COUP_TRENDS30,ST_DEL,1,749.5,749.5,0,49,798.5
SALE_50491,ORD_10491,10-03-2024,CUST_2057,PROD_1019,SEL_511,PAY_COD,COUP_FREESHIP,ST_DEL,1,1339.33,1339.33,66.97,0,1272.36
SALE_50492,ORD_10492,10-09-2024,CUST_2288,PROD_1028,SEL_503,PAY_NB,COUP_NONE,ST_DEL,4,1078.17,4312.68,0,0,4312.68
SALE_50493,ORD_10493,24-01-2024,CUST_2181,PROD_1025,SEL_505,PAY_DC,COUP_NONE,ST_DEL,2,818.37,1636.74,,0,1636.74
SALE_50494,ORD_10494,16-11-2024,CUST_2179,PROD_1026,SEL_512,PAY_NB,COUP_NONE,ST_PEN,1,5119.36,5119.36,0,0,5119.36
SALE_50495,ORD_10495,05-05-2024,CUST_2220,PROD_1012,SEL_506,PAY_COD,COUP_AJIO20,ST_DEL,1,675.48,675.48,0,49,724.48
SALE_50496,ORD_10496,28-02-2024,CUST_2160,PROD_1019,SEL_502,PAY_AJIO_WALLET,COUP_NONE,ST_CAN,1,1339.33,1339.33,,0,1339.33
SALE_50497,ORD_10497,17-10-2024,CUST_2276,PROD_1011,SEL_501,PAY_COD,COUP_FREESHIP,ST_CAN,3,1899.24,5697.72,,0,5412.83
SALE_50498,ORD_10498,06-11-2024,CUST_2137,PROD_1001,SEL_512,PAY_COD,COUP_FESTIVE25,ST_DEL,1,6879.14,6879.14,1719.79,0,5159.35
SALE_50499,ORD_10499,15-04-2024,CUST_2166,PROD_1019,SEL_502,PAY_COD,COUP_NONE,ST_SHP,1,1339.33,1339.33,0,0,1339.33
SALE_50500,ORD_10500,13-04-2024,CUST_2174,PROD_1006,SEL_510,PAY_DC,COUP_AJIO20,ST_RET,1,909.3,909.3,0,49,958.3
SALE_50501,ORD_10501,25-01-2024,CUST_2039,PROD_1027,SEL_514,PAY_NB,,ST_DEL,5,6639.17,33195.85,4979.38,0,28216.47
SALE_50502,ORD_10502,01-02-2025,CUST_2206,PROD_1026,SEL_504,PAY_NB,COUP_FREESHIP,ST_RET,1,5119.36,5119.36,255.97,0,4863.39
SALE_50503,ORD_10503,17-04-2024,CUST_2173,PROD_1009,SEL_502,PAY_NB,COUP_FESTIVE25,ST_DEL,2,3949.21,7898.42,1974.61,0,5923.81
SALE_50504,ORD_10504,06-09-2024,CUST_2155,PROD_1017,SEL_513,PAY_DC,COUP_TRENDS30,ST_SHP,1,2174.13,2174.13,0,0,2174.13
SALE_50505,ORD_10505,04-02-2024,CUST_2129,PROD_1020,SEL_509,PAY_COD,COUP_FREESHIP,ST_PEN,1,703.12,703.12,35.16,49,716.96
SALE_50506,ORD_10506,15-01-2025,CUST_2265,PROD_1028,SEL_503,PAY_NB,COUP_TRENDS30,ST_DEL,1,1078.17,1078.17,0,0,1078.17
SALE_50507,ORD_10507,31-01-2024,CUST_2273,PROD_1026,SEL_510,PAY_COD,COUP_FESTIVE25,ST_SHP,1,5119.36,5119.36,1279.84,0,3839.52
SALE_50508,ORD_10508,06-02-2024,CUST_2237,PROD_1005,SEL_504,PAY_CC,COUP_FREESHIP,ST_SHP,1,444.11,444.11,0,49,493.11
SALE_50509,ORD_10509,26-11-2024,CUST_2033,PROD_1021,SEL_504,PAY_COD,COUP_AJIO20,ST_CAN,1,764.49,764.49,0,49,813.49
SALE_50510,ORD_10510,05-05-2024,CUST_2121,PROD_1013,SEL_504,PAY_UPI,COUP_FIRST100,ST_DEL,1,687.14,687.14,0,49,736.14
SALE_50511,ORD_10511,19-05-2024,CUST_2287,PROD_1014,SEL_507,PAY_AJIO_WALLET,COUP_NONE,ST_DEL,1,1119.44,1119.44,0,0,1119.44
SALE_50512,ORD_10512,01-04-2025,CUST_2143,PROD_1022,SEL_509,PAY_CC,COUP_FREESHIP,ST_CAN,2,714.45,1428.9,71.45,0,1357.45
SALE_50513,ORD_10513,02-02-2024,CUST_2029,PROD_1028,SEL_515,PAY_UPI,COUP_AJIO20,ST_DEL,3,1078.17,3234.51,646.9,0,2587.61
SALE_50514,ORD_10514,19-10-2024,CUST_2047,PROD_1013,SEL_514,PAY_AJIO_WALLET,COUP_FIRST100,ST_DEL,3,687.14,2061.42,309.21,0,1752.21
SALE_50515,ORD_10515,16-02-2024,CUST_2268,PROD_1022,SEL_514,PAY_NB,COUP_FESTIVE25,ST_DEL,1,714.45,714.45,0,49,763.45
SALE_50516,ORD_10516,18-01-2025,CUST_2161,PROD_1011,SEL_514,PAY_NB,COUP_FREESHIP,ST_DEL,3,1899.24,5697.72,284.89,0,5412.83
SALE_50517,ORD_10517,13-08-2024,CUST_2112,PROD_1005,SEL_502,PAY_CC,COUP_FIRST100,ST_RET,1,444.11,444.11,0,49,493.11
SALE_50518,ORD_10518,06-11-2024,CUST_2029,PROD_1016,SEL_509,PAY_DC,COUP_FREESHIP,ST_RET,1,2069.31,2069.31,103.47,0,1965.84
SALE_50519,ORD_10519,07-07-2024,CUST_2127,PROD_1009,SEL_515,PAY_CC,COUP_AJIO20,ST_DEL,1,3949.21,3949.21,789.84,0,3159.37
SALE_50520,ORD_10520,12-09-2024,CUST_2018,PROD_1027,SEL_512,PAY_AJIO_WALLET,COUP_NONE,ST_SHP,1,6639.17,6639.17,0,0,6639.17
SALE_50521,ORD_10521,16-12-2024,CUST_2197,PROD_1010,SEL_511,PAY_AJIO_WALLET,COUP_AJIO20,ST_RET,1,299.4,299.4,,49,348.4
SALE_50522,ORD_10522,20-07-2024,CUST_2122,PROD_1028,SEL_508,PAY_COD,COUP_NONE,ST_RET,1,1078.17,1078.17,0,0,1078.17
SALE_50523,ORD_10523,27-01-2025,CUST_2121,PROD_1010,SEL_504,PAY_CC,COUP_TRENDS30,ST_DEL,1,299.4,299.4,0,49,348.4
SALE_50524,ORD_10524,30-07-2024,CUST_2018,PROD_1009,SEL_514,PAY_UPI,COUP_TRENDS30,ST_DEL,2,3949.21,7898.42,2369.53,0,5528.89
SALE_50525,ORD_10525,29-06-2024,CUST_2052,PROD_1027,SEL_503,PAY_AJIO_WALLET,COUP_AJIO20,ST_DEL,1,6639.17,6639.17,1327.83,0,5311.34
SALE_50526,ORD_10526,27-01-2024,CUST_2281,PROD_1024,SEL_506,PAY_COD,COUP_FREESHIP,ST_DEL,1,1659.17,1659.17,,0,1576.21
SALE_50527,ORD_10527,17-11-2024,CUST_2228,PROD_1026,SEL_511,PAY_CC,COUP_NONE,ST_DEL,1,5119.36,5119.36,0,,5119.36
SALE_50528,ORD_10528,28-01-2025,CUST_2043,PROD_1004,SEL_503,PAY_CC,COUP_FESTIVE25,ST_SHP,2,3479.13,6958.26,1739.57,0,5218.69
SALE_50529,ORD_10529,03-09-2024,CUST_2211,PROD_1026,SEL_506,PAY_COD,COUP_TRENDS30,ST_CAN,1,5119.36,5119.36,1535.81,0,3583.55
SALE_50530,ORD_10530,04-03-2024,CUST_2168,PROD_1026,SEL_505,PAY_CC,COUP_NONE,ST_DEL,2,5119.36,10238.72,0,0,10238.72
SALE_50531,ORD_10531,16-11-2024,CUST_2293,PROD_1008,SEL_501,PAY_UPI,COUP_FESTIVE25,ST_DEL,3,2919.27,8757.81,2189.45,0,6568.36
SALE_50532,ORD_10532,11-12-2024,CUST_2237,PROD_1007,SEL_505,PAY_AJIO_WALLET,COUP_FIRST100,ST_DEL,1,3279.18,3279.18,491.88,0,2787.3
SALE_50533,ORD_10533,01-02-2025,CUST_2077,PROD_1003,SEL_506,PAY_CC,COUP_FESTIVE25,ST_DEL,1,503.37,503.37,0,49,552.37
SALE_50534,ORD_10534,14-04-2024,CUST_2233,PROD_1027,SEL_511,PAY_COD,COUP_NONE,ST_DEL,3,6639.17,19917.51,0,0,19917.51
SALE_50535,ORD_10535,15-04-2024,CUST_2137,PROD_1010,SEL_512,PAY_COD,COUP_TRENDS30,ST_DEL,1,299.4,299.4,0,49,348.4
SALE_50536,ORD_10536,15-03-2024,CUST_2145,PROD_1024,SEL_511,PAY_CC,COUP_TRENDS30,ST_DEL,1,1659.17,1659.17,0,0,1659.17
SALE_50537,ORD_10537,16-12-2024,CUST_2135,PROD_1008,SEL_510,PAY_COD,,ST_DEL,1,2919.27,2919.27,437.89,0,2481.38
SALE_50538,ORD_10538,18-04-2024,CUST_2006,PROD_1016,SEL_503,PAY_DC,,ST_DEL,2,2069.31,4138.62,206.93,0,3931.69
SALE_50539,ORD_10539,30-04-2024,CUST_2132,PROD_1003,SEL_502,PAY_NB,COUP_NONE,ST_DEL,3,503.37,1510.11,0,0,1510.11
SALE_50540,ORD_10540,21-07-2024,CUST_2024,PROD_1001,SEL_505,PAY_NB,COUP_FESTIVE25,ST_DEL,1,6879.14,6879.14,1719.79,0,5159.35
SALE_50541,ORD_10541,09-09-2024,CUST_2287,PROD_1002,SEL_510,PAY_CC,COUP_AJIO20,ST_DEL,2,1199.2,2398.4,479.68,0,1918.72
SALE_50542,ORD_10542,13-05-2024,CUST_2068,PROD_1003,SEL_506,PAY_AJIO_WALLET,COUP_FESTIVE25,ST_DEL,1,503.37,503.37,0,49,552.37
SALE_50543,ORD_10543,08-08-2024,CUST_2066,PROD_1016,SEL_514,PAY_DC,COUP_FREESHIP,ST_DEL,3,2069.31,6207.93,310.4,0,5897.53
SALE_50544,ORD_10544,25-03-2024,CUST_2135,PROD_1020,SEL_514,PAY_DC,COUP_FESTIVE25,ST_DEL,2,703.12,1406.24,0,0,1406.24
SALE_50545,ORD_10545,13-08-2024,CUST_2252,PROD_1025,SEL_503,PAY_NB,COUP_FREESHIP,ST_DEL,1,818.37,818.37,40.92,49,826.45
SALE_50546,ORD_10546,27-12-2024,CUST_2028,PROD_1008,SEL_503,PAY_UPI,COUP_TRENDS30,ST_DEL,1,2919.27,2919.27,875.78,0,2043.49
SALE_50547,ORD_10547,22-08-2024,CUST_2254,PROD_1002,SEL_508,PAY_DC,COUP_FREESHIP,ST_DEL,1,1199.2,1199.2,59.96,0,1139.24
SALE_50548,ORD_10548,04-02-2024,CUST_2076,PROD_1004,SEL_506,PAY_UPI,COUP_FIRST100,ST_CAN,2,3479.13,6958.26,1043.74,0,5914.52
SALE_50549,ORD_10549,03-01-2024,CUST_2140,PROD_1019,SEL_515,PAY_AJIO_WALLET,COUP_FESTIVE25,ST_DEL,2,1339.33,2678.66,669.66,0,2009
SALE_50550,ORD_10550,12-12-2024,CUST_2093,PROD_1014,SEL_515,PAY_UPI,COUP_FIRST100,ST_PEN,3,1119.44,3358.32,503.75,0,2854.57
SALE_50551,ORD_10551,29-10-2024,CUST_2014,PROD_1010,SEL_511,PAY_AJIO_WALLET,COUP_NONE,ST_DEL,2,299.4,598.8,0,49,647.8
SALE_50552,ORD_10552,20-08-2024,CUST_2079,PROD_1001,SEL_502,PAY_COD,COUP_FREESHIP,ST_SHP,4,6879.14,27516.56,,0,26140.73
SALE_50553,ORD_10553,15-06-2024,CUST_2003,PROD_1011,SEL_501,PAY_AJIO_WALLET,COUP_FESTIVE25,ST_RET,1,1899.24,1899.24,,0,1899.24
SALE_50554,ORD_10554,15-01-2025,CUST_2025,PROD_1026,SEL_511,PAY_DC,COUP_AJIO20,ST_PEN,1,5119.36,5119.36,1023.87,0,4095.49
SALE_50555,ORD_10555,29-01-2025,CUST_2196,PROD_1003,SEL_507,PAY_DC,COUP_FIRST100,ST_DEL,1,503.37,503.37,0,49,552.37
SALE_50556,ORD_10556,30-11-2024,CUST_2107,PROD_1006,SEL_507,PAY_COD,COUP_AJIO20,ST_DEL,1,909.3,909.3,0,49,958.3
SALE_50557,ORD_10557,11-04-2024,CUST_2252,PROD_1026,SEL_507,PAY_AJIO_WALLET,COUP_AJIO20,ST_RET,1,5119.36,5119.36,1023.87,0,4095.49
SALE_50558,ORD_10558,17-07-2024,CUST_2050,PROD_1027,SEL_506,PAY_NB,COUP_FIRST100,ST_DEL,1,6639.17,6639.17,995.88,0,5643.29
SALE_50559,ORD_10559,08-10-2024,CUST_2217,PROD_1003,SEL_513,PAY_COD,COUP_AJIO20,ST_DEL,1,503.37,503.37,0,49,552.37
SALE_50560,ORD_10560,17-12-2024,CUST_2021,PROD_1017,SEL_506,PAY_COD,COUP_FREESHIP,ST_DEL,3,2174.13,6522.39,326.12,0,6196.27
SALE_50561,ORD_10561,08-11-2024,CUST_2270,PROD_1021,SEL_511,PAY_NB,COUP_NONE,ST_DEL,3,764.49,2293.47,0,0,2293.47
SALE_50562,ORD_10562,05-07-2024,CUST_2245,PROD_1010,SEL_503,PAY_CC,COUP_FREESHIP,ST_RET,1,299.4,299.4,0,49,348.4
SALE_50563,ORD_10563,18-09-2024,CUST_2292,PROD_1002,SEL_509,PAY_UPI,COUP_NONE,ST_DEL,1,1199.2,1199.2,0,0,1199.2
SALE_50564,ORD_10564,26-10-2024,CUST_2238,PROD_1022,SEL_512,PAY_NB,COUP_AJIO20,ST_DEL,2,714.45,1428.9,0,0,1428.9
SALE_50565,ORD_10565,04-03-2024,CUST_2009,PROD_1004,SEL_512,PAY_AJIO_WALLET,COUP_TRENDS30,ST_DEL,1,3479.13,3479.13,1043.74,0,2435.39
SALE_50566,ORD_10566,20-08-2024,CUST_2214,PROD_1029,SEL_512,PAY_DC,COUP_AJIO20,ST_DEL,1,749.5,749.5,0,49,798.5
SALE_50567,ORD_10567,17-01-2025,CUST_2136,PROD_1011,SEL_515,PAY_CC,COUP_FIRST100,ST_DEL,1,1899.24,1899.24,284.89,,1614.35
SALE_50568,ORD_10568,01-07-2024,CUST_2055,PROD_1014,SEL_509,PAY_UPI,COUP_NONE,ST_DEL,1,1119.44,1119.44,0,0,1119.44
SALE_50569,ORD_10569,09-06-2024,CUST_2236,PROD_1023,SEL_507,PAY_AJIO_WALLET,,ST_DEL,1,1079.28,1079.28,53.96,0,1025.32
SALE_50570,ORD_10570,06-03-2024,CUST_2185,PROD_1023,SEL_511,PAY_AJIO_WALLET,COUP_FREESHIP,ST_DEL,1,1079.28,1079.28,53.96,0,1025.32
SALE_50571,ORD_10571,14-01-2024,CUST_2008,PROD_1007,SEL_502,PAY_UPI,COUP_FREESHIP,ST_RET,1,3279.18,3279.18,,0,3115.22
SALE_50572,ORD_10572,10-02-2024,CUST_2075,PROD_1021,SEL_504,PAY_COD,COUP_FREESHIP,ST_CAN,1,764.49,764.49,38.22,49,775.27
SALE_50573,ORD_10573,19-03-2024,CUST_2238,PROD_1005,SEL_508,PAY_COD,COUP_NONE,ST_DEL,1,444.11,444.11,0,49,493.11
SALE_50574,ORD_10574,30-05-2024,CUST_2249,PROD_1016,SEL_501,PAY_COD,COUP_FESTIVE25,ST_DEL,2,2069.31,4138.62,1034.65,0,3103.97
SALE_50575,ORD_10575,31-12-2024,CUST_2201,PROD_1002,SEL_506,PAY_UPI,COUP_NONE,ST_DEL,4,1199.2,4796.8,0,0,4796.8
SALE_50576,ORD_10576,28-05-2024,CUST_2254,PROD_1024,SEL_510,PAY_NB,COUP_FREESHIP,ST_DEL,1,1659.17,1659.17,82.96,0,1576.21
SALE_50577,ORD_10577,09-06-2024,CUST_2249,PROD_1017,SEL_510,PAY_AJIO_WALLET,COUP_FESTIVE25,ST_RET,2,2174.13,4348.26,1087.07,0,3261.19
SALE_50578,ORD_10578,17-05-2024,CUST_2271,PROD_1001,SEL_507,PAY_NB,COUP_AJIO20,ST_DEL,1,6879.14,6879.14,1375.83,0,5503.31
SALE_50579,ORD_10579,23-12-2024,CUST_2243,PROD_1004,SEL_508,PAY_NB,COUP_FREESHIP,ST_DEL,1,3479.13,3479.13,,0,3305.17
SALE_50580,ORD_10580,16-09-2024,CUST_2148,PROD_1024,SEL_504,PAY_COD,COUP_AJIO20,ST_DEL,1,1659.17,1659.17,331.83,0,1327.34
SALE_50581,ORD_10581,30-05-2024,CUST_2174,PROD_1030,SEL_510,PAY_AJIO_WALLET,COUP_FREESHIP,ST_DEL,4,3239.19,12956.76,647.84,0,12308.92
SALE_50582,ORD_10582,19-12-2024,CUST_2185,PROD_1026,SEL_508,PAY_CC,COUP_FESTIVE25,ST_DEL,1,5119.36,5119.36,1279.84,,3839.52
SALE_50583,ORD_10583,31-07-2024,CUST_2067,PROD_1006,SEL_504,PAY_CC,COUP_FESTIVE25,ST_DEL,1,909.3,909.3,0,49,958.3
SALE_50584,ORD_10584,07-01-2024,CUST_2108,PROD_1018,SEL_501,PAY_UPI,COUP_AJIO20,ST_RET,1,5199.35,5199.35,1039.87,0,4159.48
SALE_50585,ORD_10585,11-12-2024,CUST_2258,PROD_1002,SEL_513,PAY_UPI,COUP_AJIO20,ST_DEL,1,1199.2,1199.2,0,0,1199.2
SALE_50586,ORD_10586,29-01-2025,CUST_2115,PROD_1016,SEL_505,PAY_DC,COUP_AJIO20,ST_PEN,1,2069.31,2069.31,413.86,0,1655.45
SALE_50587,ORD_10587,27-12-2024,CUST_2078,PROD_1028,SEL_512,PAY_NB,,ST_SHP,3,1078.17,3234.51,808.63,0,2425.88
SALE_50588,ORD_10588,11-08-2024,CUST_2225,PROD_1026,SEL_508,PAY_UPI,COUP_NONE,ST_PEN,2,5119.36,10238.72,0,0,10238.72
SALE_50589,ORD_10589,15-04-2024,CUST_2022,PROD_1017,SEL_502,PAY_CC,COUP_FREESHIP,ST_DEL,1,2174.13,2174.13,108.71,0,2065.42
SALE_50590,ORD_10590,20-02-2024,CUST_2150,PROD_1023,SEL_508,PAY_NB,COUP_TRENDS30,ST_SHP,1,1079.28,1079.28,0,0,1079.28
SALE_50591,ORD_10591,31-07-2024,CUST_2172,PROD_1027,SEL_503,PAY_UPI,COUP_FIRST100,ST_DEL,1,6639.17,6639.17,995.88,0,5643.29
SALE_50592,ORD_10592,07-09-2024,CUST_2243,PROD_1011,SEL_505,PAY_NB,COUP_FIRST100,ST_DEL,1,1899.24,1899.24,284.89,0,1614.35
SALE_50593,ORD_10593,03-11-2024,CUST_2126,PROD_1005,SEL_513,PAY_NB,COUP_TRENDS30,ST_PEN,1,444.11,444.11,0,49,493.11
SALE_50594,ORD_10594,16-01-2024,CUST_2210,PROD_1029,SEL_508,PAY_NB,COUP_FREESHIP,ST_DEL,1,749.5,749.5,37.48,49,761.02
SALE_50595,ORD_10595,10-06-2024,CUST_2006,PROD_1023,SEL_513,PAY_NB,,ST_DEL,5,1079.28,5396.4,0,0,5396.4
SALE_50596,ORD_10596,24-11-2024,CUST_2085,PROD_1014,SEL_501,PAY_COD,COUP_NONE,ST_SHP,3,1119.44,3358.32,0,,3358.32
SALE_50597,ORD_10597,08-02-2024,CUST_2030,PROD_1021,SEL_512,PAY_AJIO_WALLET,COUP_FESTIVE25,ST_RET,3,764.49,2293.47,,0,1720.1
SALE_50598,ORD_10598,25-06-2024,CUST_2284,PROD_1028,SEL_505,PAY_AJIO_WALLET,COUP_FREESHIP,ST_DEL,2,1078.17,2156.34,107.82,0,2048.52
SALE_50599,ORD_10599,25-11-2024,CUST_2271,PROD_1020,SEL_515,PAY_CC,COUP_FREESHIP,ST_DEL,3,703.12,2109.36,105.47,0,2003.89
SALE_50600,ORD_10600,06-03-2024,CUST_2227,PROD_1023,SEL_506,PAY_AJIO_WALLET,,ST_PEN,1,1079.28,1079.28,0,0,1079.28
SALE_50601,ORD_10601,23-09-2024,CUST_2172,PROD_1013,SEL_512,PAY_AJIO_WALLET,COUP_FREESHIP,ST_CAN,1,687.14,687.14,34.36,49,701.78
SALE_50602,ORD_10602,21-11-2024,CUST_2048,PROD_1017,SEL_509,PAY_DC,COUP_FESTIVE25,ST_DEL,1,2174.13,2174.13,543.53,0,1630.6
SALE_50603,ORD_10603,15-09-2024,CUST_2277,PROD_1019,SEL_505,PAY_CC,COUP_AJIO20,ST_SHP,2,1339.33,2678.66,535.73,0,2142.93
SALE_50604,ORD_10604,22-01-2025,CUST_2191,PROD_1009,SEL_511,PAY_NB,COUP_AJIO20,ST_DEL,3,3949.21,11847.63,2369.53,0,9478.1
SALE_50605,ORD_10605,30-04-2024,CUST_2230,PROD_1010,SEL_510,PAY_AJIO_WALLET,COUP_NONE,ST_DEL,1,299.4,299.4,0,49,348.4
SALE_50606,ORD_10606,12-07-2024,CUST_2274,PROD_1028,SEL_510,PAY_CC,COUP_AJIO20,ST_DEL,1,1078.17,1078.17,0,0,1078.17
SALE_50607,ORD_10607,25-10-2024,CUST_2194,PROD_1017,SEL_512,PAY_CC,COUP_NONE,ST_DEL,2,2174.13,4348.26,,0,4348.26
SALE_50608,ORD_10608,29-07-2024,CUST_2185,PROD_1015,SEL_502,PAY_CC,COUP_FREESHIP,ST_DEL,1,869.42,869.42,43.47,49,874.95
SALE_50609,ORD_10609,07-08-2024,CUST_2218,PROD_1029,SEL_503,PAY_COD,COUP_FIRST100,ST_DEL,1,749.5,749.5,0,49,798.5
SALE_50610,ORD_10610,21-11-2024,CUST_2287,PROD_1017,SEL_513,PAY_COD,COUP_AJIO20,ST_DEL,5,2174.13,10870.65,2174.13,0,8696.52
SALE_50611,ORD_10611,05-09-2024,CUST_2251,PROD_1024,SEL_507,PAY_CC,COUP_FIRST100,ST_DEL,1,1659.17,1659.17,248.88,0,1410.29
SALE_50612,ORD_10612,30-08-2024,CUST_2263,PROD_1028,SEL_509,PAY_UPI,COUP_FREESHIP,ST_DEL,2,1078.17,2156.34,107.82,0,2048.52
SALE_50613,ORD_10613,26-02-2024,CUST_2287,PROD_1012,SEL_515,PAY_UPI,COUP_FESTIVE25,ST_CAN,1,675.48,675.48,0,49,724.48
SALE_50614,ORD_10614,07-10-2024,CUST_2149,PROD_1002,SEL_509,PAY_CC,COUP_NONE,ST_DEL,1,1199.2,1199.2,0,0,1199.2
SALE_50615,ORD_10615,06-05-2024,CUST_2015,PROD_1026,SEL_503,PAY_CC,COUP_FESTIVE25,ST_DEL,1,5119.36,5119.36,1279.84,0,3839.52
SALE_50616,ORD_10616,23-01-2024,CUST_2251,PROD_1001,SEL_502,PAY_NB,COUP_AJIO20,ST_DEL,1,6879.14,6879.14,1375.83,0,5503.31
SALE_50617,ORD_10617,01-03-2025,CUST_2159,PROD_1019,SEL_508,PAY_DC,COUP_TRENDS30,ST_DEL,1,1339.33,1339.33,0,0,1339.33
SALE_50618,ORD_10618,17-03-2024,CUST_2071,PROD_1017,SEL_511,PAY_COD,COUP_TRENDS30,ST_SHP,1,2174.13,2174.13,0,0,2174.13
SALE_50619,ORD_10619,12-09-2024,CUST_2210,PROD_1013,SEL_504,PAY_COD,COUP_AJIO20,ST_DEL,2,687.14,1374.28,0,0,1374.28
SALE_50620,ORD_10620,30-01-2025,CUST_2046,PROD_1028,SEL_503,PAY_AJIO_WALLET,COUP_NONE,ST_DEL,1,1078.17,1078.17,0,0,1078.17
SALE_50621,ORD_10621,10-04-2024,CUST_2064,PROD_1021,SEL_509,PAY_UPI,COUP_FIRST100,ST_RET,2,764.49,1528.98,229.35,,1299.63
SALE_50622,ORD_10622,03-02-2024,CUST_2292,PROD_1017,SEL_504,PAY_COD,COUP_FESTIVE25,ST_RET,3,2174.13,6522.39,1630.6,0,4891.79
SALE_50623,ORD_10623,23-10-2024,CUST_2093,PROD_1001,SEL_505,PAY_CC,COUP_FIRST100,ST_CAN,1,6879.14,6879.14,1031.87,0,5847.27
SALE_50624,ORD_10624,01-12-2024,CUST_2274,PROD_1020,SEL_506,PAY_COD,COUP_FESTIVE25,ST_DEL,1,703.12,703.12,,49,752.12
SALE_50625,ORD_10625,16-02-2024,CUST_2213,PROD_1001,SEL_514,PAY_NB,COUP_AJIO20,ST_DEL,4,6879.14,27516.56,5503.31,0,22013.25
SALE_50626,ORD_10626,15-02-2024,CUST_2278,PROD_1006,SEL_505,PAY_CC,COUP_FIRST100,ST_DEL,1,909.3,909.3,0,49,958.3
SALE_50627,ORD_10627,04-02-2024,CUST_2209,PROD_1022,SEL_503,PAY_UPI,COUP_FESTIVE25,ST_RET,2,714.45,1428.9,0,0,1428.9
SALE_50628,ORD_10628,14-06-2024,CUST_2153,PROD_1013,SEL_502,PAY_DC,COUP_FIRST100,ST_DEL,1,687.14,687.14,0,49,736.14
SALE_50629,ORD_10629,09-09-2024,CUST_2062,PROD_1002,SEL_504,PAY_CC,COUP_FESTIVE25,ST_DEL,2,1199.2,2398.4,599.6,0,1798.8
SALE_50630,ORD_10630,27-07-2024,CUST_2198,PROD_1004,SEL_505,PAY_UPI,COUP_AJIO20,ST_DEL,1,3479.13,3479.13,695.83,0,2783.3
SALE_50631,ORD_10631,27-10-2024,CUST_2209,PROD_1021,SEL_504,PAY_UPI,COUP_AJIO20,ST_DEL,1,764.49,764.49,0,49,813.49
SALE_50632,ORD_10632,16-08-2024,CUST_2285,PROD_1021,SEL_513,PAY_CC,COUP_AJIO20,ST_DEL,2,764.49,1528.98,,0,1223.18
SALE_50633,ORD_10633,27-03-2024,CUST_2257,PROD_1007,SEL_513,PAY_CC,COUP_AJIO20,ST_DEL,1,3279.18,3279.18,655.84,0,2623.34
SALE_50634,ORD_10634,25-08-2024,CUST_2217,PROD_1030,SEL_509,PAY_COD,COUP_NONE,ST_DEL,1,3239.19,3239.19,0,0,3239.19
SALE_50635,ORD_10635,14-12-2024,CUST_2086,PROD_1001,SEL_501,PAY_COD,COUP_AJIO20,ST_DEL,5,6879.14,34395.7,6879.14,,27516.56
SALE_50636,ORD_10636,13-01-2025,CUST_2109,PROD_1019,SEL_514,PAY_NB,COUP_AJIO20,ST_DEL,1,1339.33,1339.33,0,0,1339.33
SALE_50637,ORD_10637,01-06-2025,CUST_2154,PROD_1003,SEL_507,PAY_AJIO_WALLET,COUP_NONE,ST_CAN,5,503.37,2516.85,0,0,2516.85
SALE_50638,ORD_10638,24-06-2024,CUST_2222,PROD_1007,SEL_510,PAY_NB,COUP_AJIO20,ST_RET,1,3279.18,3279.18,655.84,0,2623.34
SALE_50639,ORD_10639,23-08-2024,CUST_2232,PROD_1009,SEL_504,PAY_AJIO_WALLET,COUP_AJIO20,ST_DEL,1,3949.21,3949.21,789.84,,3159.37
SALE_50640,ORD_10640,01-05-2024,CUST_2069,PROD_1021,SEL_515,PAY_UPI,COUP_FESTIVE25,ST_DEL,1,764.49,764.49,0,49,813.49
SALE_50641,ORD_10641,10-02-2024,CUST_2285,PROD_1029,SEL_512,PAY_AJIO_WALLET,COUP_TRENDS30,ST_PEN,2,749.5,1499,0,0,1499
SALE_50642,ORD_10642,29-06-2024,CUST_2040,PROD_1018,SEL_501,PAY_AJIO_WALLET,COUP_TRENDS30,ST_SHP,2,5199.35,10398.7,3119.61,0,7279.09
SALE_50643,ORD_10643,07-08-2024,CUST_2184,PROD_1013,SEL_503,PAY_AJIO_WALLET,COUP_NONE,ST_DEL,1,687.14,687.14,0,49,736.14
SALE_50644,ORD_10644,07-02-2024,CUST_2114,PROD_1024,SEL_501,PAY_DC,COUP_FREESHIP,ST_RET,1,1659.17,1659.17,82.96,0,1576.21
SALE_50645,ORD_10645,07-04-2024,CUST_2156,PROD_1026,SEL_512,PAY_CC,COUP_FIRST100,ST_EXC,1,5119.36,5119.36,767.9,0,4351.46
SALE_50646,ORD_10646,22-05-2024,CUST_2108,PROD_1001,SEL_504,PAY_AJIO_WALLET,COUP_TRENDS30,ST_DEL,1,6879.14,6879.14,2063.74,0,4815.4
SALE_50647,ORD_10647,15-12-2024,CUST_2088,PROD_1018,SEL_504,PAY_AJIO_WALLET,COUP_FREESHIP,ST_DEL,1,5199.35,5199.35,259.97,0,4939.38
SALE_50648,ORD_10648,18-10-2024,CUST_2034,PROD_1019,SEL_503,PAY_AJIO_WALLET,COUP_NONE,ST_DEL,3,1339.33,4017.99,0,0,4017.99
SALE_50649,ORD_10649,20-12-2024,CUST_2141,PROD_1007,SEL_514,PAY_AJIO_WALLET,COUP_NONE,ST_EXC,1,3279.18,3279.18,0,0,3279.18
SALE_50650,ORD_10650,24-11-2024,CUST_2130,PROD_1022,SEL_509,PAY_COD,COUP_NONE,ST_RET,3,714.45,2143.35,,0,2143.35
SALE_50651,ORD_10651,14-12-2024,CUST_2027,PROD_1028,SEL_506,PAY_COD,COUP_TRENDS30,ST_DEL,1,1078.17,1078.17,0,0,1078.17
SALE_50652,ORD_10652,22-05-2024,CUST_2186,PROD_1017,SEL_513,PAY_UPI,,ST_DEL,1,2174.13,2174.13,108.71,0,2065.42
SALE_50653,ORD_10653,19-10-2024,CUST_2162,PROD_1001,SEL_507,PAY_CC,COUP_AJIO20,ST_DEL,5,6879.14,34395.7,6879.14,0,27516.56
SALE_50654,ORD_10654,17-06-2024,CUST_2116,PROD_1023,SEL_507,PAY_UPI,COUP_FIRST100,ST_DEL,1,1079.28,1079.28,161.89,49,966.39
SALE_50655,ORD_10655,16-11-2024,CUST_2050,PROD_1001,SEL_508,PAY_COD,COUP_NONE,ST_DEL,2,6879.14,13758.28,0,0,13758.28
SALE_50656,ORD_10656,19-06-2024,CUST_2127,PROD_1004,SEL_508,PAY_CC,COUP_AJIO20,ST_CAN,2,3479.13,6958.26,1391.65,0,5566.61
SALE_50657,ORD_10657,16-11-2024,CUST_2038,PROD_1025,SEL_510,PAY_NB,COUP_TRENDS30,ST_PEN,1,818.37,818.37,0,49,867.37
SALE_50658,ORD_10658,21-12-2024,CUST_2044,PROD_1002,SEL_515,PAY_UPI,COUP_TRENDS30,ST_DEL,2,1199.2,2398.4,0,0,2398.4
SALE_50659,ORD_10659,16-11-2024,CUST_2032,PROD_1030,SEL_513,PAY_COD,COUP_NONE,ST_DEL,1,3239.19,3239.19,0,0,3239.19
SALE_50660,ORD_10660,11-12-2024,CUST_2029,PROD_1018,SEL_501,PAY_DC,COUP_TRENDS30,ST_DEL,1,5199.35,5199.35,1559.81,0,3639.54
SALE_50661,ORD_10661,13-11-2024,CUST_2006,PROD_1015,SEL_507,PAY_COD,,ST_CAN,1,869.42,869.42,0,49,918.42
SALE_50662,ORD_10662,22-02-2024,CUST_2014,PROD_1015,SEL_509,PAY_DC,,ST_DEL,1,869.42,869.42,0,49,918.42
SALE_50663,ORD_10663,17-09-2024,CUST_2035,PROD_1019,SEL_513,PAY_CC,COUP_FESTIVE25,ST_DEL,1,1339.33,1339.33,0,,1339.33
SALE_50664,ORD_10664,23-01-2024,CUST_2247,PROD_1024,SEL_510,PAY_COD,COUP_FIRST100,ST_DEL,1,1659.17,1659.17,248.88,0,1410.29
SALE_50665,ORD_10665,10-04-2024,CUST_2300,PROD_1014,SEL_509,PAY_AJIO_WALLET,COUP_AJIO20,ST_DEL,1,1119.44,1119.44,0,0,1119.44
SALE_50666,ORD_10666,22-09-2024,CUST_2159,PROD_1020,SEL_506,PAY_DC,COUP_AJIO20,ST_RET,1,703.12,703.12,0,,752.12
SALE_50667,ORD_10667,08-04-2024,CUST_2075,PROD_1002,SEL_504,PAY_NB,COUP_FESTIVE25,ST_CAN,1,1199.2,1199.2,0,0,1199.2
SALE_50668,ORD_10668,12-07-2024,CUST_2103,PROD_1021,SEL_515,PAY_CC,COUP_NONE,ST_DEL,1,764.49,764.49,0,49,813.49
SALE_50669,ORD_10669,20-06-2024,CUST_2240,PROD_1020,SEL_512,PAY_DC,COUP_FESTIVE25,ST_DEL,1,703.12,703.12,0,49,752.12
SALE_50670,ORD_10670,01-02-2024,CUST_2169,PROD_1006,SEL_502,PAY_COD,COUP_NONE,ST_DEL,1,909.3,909.3,0,49,958.3
SALE_50671,ORD_10671,28-01-2025,CUST_2118,PROD_1015,SEL_510,PAY_CC,COUP_FIRST100,ST_DEL,2,869.42,1738.84,260.83,0,1478.01
SALE_50672,ORD_10672,02-07-2024,CUST_2193,PROD_1007,SEL_507,PAY_CC,COUP_NONE,ST_DEL,1,3279.18,3279.18,0,0,3279.18
SALE_50673,ORD_10673,26-01-2025,CUST_2059,PROD_1005,SEL_505,PAY_COD,COUP_FIRST100,ST_DEL,1,444.11,444.11,0,49,493.11
SALE_50674,ORD_10674,14-05-2024,CUST_2016,PROD_1007,SEL_504,PAY_DC,COUP_FIRST100,ST_DEL,1,3279.18,3279.18,491.88,0,2787.3
SALE_50675,ORD_10675,14-05-2024,CUST_2284,PROD_1008,SEL_503,PAY_CC,COUP_NONE,ST_DEL,1,2919.27,2919.27,0,0,2919.27
SALE_50676,ORD_10676,06-05-2024,CUST_2071,PROD_1013,SEL_511,PAY_UPI,COUP_AJIO20,ST_RET,1,687.14,687.14,,49,736.14
SALE_50677,ORD_10677,30-12-2024,CUST_2191,PROD_1022,SEL_503,PAY_NB,COUP_FESTIVE25,ST_RET,1,714.45,714.45,0,49,763.45
SALE_50678,ORD_10678,07-10-2024,CUST_2067,PROD_1026,SEL_504,PAY_CC,COUP_FESTIVE25,ST_DEL,1,5119.36,5119.36,1279.84,0,3839.52
SALE_50679,ORD_10679,10-01-2024,CUST_2126,PROD_1030,SEL_501,PAY_NB,COUP_FESTIVE25,ST_DEL,2,3239.19,6478.38,1619.6,0,4858.78
SALE_50680,ORD_10680,17-09-2024,CUST_2168,PROD_1008,SEL_501,PAY_AJIO_WALLET,COUP_AJIO20,ST_CAN,3,2919.27,8757.81,1751.56,0,7006.25
SALE_50681,ORD_10681,26-03-2024,CUST_2108,PROD_1024,SEL_502,PAY_COD,COUP_FREESHIP,ST_DEL,1,1659.17,1659.17,82.96,0,1576.21
SALE_50682,ORD_10682,30-12-2024,CUST_2261,PROD_1012,SEL_508,PAY_NB,COUP_TRENDS30,ST_DEL,1,675.48,675.48,,49,724.48
SALE_50683,ORD_10683,22-11-2024,CUST_2248,PROD_1023,SEL_508,PAY_COD,COUP_AJIO20,ST_DEL,1,1079.28,1079.28,0,0,1079.28
SALE_50684,ORD_10684,21-07-2024,CUST_2107,PROD_1008,SEL_515,PAY_CC,COUP_TRENDS30,ST_CAN,1,2919.27,2919.27,875.78,0,2043.49
SALE_50685,ORD_10685,03-09-2024,CUST_2194,PROD_1019,SEL_503,PAY_DC,COUP_AJIO20,ST_DEL,1,1339.33,1339.33,0,0,1339.33
SALE_50686,ORD_10686,14-11-2024,CUST_2266,PROD_1012,SEL_504,PAY_NB,COUP_NONE,ST_DEL,1,675.48,675.48,0,49,724.48
SALE_50687,ORD_10687,14-07-2024,CUST_2240,PROD_1014,SEL_507,PAY_DC,COUP_TRENDS30,ST_DEL,1,1119.44,1119.44,,0,1119.44
SALE_50688,ORD_10688,30-05-2024,CUST_2120,PROD_1009,SEL_511,PAY_UPI,COUP_AJIO20,ST_RET,1,3949.21,3949.21,789.84,,3159.37
SALE_50689,ORD_10689,07-03-2024,CUST_2041,PROD_1026,SEL_505,PAY_CC,COUP_NONE,ST_DEL,1,5119.36,5119.36,0,0,5119.36
SALE_50690,ORD_10690,28-01-2025,CUST_2171,PROD_1007,SEL_511,PAY_DC,COUP_AJIO20,ST_DEL,2,3279.18,6558.36,1311.67,0,5246.69
SALE_50691,ORD_10691,13-05-2024,CUST_2098,PROD_1023,SEL_510,PAY_CC,COUP_FREESHIP,ST_SHP,2,1079.28,2158.56,107.93,0,2050.63
SALE_50692,ORD_10692,22-01-2025,CUST_2145,PROD_1027,SEL_506,PAY_COD,COUP_TRENDS30,ST_CAN,1,6639.17,6639.17,1991.75,0,4647.42
SALE_50693,ORD_10693,18-01-2025,CUST_2263,PROD_1025,SEL_503,PAY_COD,COUP_FIRST100,ST_DEL,1,818.37,818.37,0,49,867.37
SALE_50694,ORD_10694,24-08-2024,CUST_2265,PROD_1019,SEL_513,PAY_NB,COUP_TRENDS30,ST_SHP,2,1339.33,2678.66,803.6,0,1875.06
SALE_50695,ORD_10695,08-12-2024,CUST_2161,PROD_1028,SEL_504,PAY_COD,COUP_FREESHIP,ST_DEL,2,1078.17,2156.34,107.82,0,2048.52
SALE_50696,ORD_10696,01-12-2025,CUST_2016,PROD_1012,SEL_503,PAY_NB,COUP_FIRST100,ST_DEL,1,675.48,675.48,0,49,724.48
SALE_50697,ORD_10697,25-07-2024,CUST_2182,PROD_1011,SEL_504,PAY_COD,COUP_TRENDS30,ST_SHP,1,1899.24,1899.24,0,0,1899.24
SALE_50698,ORD_10698,19-03-2024,CUST_2167,PROD_1019,SEL_501,PAY_NB,COUP_NONE,ST_RET,1,1339.33,1339.33,0,0,1339.33
SALE_50699,ORD_10699,02-02-2024,CUST_2294,PROD_1028,SEL_507,PAY_COD,COUP_FIRST100,ST_RET,1,1078.17,1078.17,161.73,49,965.44
SALE_50700,ORD_10700,06-04-2024,CUST_2244,PROD_1004,SEL_506,PAY_NB,,ST_DEL,1,3479.13,3479.13,1043.74,0,2435.39
SALE_50701,ORD_10701,04-05-2024,CUST_2284,PROD_1006,SEL_501,PAY_AJIO_WALLET,COUP_FESTIVE25,ST_DEL,1,909.3,909.3,0,49,958.3
SALE_50702,ORD_10702,02-05-2024,CUST_2198,PROD_1010,SEL_504,PAY_CC,COUP_AJIO20,ST_SHP,1,299.4,299.4,0,49,348.4
SALE_50703,ORD_10703,26-02-2024,CUST_2266,PROD_1001,SEL_503,PAY_DC,COUP_TRENDS30,ST_DEL,1,6879.14,6879.14,2063.74,0,4815.4
SALE_50704,ORD_10704,15-04-2024,CUST_2245,PROD_1024,SEL_502,PAY_COD,COUP_FIRST100,ST_DEL,1,1659.17,1659.17,248.88,0,1410.29
SALE_50705,ORD_10705,14-09-2024,CUST_2244,PROD_1006,SEL_510,PAY_NB,COUP_AJIO20,ST_DEL,1,909.3,909.3,0,49,958.3
SALE_50706,ORD_10706,11-05-2024,CUST_2104,PROD_1001,SEL_503,PAY_COD,COUP_NONE,ST_CAN,1,6879.14,6879.14,0,0,6879.14
SALE_50707,ORD_10707,01-12-2025,CUST_2292,PROD_1029,SEL_508,PAY_COD,COUP_TRENDS30,ST_DEL,1,749.5,749.5,0,49,798.5
SALE_50708,ORD_10708,30-03-2024,CUST_2234,PROD_1012,SEL_512,PAY_AJIO_WALLET,COUP_AJIO20,ST_DEL,1,675.48,675.48,0,49,724.48
SALE_50709,ORD_10709,18-02-2024,CUST_2222,PROD_1015,SEL_507,PAY_AJIO_WALLET,COUP_FIRST100,ST_SHP,1,869.42,869.42,0,49,918.42
SALE_50710,ORD_10710,10-02-2024,CUST_2023,PROD_1008,SEL_515,PAY_CC,COUP_AJIO20,ST_RET,1,2919.27,2919.27,583.85,0,2335.42
SALE_50711,ORD_10711,29-07-2024,CUST_2035,PROD_1023,SEL_512,PAY_AJIO_WALLET,COUP_FIRST100,ST_RET,1,1079.28,1079.28,161.89,49,966.39
SALE_50712,ORD_10712,15-06-2024,CUST_2189,PROD_1003,SEL_513,PAY_UPI,COUP_FESTIVE25,ST_PEN,1,503.37,503.37,0,,552.37
SALE_50713,ORD_10713,23-11-2024,CUST_2130,PROD_1007,SEL_509,PAY_UPI,COUP_TRENDS30,ST_DEL,1,3279.18,3279.18,983.75,0,2295.43
SALE_50714,ORD_10714,22-07-2024,CUST_2237,PROD_1013,SEL_506,PAY_AJIO_WALLET,COUP_TRENDS30,ST_CAN,1,687.14,687.14,0,49,736.14
SALE_50715,ORD_10715,25-08-2024,CUST_2059,PROD_1023,SEL_515,PAY_CC,,ST_SHP,1,1079.28,1079.28,0,0,1079.28
SALE_50716,ORD_10716,03-12-2024,CUST_2043,PROD_1018,SEL_511,PAY_CC,COUP_FREESHIP,ST_RET,2,5199.35,10398.7,519.94,0,9878.76
SALE_50717,ORD_10717,30-05-2024,CUST_2083,PROD_1006,SEL_514,PAY_UPI,COUP_FESTIVE25,ST_DEL,1,909.3,909.3,0,49,958.3
SALE_50718,ORD_10718,19-03-2024,CUST_2201,PROD_1006,SEL_502,PAY_AJIO_WALLET,COUP_NONE,ST_SHP,1,909.3,909.3,0,49,958.3
SALE_50719,ORD_10719,22-12-2024,CUST_2111,PROD_1023,SEL_501,PAY_AJIO_WALLET,COUP_FESTIVE25,ST_DEL,2,1079.28,2158.56,539.64,,1618.92
SALE_50720,ORD_10720,18-07-2024,CUST_2268,PROD_1021,SEL_511,PAY_AJIO_WALLET,COUP_FREESHIP,ST_RET,1,764.49,764.49,38.22,49,775.27
SALE_50721,ORD_10721,05-07-2024,CUST_2027,PROD_1020,SEL_501,PAY_UPI,COUP_TRENDS30,ST_PEN,3,703.12,2109.36,0,0,2109.36
SALE_50722,ORD_10722,21-06-2024,CUST_2103,PROD_1003,SEL_501,PAY_COD,,ST_EXC,1,503.37,503.37,0,49,552.37
SALE_50723,ORD_10723,26-03-2024,CUST_2033,PROD_1008,SEL_515,PAY_UPI,COUP_FREESHIP,ST_DEL,1,2919.27,2919.27,145.96,0,2773.31
SALE_50724,ORD_10724,15-11-2024,CUST_2056,PROD_1027,SEL_506,PAY_DC,COUP_FESTIVE25,ST_DEL,3,6639.17,19917.51,4979.38,0,14938.13
SALE_50725,ORD_10725,14-06-2024,CUST_2203,PROD_1014,SEL_502,PAY_CC,COUP_FIRST100,ST_DEL,1,1119.44,1119.44,167.92,49,1000.52
SALE_50726,ORD_10726,12-02-2024,CUST_2162,PROD_1001,SEL_507,PAY_CC,COUP_TRENDS30,ST_DEL,1,6879.14,6879.14,2063.74,0,4815.4
SALE_50727,ORD_10727,11-02-2024,CUST_2189,PROD_1002,SEL_502,PAY_CC,COUP_TRENDS30,ST_DEL,5,1199.2,5996,1798.8,0,4197.2
SALE_50728,ORD_10728,18-02-2024,CUST_2053,PROD_1023,SEL_509,PAY_NB,COUP_FIRST100,ST_DEL,1,1079.28,1079.28,161.89,49,966.39
SALE_50729,ORD_10729,21-11-2024,CUST_2199,PROD_1022,SEL_515,PAY_AJIO_WALLET,COUP_FIRST100,ST_DEL,1,714.45,714.45,0,49,763.45
SALE_50730,ORD_10730,17-08-2024,CUST_2247,PROD_1003,SEL_506,PAY_UPI,COUP_FESTIVE25,ST_RET,1,503.37,503.37,,49,552.37
SALE_50731,ORD_10731,11-11-2024,CUST_2120,PROD_1017,SEL_510,PAY_AJIO_WALLET,COUP_NONE,ST_DEL,1,2174.13,2174.13,0,0,2174.13
SALE_50732,ORD_10732,07-10-2024,CUST_2220,PROD_1025,SEL_504,PAY_NB,COUP_NONE,ST_DEL,1,818.37,818.37,0,49,867.37
SALE_50733,ORD_10733,01-06-2025,CUST_2078,PROD_1013,SEL_504,PAY_AJIO_WALLET,COUP_NONE,ST_DEL,5,687.14,3435.7,,0,3435.7
SALE_50734,ORD_10734,25-11-2024,CUST_2228,PROD_1024,SEL_515,PAY_DC,COUP_FIRST100,ST_DEL,1,1659.17,1659.17,248.88,0,1410.29
SALE_50735,ORD_10735,01-10-2025,CUST_2213,PROD_1021,SEL_514,PAY_DC,COUP_NONE,ST_DEL,1,764.49,764.49,0,49,813.49
SALE_50736,ORD_10736,22-12-2024,CUST_2106,PROD_1018,SEL_501,PAY_AJIO_WALLET,COUP_FIRST100,ST_CAN,1,5199.35,5199.35,779.9,0,4419.45
SALE_50737,ORD_10737,02-03-2024,CUST_2196,PROD_1017,SEL_506,PAY_CC,COUP_TRENDS30,ST_DEL,1,2174.13,2174.13,0,0,2174.13
SALE_50738,ORD_10738,29-03-2024,CUST_2099,PROD_1002,SEL_511,PAY_CC,COUP_FIRST100,ST_DEL,1,1199.2,1199.2,179.88,0,1019.32
SALE_50739,ORD_10739,06-08-2024,CUST_2105,PROD_1008,SEL_509,PAY_UPI,COUP_TRENDS30,ST_SHP,2,2919.27,5838.54,1751.56,0,4086.98
SALE_50740,ORD_10740,22-10-2024,CUST_2126,PROD_1014,SEL_503,PAY_NB,COUP_FIRST100,ST_DEL,4,1119.44,4477.76,671.66,,3806.1
SALE_50741,ORD_10741,07-03-2024,CUST_2104,PROD_1009,SEL_514,PAY_COD,COUP_NONE,ST_RET,1,3949.21,3949.21,0,0,3949.21
SALE_50742,ORD_10742,24-01-2025,CUST_2242,PROD_1015,SEL_507,PAY_NB,COUP_FESTIVE25,ST_SHP,2,869.42,1738.84,0,0,1738.84
SALE_50743,ORD_10743,23-01-2025,CUST_2247,PROD_1001,SEL_513,PAY_COD,COUP_TRENDS30,ST_CAN,1,6879.14,6879.14,2063.74,0,4815.4
SALE_50744,ORD_10744,06-05-2024,CUST_2079,PROD_1018,SEL_512,PAY_CC,COUP_AJIO20,ST_DEL,1,5199.35,5199.35,1039.87,0,4159.48
SALE_50745,ORD_10745,28-08-2024,CUST_2288,PROD_1020,SEL_508,PAY_UPI,COUP_AJIO20,ST_DEL,1,703.12,703.12,0,49,752.12
SALE_50746,ORD_10746,09-08-2024,CUST_2098,PROD_1001,SEL_501,PAY_NB,COUP_FREESHIP,ST_SHP,3,6879.14,20637.42,1031.87,0,19605.55
SALE_50747,ORD_10747,28-10-2024,CUST_2203,PROD_1024,SEL_506,PAY_COD,COUP_TRENDS30,ST_DEL,1,1659.17,1659.17,,0,1659.17
SALE_50748,ORD_10748,25-01-2025,CUST_2020,PROD_1030,SEL_502,PAY_COD,COUP_FESTIVE25,ST_DEL,4,3239.19,12956.76,3239.19,0,9717.57
SALE_50749,ORD_10749,22-12-2024,CUST_2179,PROD_1017,SEL_512,PAY_COD,COUP_FREESHIP,ST_SHP,1,2174.13,2174.13,108.71,0,2065.42
SALE_50750,ORD_10750,07-04-2024,CUST_2218,PROD_1024,SEL_504,PAY_CC,COUP_TRENDS30,ST_DEL,2,1659.17,3318.34,995.5,0,2322.84
SALE_50751,ORD_10751,21-08-2024,CUST_2015,PROD_1023,SEL_511,PAY_AJIO_WALLET,COUP_FIRST100,ST_DEL,1,1079.28,1079.28,161.89,49,966.39
SALE_50752,ORD_10752,29-01-2025,CUST_2127,PROD_1020,SEL_510,PAY_AJIO_WALLET,COUP_FIRST100,ST_DEL,1,703.12,703.12,0,49,752.12
SALE_50753,ORD_10753,04-06-2024,CUST_2197,PROD_1013,SEL_512,PAY_NB,COUP_NONE,ST_DEL,1,687.14,687.14,0,49,736.14
SALE_50754,ORD_10754,12-03-2024,CUST_2219,PROD_1009,SEL_512,PAY_DC,COUP_FESTIVE25,ST_RET,1,3949.21,3949.21,987.3,0,2961.91
SALE_50755,ORD_10755,20-10-2024,CUST_2211,PROD_1025,SEL_515,PAY_AJIO_WALLET,COUP_NONE,ST_DEL,2,818.37,1636.74,0,0,1636.74
SALE_50756,ORD_10756,01-04-2024,CUST_2138,PROD_1024,SEL_504,PAY_AJIO_WALLET,COUP_TRENDS30,ST_SHP,2,1659.17,3318.34,995.5,0,2322.84
SALE_50757,ORD_10757,12-01-2024,CUST_2001,PROD_1004,SEL_502,PAY_AJIO_WALLET,COUP_TRENDS30,ST_DEL,2,3479.13,6958.26,,0,4870.78
SALE_50758,ORD_10758,09-06-2024,CUST_2088,PROD_1006,SEL_506,PAY_CC,COUP_FREESHIP,ST_DEL,1,909.3,909.3,45.47,49,912.83
SALE_50759,ORD_10759,18-01-2025,CUST_2057,PROD_1015,SEL_510,PAY_CC,COUP_FIRST100,ST_DEL,2,869.42,1738.84,260.83,0,1478.01
SALE_50760,ORD_10760,15-11-2024,CUST_2099,PROD_1009,SEL_515,PAY_COD,COUP_TRENDS30,ST_DEL,2,3949.21,7898.42,2369.53,0,5528.89
SALE_50761,ORD_10761,02-02-2024,CUST_2086,PROD_1003,SEL_505,PAY_UPI,COUP_TRENDS30,ST_DEL,1,503.37,503.37,0,49,552.37
SALE_50762,ORD_10762,16-05-2024,CUST_2121,PROD_1016,SEL_508,PAY_AJIO_WALLET,COUP_NONE,ST_DEL,1,2069.31,2069.31,0,0,2069.31
SALE_50763,ORD_10763,23-09-2024,CUST_2022,PROD_1004,SEL_504,PAY_NB,COUP_NONE,ST_DEL,3,3479.13,10437.39,0,0,10437.39
SALE_50764,ORD_10764,15-12-2024,CUST_2243,PROD_1025,SEL_506,PAY_NB,COUP_TRENDS30,ST_DEL,5,818.37,4091.85,1227.55,0,2864.3
SALE_50765,ORD_10765,07-01-2024,CUST_2123,PROD_1012,SEL_511,PAY_COD,COUP_TRENDS30,ST_DEL,2,675.48,1350.96,0,0,1350.96
SALE_50766,ORD_10766,03-12-2024,CUST_2002,PROD_1015,SEL_514,PAY_AJIO_WALLET,COUP_TRENDS30,ST_SHP,1,869.42,869.42,0,,918.42
SALE_50767,ORD_10767,17-12-2024,CUST_2272,PROD_1009,SEL_512,PAY_CC,COUP_AJIO20,ST_DEL,2,3949.21,7898.42,1579.68,0,6318.74
SALE_50768,ORD_10768,13-06-2024,CUST_2264,PROD_1014,SEL_511,PAY_CC,COUP_NONE,ST_EXC,1,1119.44,1119.44,0,0,1119.44
SALE_50769,ORD_10769,11-06-2024,CUST_2024,PROD_1026,SEL_512,PAY_DC,COUP_FREESHIP,ST_DEL,1,5119.36,5119.36,255.97,0,4863.39
SALE_50770,ORD_10770,21-02-2024,CUST_2042,PROD_1012,SEL_507,PAY_COD,COUP_FREESHIP,ST_CAN,1,675.48,675.48,33.77,49,690.71
SALE_50771,ORD_10771,01-01-2025,CUST_2100,PROD_1023,SEL_503,PAY_NB,COUP_FESTIVE25,ST_PEN,1,1079.28,1079.28,0,0,1079.28
SALE_50772,ORD_10772,27-08-2024,CUST_2255,PROD_1026,SEL_502,PAY_DC,COUP_FREESHIP,ST_EXC,3,5119.36,15358.08,767.9,0,14590.18
SALE_50773,ORD_10773,28-03-2024,CUST_2060,PROD_1016,SEL_511,PAY_NB,COUP_FIRST100,ST_DEL,1,2069.31,2069.31,310.4,0,1758.91
SALE_50774,ORD_10774,16-06-2024,CUST_2055,PROD_1014,SEL_512,PAY_UPI,COUP_FIRST100,ST_RET,2,1119.44,2238.88,335.83,0,1903.05
SALE_50775,ORD_10775,12-09-2024,CUST_2113,PROD_1024,SEL_505,PAY_AJIO_WALLET,COUP_TRENDS30,ST_RET,1,1659.17,1659.17,0,0,1659.17
SALE_50776,ORD_10776,19-06-2024,CUST_2274,PROD_1021,SEL_512,PAY_COD,COUP_NONE,ST_PEN,3,764.49,2293.47,0,0,2293.47
SALE_50777,ORD_10777,01-06-2025,CUST_2034,PROD_1021,SEL_506,PAY_COD,COUP_FREESHIP,ST_SHP,1,764.49,764.49,38.22,49,775.27
SALE_50778,ORD_10778,28-05-2024,CUST_2288,PROD_1028,SEL_507,PAY_CC,COUP_FIRST100,ST_DEL,1,1078.17,1078.17,161.73,49,965.44
SALE_50779,ORD_10779,20-10-2024,CUST_2175,PROD_1024,SEL_510,PAY_CC,COUP_FREESHIP,ST_RET,1,1659.17,1659.17,,0,1576.21
SALE_50780,ORD_10780,29-10-2024,CUST_2161,PROD_1013,SEL_510,PAY_AJIO_WALLET,COUP_NONE,ST_DEL,1,687.14,687.14,0,49,736.14
SALE_50781,ORD_10781,03-05-2024,CUST_2199,PROD_1014,SEL_506,PAY_DC,COUP_FREESHIP,ST_RET,1,1119.44,1119.44,55.97,0,1063.47
SALE_50782,ORD_10782,06-10-2024,CUST_2114,PROD_1004,SEL_507,PAY_UPI,COUP_FESTIVE25,ST_CAN,2,3479.13,6958.26,1739.57,0,5218.69
SALE_50783,ORD_10783,11-03-2024,CUST_2152,PROD_1027,SEL_504,PAY_COD,COUP_FREESHIP,ST_DEL,1,6639.17,6639.17,331.96,0,6307.21
SALE_50784,ORD_10784,03-04-2024,CUST_2018,PROD_1020,SEL_506,PAY_DC,COUP_FESTIVE25,ST_EXC,5,703.12,3515.6,878.9,0,2636.7
SALE_50785,ORD_10785,07-11-2024,CUST_2294,PROD_1016,SEL_511,PAY_CC,COUP_TRENDS30,ST_DEL,5,2069.31,10346.55,3103.96,0,7242.59
SALE_50786,ORD_10786,25-04-2024,CUST_2171,PROD_1005,SEL_514,PAY_AJIO_WALLET,COUP_FIRST100,ST_CAN,2,444.11,888.22,0,49,937.22
SALE_50787,ORD_10787,12-03-2024,CUST_2092,PROD_1028,SEL_508,PAY_AJIO_WALLET,COUP_TRENDS30,ST_DEL,5,1078.17,5390.85,1617.26,0,3773.59
SALE_50788,ORD_10788,27-06-2024,CUST_2281,PROD_1013,SEL_506,PAY_COD,COUP_FREESHIP,ST_DEL,1,687.14,687.14,34.36,49,701.78
SALE_50789,ORD_10789,24-12-2024,CUST_2271,PROD_1024,SEL_505,PAY_DC,COUP_FREESHIP,ST_RET,1,1659.17,1659.17,82.96,0,1576.21
SALE_50790,ORD_10790,29-12-2024,CUST_2068,PROD_1011,SEL_513,PAY_NB,COUP_NONE,ST_CAN,1,1899.24,1899.24,0,0,1899.24
SALE_50791,ORD_10791,15-03-2024,CUST_2084,PROD_1019,SEL_503,PAY_COD,COUP_FREESHIP,ST_DEL,1,1339.33,1339.33,66.97,0,1272.36
SALE_50792,ORD_10792,21-10-2024,CUST_2101,PROD_1024,SEL_511,PAY_UPI,COUP_AJIO20,ST_SHP,1,1659.17,1659.17,331.83,0,1327.34
SALE_50793,ORD_10793,19-02-2024,CUST_2076,PROD_1013,SEL_507,PAY_AJIO_WALLET,COUP_FIRST100,ST_RET,4,687.14,2748.56,412.28,0,2336.28
SALE_50794,ORD_10794,08-10-2024,CUST_2092,PROD_1002,SEL_502,PAY_NB,COUP_FREESHIP,ST_DEL,1,1199.2,1199.2,59.96,,1139.24
SALE_50795,ORD_10795,06-03-2024,CUST_2207,PROD_1008,SEL_501,PAY_UPI,COUP_FIRST100,ST_DEL,1,2919.27,2919.27,437.89,0,2481.38
SALE_50796,ORD_10796,12-09-2024,CUST_2089,PROD_1021,SEL_512,PAY_COD,COUP_FREESHIP,ST_EXC,1,764.49,764.49,38.22,49,775.27
SALE_50797,ORD_10797,30-11-2024,CUST_2238,PROD_1028,SEL_514,PAY_AJIO_WALLET,COUP_TRENDS30,ST_DEL,1,1078.17,1078.17,0,0,1078.17
SALE_50798,ORD_10798,17-09-2024,CUST_2062,PROD_1004,SEL_502,PAY_UPI,COUP_TRENDS30,ST_DEL,1,3479.13,3479.13,,0,2435.39
SALE_50799,ORD_10799,30-10-2024,CUST_2294,PROD_1019,SEL_508,PAY_DC,COUP_FREESHIP,ST_SHP,1,1339.33,1339.33,66.97,0,1272.36
SALE_50800,ORD_10800,31-12-2024,CUST_2223,PROD_1010,SEL_510,PAY_CC,COUP_NONE,ST_DEL,1,299.4,299.4,0,49,348.4
SALE_50801,ORD_10801,22-09-2024,CUST_2011,PROD_1013,SEL_509,PAY_NB,COUP_FESTIVE25,ST_DEL,1,687.14,687.14,0,49,736.14
SALE_50802,ORD_10802,04-02-2024,CUST_2064,PROD_1025,SEL_513,PAY_CC,COUP_FREESHIP,ST_RET,1,818.37,818.37,40.92,49,826.45
SALE_50803,ORD_10803,21-10-2024,CUST_2003,PROD_1018,SEL_508,PAY_DC,COUP_NONE,ST_DEL,1,5199.35,5199.35,0,0,5199.35
SALE_50804,ORD_10804,16-09-2024,CUST_2045,PROD_1018,SEL_505,PAY_UPI,,ST_RET,1,5199.35,5199.35,0,0,5199.35
SALE_50805,ORD_10805,24-01-2024,CUST_2279,PROD_1006,SEL_507,PAY_AJIO_WALLET,COUP_NONE,ST_DEL,3,909.3,2727.9,0,0,2727.9
SALE_50806,ORD_10806,21-12-2024,CUST_2151,PROD_1022,SEL_509,PAY_COD,COUP_FIRST100,ST_DEL,1,714.45,714.45,0,49,763.45
SALE_50807,ORD_10807,12-05-2024,CUST_2181,PROD_1020,SEL_509,PAY_NB,COUP_FIRST100,ST_SHP,1,703.12,703.12,,49,752.12
SALE_50808,ORD_10808,20-04-2024,CUST_2097,PROD_1005,SEL_505,PAY_CC,COUP_FIRST100,ST_DEL,1,444.11,444.11,0,49,493.11
SALE_50809,ORD_10809,13-05-2024,CUST_2066,PROD_1024,SEL_510,PAY_COD,COUP_NONE,ST_DEL,1,1659.17,1659.17,0,0,1659.17
SALE_50810,ORD_10810,21-12-2024,CUST_2084,PROD_1013,SEL_508,PAY_UPI,,ST_SHP,1,687.14,687.14,0,49,736.14
SALE_50811,ORD_10811,04-08-2024,CUST_2037,PROD_1021,SEL_512,PAY_DC,COUP_FREESHIP,ST_SHP,1,764.49,764.49,38.22,49,775.27
SALE_50812,ORD_10812,08-10-2024,CUST_2262,PROD_1020,SEL_503,PAY_COD,COUP_FIRST100,ST_DEL,1,703.12,703.12,0,,752.12
SALE_50813,ORD_10813,10-07-2024,CUST_2127,PROD_1003,SEL_505,PAY_UPI,,ST_DEL,1,503.37,503.37,0,49,552.37
SALE_50814,ORD_10814,25-04-2024,CUST_2046,PROD_1012,SEL_515,PAY_DC,,ST_DEL,1,675.48,675.48,0,49,724.48
SALE_50815,ORD_10815,01-07-2025,CUST_2194,PROD_1008,SEL_507,PAY_UPI,COUP_NONE,ST_DEL,1,2919.27,2919.27,0,0,2919.27
SALE_50816,ORD_10816,24-05-2024,CUST_2251,PROD_1004,SEL_509,PAY_DC,,ST_DEL,1,3479.13,3479.13,173.96,0,3305.17
SALE_50817,ORD_10817,18-07-2024,CUST_2051,PROD_1029,SEL_501,PAY_CC,COUP_AJIO20,ST_RET,1,749.5,749.5,0,49,798.5
SALE_50818,ORD_10818,05-12-2024,CUST_2273,PROD_1018,SEL_510,PAY_COD,COUP_TRENDS30,ST_DEL,1,5199.35,5199.35,1559.81,0,3639.54
SALE_50819,ORD_10819,16-05-2024,CUST_2080,PROD_1022,SEL_503,PAY_CC,COUP_TRENDS30,ST_DEL,3,714.45,2143.35,0,0,2143.35
SALE_50820,ORD_10820,27-12-2024,CUST_2190,PROD_1023,SEL_513,PAY_CC,COUP_FREESHIP,ST_DEL,1,1079.28,1079.28,53.96,0,1025.32
SALE_50821,ORD_10821,08-07-2024,CUST_2182,PROD_1026,SEL_508,PAY_NB,COUP_AJIO20,ST_DEL,3,5119.36,15358.08,,0,12286.46
SALE_50822,ORD_10822,06-09-2024,CUST_2118,PROD_1010,SEL_511,PAY_UPI,COUP_AJIO20,ST_DEL,1,299.4,299.4,0,49,348.4
SALE_50823,ORD_10823,13-02-2024,CUST_2040,PROD_1024,SEL_504,PAY_UPI,COUP_FIRST100,ST_DEL,1,1659.17,1659.17,,0,1410.29
SALE_50824,ORD_10824,01-09-2025,CUST_2253,PROD_1026,SEL_514,PAY_UPI,COUP_TRENDS30,ST_SHP,1,5119.36,5119.36,1535.81,0,3583.55
SALE_50825,ORD_10825,01-08-2024,CUST_2264,PROD_1022,SEL_511,PAY_NB,COUP_FREESHIP,ST_DEL,1,714.45,714.45,35.72,49,727.73
SALE_50826,ORD_10826,05-05-2024,CUST_2004,PROD_1023,SEL_507,PAY_AJIO_WALLET,COUP_FESTIVE25,ST_SHP,4,1079.28,4317.12,1079.28,0,3237.84
SALE_50827,ORD_10827,27-03-2024,CUST_2271,PROD_1022,SEL_510,PAY_UPI,COUP_FESTIVE25,ST_DEL,3,714.45,2143.35,535.84,0,1607.51
SALE_50828,ORD_10828,03-09-2024,CUST_2269,PROD_1029,SEL_504,PAY_CC,COUP_NONE,ST_DEL,1,749.5,749.5,0,49,798.5
SALE_50829,ORD_10829,27-02-2024,CUST_2027,PROD_1014,SEL_508,PAY_COD,COUP_FIRST100,ST_DEL,3,1119.44,3358.32,503.75,0,2854.57
SALE_50830,ORD_10830,30-05-2024,CUST_2128,PROD_1027,SEL_509,PAY_UPI,COUP_AJIO20,ST_DEL,1,6639.17,6639.17,1327.83,0,5311.34
SALE_50831,ORD_10831,19-01-2024,CUST_2292,PROD_1013,SEL_504,PAY_DC,COUP_FREESHIP,ST_DEL,3,687.14,2061.42,,0,1958.35
SALE_50832,ORD_10832,06-01-2024,CUST_2250,PROD_1002,SEL_506,PAY_UPI,COUP_FESTIVE25,ST_DEL,1,1199.2,1199.2,0,,1199.2
SALE_50833,ORD_10833,21-02-2024,CUST_2180,PROD_1029,SEL_512,PAY_CC,COUP_TRENDS30,ST_DEL,1,749.5,749.5,0,,798.5
SALE_50834,ORD_10834,09-06-2024,CUST_2044,PROD_1017,SEL_509,PAY_CC,COUP_TRENDS30,ST_DEL,1,2174.13,2174.13,0,0,2174.13
SALE_50835,ORD_10835,08-07-2024,CUST_2129,PROD_1008,SEL_508,PAY_COD,COUP_AJIO20,ST_DEL,1,2919.27,2919.27,583.85,0,2335.42
SALE_50836,ORD_10836,30-06-2024,CUST_2138,PROD_1004,SEL_508,PAY_AJIO_WALLET,,ST_DEL,1,3479.13,3479.13,1043.74,0,2435.39
SALE_50837,ORD_10837,08-03-2024,CUST_2102,PROD_1004,SEL_504,PAY_DC,COUP_NONE,ST_DEL,3,3479.13,10437.39,0,0,10437.39
SALE_50838,ORD_10838,01-03-2024,CUST_2083,PROD_1022,SEL_504,PAY_COD,COUP_FREESHIP,ST_EXC,1,714.45,714.45,35.72,,727.73
SALE_50839,ORD_10839,26-01-2025,CUST_2254,PROD_1026,SEL_511,PAY_AJIO_WALLET,COUP_FIRST100,ST_DEL,1,5119.36,5119.36,767.9,0,4351.46
SALE_50840,ORD_10840,25-06-2024,CUST_2200,PROD_1005,SEL_502,PAY_UPI,COUP_NONE,ST_DEL,1,444.11,444.11,0,49,493.11
SALE_50841,ORD_10841,01-12-2025,CUST_2122,PROD_1002,SEL_511,PAY_DC,COUP_TRENDS30,ST_RET,1,1199.2,1199.2,0,0,1199.2
SALE_50842,ORD_10842,19-03-2024,CUST_2149,PROD_1010,SEL_508,PAY_UPI,COUP_TRENDS30,ST_DEL,1,299.4,299.4,0,49,348.4
SALE_50843,ORD_10843,08-07-2024,CUST_2144,PROD_1025,SEL_502,PAY_DC,COUP_FREESHIP,ST_DEL,1,818.37,818.37,40.92,49,826.45
SALE_50844,ORD_10844,29-10-2024,CUST_2053,PROD_1023,SEL_512,PAY_NB,COUP_FESTIVE25,ST_DEL,1,1079.28,1079.28,0,0,1079.28
SALE_50845,ORD_10845,04-08-2024,CUST_2118,PROD_1004,SEL_503,PAY_COD,COUP_NONE,ST_DEL,1,3479.13,3479.13,0,0,3479.13
SALE_50846,ORD_10846,06-05-2024,CUST_2103,PROD_1003,SEL_514,PAY_UPI,COUP_TRENDS30,ST_DEL,1,503.37,503.37,0,49,552.37
SALE_50847,ORD_10847,08-06-2024,CUST_2119,PROD_1008,SEL_506,PAY_COD,COUP_TRENDS30,ST_DEL,1,2919.27,2919.27,875.78,0,2043.49
SALE_50848,ORD_10848,05-06-2024,CUST_2057,PROD_1009,SEL_506,PAY_DC,,ST_SHP,3,3949.21,11847.63,2369.53,0,9478.1
SALE_50849,ORD_10849,18-04-2024,CUST_2094,PROD_1002,SEL_501,PAY_UPI,COUP_FREESHIP,ST_SHP,1,1199.2,1199.2,59.96,0,1139.24
SALE_50850,ORD_10850,06-04-2024,CUST_2052,PROD_1014,SEL_503,PAY_DC,COUP_TRENDS30,ST_DEL,1,1119.44,1119.44,0,0,1119.44
SALE_50851,ORD_10851,07-04-2024,CUST_2007,PROD_1022,SEL_509,PAY_CC,COUP_AJIO20,ST_DEL,1,714.45,714.45,0,,763.45
SALE_50852,ORD_10852,14-02-2024,CUST_2191,PROD_1008,SEL_511,PAY_DC,COUP_FIRST100,ST_DEL,1,2919.27,2919.27,437.89,0,2481.38
SALE_50853,ORD_10853,16-08-2024,CUST_2062,PROD_1002,SEL_510,PAY_AJIO_WALLET,COUP_FIRST100,ST_DEL,1,1199.2,1199.2,179.88,0,1019.32
SALE_50854,ORD_10854,24-01-2025,CUST_2280,PROD_1020,SEL_506,PAY_DC,COUP_FREESHIP,ST_DEL,1,703.12,703.12,,49,716.96
SALE_50855,ORD_10855,05-09-2024,CUST_2079,PROD_1002,SEL_503,PAY_CC,COUP_TRENDS30,ST_DEL,4,1199.2,4796.8,,0,3357.76
SALE_50856,ORD_10856,02-04-2024,CUST_2188,PROD_1015,SEL_511,PAY_AJIO_WALLET,COUP_NONE,ST_RET,1,869.42,869.42,0,,918.42
SALE_50857,ORD_10857,03-07-2024,CUST_2258,PROD_1026,SEL_501,PAY_CC,COUP_FESTIVE25,ST_DEL,1,5119.36,5119.36,1279.84,0,3839.52
SALE_50858,ORD_10858,22-07-2024,CUST_2290,PROD_1002,SEL_513,PAY_AJIO_WALLET,COUP_FIRST100,ST_SHP,1,1199.2,1199.2,179.88,0,1019.32
SALE_50859,ORD_10859,03-02-2025,CUST_2263,PROD_1003,SEL_503,PAY_COD,COUP_FESTIVE25,ST_DEL,1,503.37,503.37,0,49,552.37
SALE_50860,ORD_10860,30-10-2024,CUST_2140,PROD_1007,SEL_503,PAY_UPI,COUP_FIRST100,ST_DEL,1,3279.18,3279.18,491.88,0,2787.3
SALE_50861,ORD_10861,06-04-2024,CUST_2263,PROD_1015,SEL_509,PAY_AJIO_WALLET,COUP_FREESHIP,ST_DEL,1,869.42,869.42,43.47,49,874.95
SALE_50862,ORD_10862,05-01-2024,CUST_2138,PROD_1018,SEL_502,PAY_CC,COUP_FIRST100,ST_DEL,1,5199.35,5199.35,779.9,0,4419.45
SALE_50863,ORD_10863,27-01-2024,CUST_2076,PROD_1029,SEL_505,PAY_CC,COUP_AJIO20,ST_CAN,5,749.5,3747.5,749.5,0,2998
SALE_50864,ORD_10864,11-05-2024,CUST_2108,PROD_1018,SEL_502,PAY_UPI,COUP_FREESHIP,ST_DEL,1,5199.35,5199.35,259.97,0,4939.38
SALE_50865,ORD_10865,30-05-2024,CUST_2282,PROD_1009,SEL_512,PAY_CC,COUP_TRENDS30,ST_RET,5,3949.21,19746.05,5923.81,,13822.24
SALE_50866,ORD_10866,31-03-2024,CUST_2006,PROD_1027,SEL_506,PAY_CC,COUP_FREESHIP,ST_RET,4,6639.17,26556.68,1327.83,0,25228.85
SALE_50867,ORD_10867,18-12-2024,CUST_2276,PROD_1022,SEL_514,PAY_NB,COUP_NONE,ST_SHP,3,714.45,2143.35,0,0,2143.35
SALE_50868,ORD_10868,14-08-2024,CUST_2132,PROD_1028,SEL_511,PAY_AJIO_WALLET,COUP_FESTIVE25,ST_DEL,1,1078.17,1078.17,0,0,1078.17
SALE_50869,ORD_10869,01-08-2025,CUST_2105,PROD_1019,SEL_511,PAY_COD,COUP_FIRST100,ST_DEL,1,1339.33,1339.33,200.9,0,1138.43
SALE_50870,ORD_10870,31-03-2024,CUST_2246,PROD_1003,SEL_508,PAY_CC,COUP_TRENDS30,ST_DEL,1,503.37,503.37,0,,552.37
SALE_50871,ORD_10871,31-03-2024,CUST_2093,PROD_1021,SEL_505,PAY_UPI,,ST_DEL,1,764.49,764.49,0,49,813.49
SALE_50872,ORD_10872,26-11-2024,CUST_2097,PROD_1003,SEL_503,PAY_UPI,COUP_TRENDS30,ST_DEL,1,503.37,503.37,0,49,552.37
SALE_50873,ORD_10873,15-07-2024,CUST_2270,PROD_1005,SEL_512,PAY_UPI,COUP_FESTIVE25,ST_DEL,1,444.11,444.11,0,49,493.11
SALE_50874,ORD_10874,29-01-2025,CUST_2007,PROD_1025,SEL_514,PAY_AJIO_WALLET,COUP_NONE,ST_DEL,1,818.37,818.37,0,49,867.37
SALE_50875,ORD_10875,22-06-2024,CUST_2007,PROD_1026,SEL_501,PAY_UPI,COUP_FESTIVE25,ST_SHP,1,5119.36,5119.36,1279.84,,3839.52
SALE_50876,ORD_10876,09-02-2024,CUST_2246,PROD_1025,SEL_510,PAY_COD,COUP_FIRST100,ST_DEL,1,818.37,818.37,0,49,867.37
SALE_50877,ORD_10877,23-01-2024,CUST_2279,PROD_1023,SEL_505,PAY_AJIO_WALLET,COUP_FESTIVE25,ST_DEL,1,1079.28,1079.28,0,0,1079.28
SALE_50878,ORD_10878,24-04-2024,CUST_2053,PROD_1017,SEL_515,PAY_COD,,ST_DEL,1,2174.13,2174.13,326.12,0,1848.01
SALE_50879,ORD_10879,16-12-2024,CUST_2198,PROD_1005,SEL_506,PAY_AJIO_WALLET,COUP_AJIO20,ST_DEL,1,444.11,444.11,0,,493.11
SALE_50880,ORD_10880,24-05-2024,CUST_2058,PROD_1016,SEL_503,PAY_UPI,COUP_FIRST100,ST_DEL,1,2069.31,2069.31,310.4,0,1758.91
SALE_50881,ORD_10881,04-01-2024,CUST_2171,PROD_1004,SEL_506,PAY_UPI,COUP_NONE,ST_DEL,1,3479.13,3479.13,0,0,3479.13
SALE_50882,ORD_10882,15-11-2024,CUST_2093,PROD_1022,SEL_507,PAY_CC,COUP_FREESHIP,ST_SHP,1,714.45,714.45,35.72,49,727.73
SALE_50883,ORD_10883,15-05-2024,CUST_2054,PROD_1009,SEL_515,PAY_COD,COUP_FREESHIP,ST_DEL,2,3949.21,7898.42,394.92,0,7503.5
SALE_50884,ORD_10884,16-08-2024,CUST_2077,PROD_1025,SEL_511,PAY_CC,COUP_AJIO20,ST_DEL,2,818.37,1636.74,327.35,0,1309.39
SALE_50885,ORD_10885,14-06-2024,CUST_2058,PROD_1019,SEL_507,PAY_AJIO_WALLET,COUP_AJIO20,ST_DEL,1,1339.33,1339.33,0,0,1339.33
SALE_50886,ORD_10886,30-07-2024,CUST_2198,PROD_1012,SEL_506,PAY_COD,COUP_TRENDS30,ST_DEL,2,675.48,1350.96,0,,1350.96
SALE_50887,ORD_10887,10-08-2024,CUST_2171,PROD_1005,SEL_513,PAY_AJIO_WALLET,,ST_DEL,1,444.11,444.11,0,49,493.11
SALE_50888,ORD_10888,01-01-2025,CUST_2253,PROD_1018,SEL_509,PAY_CC,COUP_TRENDS30,ST_DEL,1,5199.35,5199.35,1559.81,0,3639.54
SALE_50889,ORD_10889,01-09-2024,CUST_2113,PROD_1023,SEL_502,PAY_CC,COUP_AJIO20,ST_DEL,1,1079.28,1079.28,0,,1079.28
SALE_50890,ORD_10890,02-02-2025,CUST_2069,PROD_1030,SEL_502,PAY_UPI,,ST_DEL,1,3239.19,3239.19,647.84,0,2591.35
SALE_50891,ORD_10891,24-04-2024,CUST_2074,PROD_1027,SEL_514,PAY_NB,,ST_DEL,2,6639.17,13278.34,3983.5,0,9294.84
SALE_50892,ORD_10892,22-12-2024,CUST_2061,PROD_1023,SEL_512,PAY_CC,COUP_TRENDS30,ST_SHP,1,1079.28,1079.28,0,0,1079.28
SALE_50893,ORD_10893,21-03-2024,CUST_2055,PROD_1022,SEL_510,PAY_UPI,COUP_TRENDS30,ST_CAN,1,714.45,714.45,0,49,763.45
SALE_50894,ORD_10894,08-01-2024,CUST_2073,PROD_1003,SEL_504,PAY_UPI,COUP_NONE,ST_DEL,2,503.37,1006.74,0,0,1006.74
SALE_50895,ORD_10895,06-02-2024,CUST_2241,PROD_1024,SEL_503,PAY_AJIO_WALLET,COUP_FESTIVE25,ST_SHP,1,1659.17,1659.17,0,0,1659.17
SALE_50896,ORD_10896,26-02-2024,CUST_2173,PROD_1015,SEL_513,PAY_AJIO_WALLET,COUP_FREESHIP,ST_DEL,1,869.42,869.42,43.47,49,874.95
SALE_50897,ORD_10897,21-07-2024,CUST_2017,PROD_1020,SEL_513,PAY_CC,COUP_FESTIVE25,ST_DEL,1,703.12,703.12,0,49,752.12
SALE_50898,ORD_10898,29-12-2024,CUST_2233,PROD_1018,SEL_512,PAY_DC,COUP_FESTIVE25,ST_DEL,1,5199.35,5199.35,1299.84,0,3899.51
SALE_50899,ORD_10899,03-05-2024,CUST_2081,PROD_1009,SEL_502,PAY_NB,COUP_TRENDS30,ST_RET,1,3949.21,3949.21,1184.76,0,2764.45
SALE_50900,ORD_10900,11-05-2024,CUST_2029,PROD_1008,SEL_507,PAY_CC,COUP_FREESHIP,ST_RET,2,2919.27,5838.54,291.93,0,5546.61
SALE_50901,ORD_10901,13-07-2024,CUST_2240,PROD_1016,SEL_506,PAY_AJIO_WALLET,COUP_FREESHIP,ST_DEL,1,2069.31,2069.31,103.47,0,1965.84
SALE_50902,ORD_10902,02-09-2024,CUST_2191,PROD_1021,SEL_507,PAY_CC,COUP_AJIO20,ST_DEL,1,764.49,764.49,0,49,813.49
SALE_50903,ORD_10903,02-03-2024,CUST_2172,PROD_1001,SEL_504,PAY_DC,COUP_FIRST100,ST_DEL,1,6879.14,6879.14,,0,5847.27
SALE_50904,ORD_10904,05-03-2024,CUST_2159,PROD_1007,SEL_509,PAY_CC,,ST_RET,1,3279.18,3279.18,163.96,0,3115.22
SALE_50905,ORD_10905,06-10-2024,CUST_2292,PROD_1019,SEL_501,PAY_NB,COUP_TRENDS30,ST_DEL,3,1339.33,4017.99,1205.4,0,2812.59
SALE_50906,ORD_10906,06-10-2024,CUST_2005,PROD_1012,SEL_513,PAY_DC,COUP_TRENDS30,ST_DEL,2,675.48,1350.96,0,0,1350.96
SALE_50907,ORD_10907,14-01-2025,CUST_2067,PROD_1023,SEL_511,PAY_UPI,COUP_AJIO20,ST_DEL,1,1079.28,1079.28,0,0,1079.28
SALE_50908,ORD_10908,20-01-2024,CUST_2077,PROD_1001,SEL_510,PAY_COD,COUP_TRENDS30,ST_DEL,1,6879.14,6879.14,2063.74,0,4815.4
SALE_50909,ORD_10909,28-04-2024,CUST_2238,PROD_1003,SEL_515,PAY_AJIO_WALLET,,ST_RET,2,503.37,1006.74,0,0,1006.74
SALE_50910,ORD_10910,01-08-2025,CUST_2073,PROD_1025,SEL_512,PAY_CC,COUP_FESTIVE25,ST_DEL,1,818.37,818.37,,49,867.37
SALE_50911,ORD_10911,15-11-2024,CUST_2175,PROD_1015,SEL_513,PAY_CC,COUP_AJIO20,ST_DEL,1,869.42,869.42,0,49,918.42
SALE_50912,ORD_10912,19-03-2024,CUST_2199,PROD_1008,SEL_504,PAY_NB,COUP_FESTIVE25,ST_DEL,1,2919.27,2919.27,729.82,0,2189.45
SALE_50913,ORD_10913,06-07-2024,CUST_2255,PROD_1004,SEL_513,PAY_UPI,COUP_FIRST100,ST_PEN,2,3479.13,6958.26,1043.74,0,5914.52
SALE_50914,ORD_10914,31-05-2024,CUST_2045,PROD_1016,SEL_502,PAY_COD,COUP_AJIO20,ST_DEL,1,2069.31,2069.31,413.86,0,1655.45
SALE_50915,ORD_10915,30-01-2025,CUST_2296,PROD_1012,SEL_506,PAY_UPI,COUP_NONE,ST_DEL,1,675.48,675.48,0,49,724.48
SALE_50916,ORD_10916,03-04-2024,CUST_2243,PROD_1009,SEL_513,PAY_COD,COUP_FREESHIP,ST_RET,1,3949.21,3949.21,197.46,0,3751.75
SALE_50917,ORD_10917,14-12-2024,CUST_2187,PROD_1028,SEL_505,PAY_COD,COUP_TRENDS30,ST_CAN,1,1078.17,1078.17,0,,1078.17
SALE_50918,ORD_10918,30-07-2024,CUST_2263,PROD_1028,SEL_510,PAY_DC,COUP_AJIO20,ST_DEL,1,1078.17,1078.17,,0,1078.17
SALE_50919,ORD_10919,24-12-2024,CUST_2022,PROD_1020,SEL_511,PAY_UPI,COUP_FREESHIP,ST_PEN,1,703.12,703.12,35.16,49,716.96
SALE_50920,ORD_10920,02-07-2024,CUST_2054,PROD_1010,SEL_507,PAY_CC,COUP_FESTIVE25,ST_DEL,1,299.4,299.4,0,49,348.4
SALE_50921,ORD_10921,30-09-2024,CUST_2237,PROD_1022,SEL_502,PAY_DC,COUP_TRENDS30,ST_DEL,1,714.45,714.45,0,49,763.45
SALE_50922,ORD_10922,17-06-2024,CUST_2093,PROD_1024,SEL_502,PAY_COD,COUP_TRENDS30,ST_DEL,1,1659.17,1659.17,0,0,1659.17
SALE_50923,ORD_10923,20-08-2024,CUST_2249,PROD_1007,SEL_512,PAY_AJIO_WALLET,COUP_TRENDS30,ST_DEL,1,3279.18,3279.18,983.75,0,2295.43
SALE_50924,ORD_10924,11-03-2024,CUST_2241,PROD_1005,SEL_511,PAY_CC,COUP_AJIO20,ST_DEL,1,444.11,444.11,0,49,493.11
SALE_50925,ORD_10925,01-12-2024,CUST_2186,PROD_1026,SEL_507,PAY_COD,COUP_FIRST100,ST_DEL,1,5119.36,5119.36,767.9,0,4351.46
SALE_50926,ORD_10926,26-07-2024,CUST_2130,PROD_1021,SEL_503,PAY_UPI,COUP_FIRST100,ST_DEL,1,764.49,764.49,0,49,813.49
SALE_50927,ORD_10927,05-12-2024,CUST_2232,PROD_1028,SEL_507,PAY_NB,COUP_FIRST100,ST_SHP,2,1078.17,2156.34,323.45,0,1832.89
SALE_50928,ORD_10928,06-01-2024,CUST_2048,PROD_1029,SEL_515,PAY_COD,COUP_AJIO20,ST_RET,1,749.5,749.5,0,49,798.5
SALE_50929,ORD_10929,22-12-2024,CUST_2215,PROD_1016,SEL_508,PAY_NB,COUP_FREESHIP,ST_PEN,1,2069.31,2069.31,103.47,0,1965.84
SALE_50930,ORD_10930,11-01-2024,CUST_2293,PROD_1013,SEL_514,PAY_UPI,COUP_FESTIVE25,ST_PEN,1,687.14,687.14,0,49,736.14
SALE_50931,ORD_10931,01-10-2025,CUST_2297,PROD_1020,SEL_503,PAY_DC,COUP_FREESHIP,ST_EXC,1,703.12,703.12,35.16,49,716.96
SALE_50932,ORD_10932,12-11-2024,CUST_2235,PROD_1030,SEL_503,PAY_COD,COUP_AJIO20,ST_DEL,1,3239.19,3239.19,647.84,0,2591.35
SALE_50933,ORD_10933,23-10-2024,CUST_2002,PROD_1015,SEL_514,PAY_CC,COUP_FREESHIP,ST_DEL,1,869.42,869.42,43.47,49,874.95
SALE_50934,ORD_10934,20-04-2024,CUST_2097,PROD_1014,SEL_512,PAY_NB,COUP_FIRST100,ST_DEL,1,1119.44,1119.44,167.92,49,1000.52
SALE_50935,ORD_10935,01-09-2024,CUST_2098,PROD_1022,SEL_510,PAY_UPI,COUP_AJIO20,ST_CAN,3,714.45,2143.35,428.67,0,1714.68
SALE_50936,ORD_10936,21-08-2024,CUST_2258,PROD_1027,SEL_514,PAY_UPI,COUP_FREESHIP,ST_DEL,1,6639.17,6639.17,331.96,0,6307.21
SALE_50937,ORD_10937,20-06-2024,CUST_2181,PROD_1027,SEL_509,PAY_COD,COUP_FESTIVE25,ST_RET,3,6639.17,19917.51,4979.38,0,14938.13
SALE_50938,ORD_10938,10-04-2024,CUST_2235,PROD_1014,SEL_506,PAY_CC,COUP_FESTIVE25,ST_DEL,1,1119.44,1119.44,,0,1119.44
SALE_50939,ORD_10939,20-02-2024,CUST_2224,PROD_1021,SEL_505,PAY_AJIO_WALLET,COUP_FESTIVE25,ST_RET,2,764.49,1528.98,0,0,1528.98
SALE_50940,ORD_10940,23-02-2024,CUST_2054,PROD_1003,SEL_511,PAY_UPI,COUP_FESTIVE25,ST_RET,2,503.37,1006.74,0,,1006.74
SALE_50941,ORD_10941,17-01-2024,CUST_2279,PROD_1004,SEL_511,PAY_COD,COUP_FESTIVE25,ST_DEL,1,3479.13,3479.13,869.78,0,2609.35
SALE_50942,ORD_10942,04-10-2024,CUST_2216,PROD_1007,SEL_504,PAY_COD,COUP_FESTIVE25,ST_DEL,4,3279.18,13116.72,3279.18,,9837.54
SALE_50943,ORD_10943,26-11-2024,CUST_2180,PROD_1026,SEL_515,PAY_COD,COUP_TRENDS30,ST_RET,1,5119.36,5119.36,1535.81,0,3583.55
SALE_50944,ORD_10944,12-03-2024,CUST_2192,PROD_1026,SEL_504,PAY_NB,COUP_AJIO20,ST_DEL,1,5119.36,5119.36,1023.87,0,4095.49
SALE_50945,ORD_10945,14-01-2024,CUST_2213,PROD_1022,SEL_504,PAY_UPI,COUP_TRENDS30,ST_DEL,2,714.45,1428.9,0,0,1428.9
SALE_50946,ORD_10946,19-10-2024,CUST_2266,PROD_1027,SEL_512,PAY_NB,COUP_AJIO20,ST_DEL,1,6639.17,6639.17,1327.83,0,5311.34
SALE_50947,ORD_10947,22-10-2024,CUST_2201,PROD_1007,SEL_510,PAY_AJIO_WALLET,COUP_TRENDS30,ST_CAN,1,3279.18,3279.18,983.75,0,2295.43
SALE_50948,ORD_10948,08-11-2024,CUST_2200,PROD_1024,SEL_503,PAY_COD,COUP_AJIO20,ST_DEL,1,1659.17,1659.17,331.83,0,1327.34
SALE_50949,ORD_10949,25-01-2025,CUST_2065,PROD_1017,SEL_502,PAY_AJIO_WALLET,COUP_FESTIVE25,ST_PEN,3,2174.13,6522.39,1630.6,0,4891.79
SALE_50950,ORD_10950,08-11-2024,CUST_2284,PROD_1006,SEL_506,PAY_CC,COUP_NONE,ST_DEL,1,909.3,909.3,0,,958.3
SALE_50951,ORD_10951,02-10-2024,CUST_2079,PROD_1001,SEL_510,PAY_AJIO_WALLET,COUP_FESTIVE25,ST_RET,1,6879.14,6879.14,1719.79,0,5159.35
SALE_50952,ORD_10952,30-11-2024,CUST_2067,PROD_1015,SEL_511,PAY_AJIO_WALLET,COUP_AJIO20,ST_DEL,1,869.42,869.42,0,49,918.42
SALE_50953,ORD_10953,12-03-2024,CUST_2275,PROD_1027,SEL_504,PAY_AJIO_WALLET,,ST_PEN,1,6639.17,6639.17,1991.75,0,4647.42
SALE_50954,ORD_10954,26-02-2024,CUST_2074,PROD_1021,SEL_501,PAY_AJIO_WALLET,COUP_FESTIVE25,ST_CAN,3,764.49,2293.47,573.37,0,1720.1
SALE_50955,ORD_10955,17-02-2024,CUST_2063,PROD_1004,SEL_503,PAY_DC,COUP_AJIO20,ST_RET,1,3479.13,3479.13,695.83,0,2783.3
SALE_50956,ORD_10956,12-01-2024,CUST_2186,PROD_1030,SEL_514,PAY_CC,COUP_TRENDS30,ST_DEL,1,3239.19,3239.19,971.76,0,2267.43
SALE_50957,ORD_10957,20-11-2024,CUST_2040,PROD_1007,SEL_511,PAY_COD,COUP_TRENDS30,ST_RET,2,3279.18,6558.36,1967.51,0,4590.85
SALE_50958,ORD_10958,11-06-2024,CUST_2093,PROD_1010,SEL_501,PAY_CC,COUP_FREESHIP,ST_DEL,1,299.4,299.4,0,49,348.4
SALE_50959,ORD_10959,22-03-2024,CUST_2176,PROD_1012,SEL_508,PAY_NB,COUP_FESTIVE25,ST_DEL,2,675.48,1350.96,0,0,1350.96
SALE_50960,ORD_10960,19-09-2024,CUST_2063,PROD_1007,SEL_510,PAY_UPI,COUP_FESTIVE25,ST_DEL,1,3279.18,3279.18,819.79,0,2459.39
SALE_50961,ORD_10961,22-04-2024,CUST_2187,PROD_1004,SEL_515,PAY_CC,COUP_NONE,ST_DEL,2,3479.13,6958.26,0,,6958.26
SALE_50962,ORD_10962,27-06-2024,CUST_2065,PROD_1009,SEL_505,PAY_COD,COUP_FIRST100,ST_RET,1,3949.21,3949.21,592.38,0,3356.83
SALE_50963,ORD_10963,23-07-2024,CUST_2240,PROD_1024,SEL_513,PAY_COD,COUP_TRENDS30,ST_DEL,1,1659.17,1659.17,0,0,1659.17
SALE_50964,ORD_10964,22-02-2024,CUST_2102,PROD_1022,SEL_514,PAY_AJIO_WALLET,COUP_AJIO20,ST_RET,2,714.45,1428.9,0,0,1428.9
SALE_50965,ORD_10965,16-08-2024,CUST_2160,PROD_1006,SEL_513,PAY_CC,COUP_FREESHIP,ST_DEL,1,909.3,909.3,45.47,49,912.83
SALE_50966,ORD_10966,08-07-2024,CUST_2140,PROD_1027,SEL_506,PAY_NB,COUP_NONE,ST_DEL,1,6639.17,6639.17,0,0,6639.17
SALE_50967,ORD_10967,18-01-2024,CUST_2192,PROD_1029,SEL_511,PAY_UPI,COUP_TRENDS30,ST_DEL,1,749.5,749.5,0,49,798.5
SALE_50968,ORD_10968,16-01-2024,CUST_2210,PROD_1010,SEL_510,PAY_AJIO_WALLET,COUP_FESTIVE25,ST_DEL,1,299.4,299.4,0,49,348.4
SALE_50969,ORD_10969,20-04-2024,CUST_2166,PROD_1014,SEL_513,PAY_CC,COUP_AJIO20,ST_DEL,1,1119.44,1119.44,0,0,1119.44
SALE_50970,ORD_10970,01-06-2024,CUST_2075,PROD_1025,SEL_506,PAY_UPI,COUP_NONE,ST_DEL,1,818.37,818.37,0,49,867.37
SALE_50971,ORD_10971,25-05-2024,CUST_2291,PROD_1026,SEL_506,PAY_CC,COUP_FESTIVE25,ST_DEL,1,5119.36,5119.36,1279.84,0,3839.52
SALE_50972,ORD_10972,12-09-2024,CUST_2112,PROD_1004,SEL_509,PAY_DC,COUP_FREESHIP,ST_DEL,1,3479.13,3479.13,173.96,,3305.17
SALE_50973,ORD_10973,04-11-2024,CUST_2216,PROD_1022,SEL_513,PAY_COD,COUP_AJIO20,ST_CAN,1,714.45,714.45,0,49,763.45
SALE_50974,ORD_10974,19-08-2024,CUST_2253,PROD_1016,SEL_501,PAY_DC,COUP_TRENDS30,ST_DEL,1,2069.31,2069.31,0,0,2069.31
SALE_50975,ORD_10975,21-10-2024,CUST_2197,PROD_1008,SEL_510,PAY_UPI,COUP_AJIO20,ST_DEL,3,2919.27,8757.81,1751.56,0,7006.25
SALE_50976,ORD_10976,27-09-2024,CUST_2146,PROD_1005,SEL_514,PAY_COD,COUP_NONE,ST_RET,1,444.11,444.11,0,49,493.11
SALE_50977,ORD_10977,20-05-2024,CUST_2009,PROD_1003,SEL_508,PAY_UPI,COUP_TRENDS30,ST_SHP,2,503.37,1006.74,,0,1006.74
SALE_50978,ORD_10978,20-07-2024,CUST_2205,PROD_1003,SEL_509,PAY_DC,COUP_TRENDS30,ST_DEL,1,503.37,503.37,0,49,552.37
SALE_50979,ORD_10979,11-12-2024,CUST_2233,PROD_1016,SEL_514,PAY_AJIO_WALLET,COUP_NONE,ST_CAN,1,2069.31,2069.31,0,0,2069.31
SALE_50980,ORD_10980,18-12-2024,CUST_2025,PROD_1027,SEL_501,PAY_CC,COUP_NONE,ST_EXC,1,6639.17,6639.17,0,0,6639.17
SALE_50981,ORD_10981,18-12-2024,CUST_2046,PROD_1007,SEL_512,PAY_DC,COUP_FESTIVE25,ST_EXC,1,3279.18,3279.18,819.79,,2459.39
SALE_50982,ORD_10982,18-12-2024,CUST_2023,PROD_1004,SEL_501,PAY_DC,COUP_NONE,ST_DEL,2,3479.13,6958.26,0,0,6958.26
SALE_50983,ORD_10983,03-02-2024,CUST_2195,PROD_1009,SEL_512,PAY_CC,COUP_FIRST100,ST_DEL,1,3949.21,3949.21,592.38,0,3356.83
SALE_50984,ORD_10984,03-03-2024,CUST_2076,PROD_1025,SEL_510,PAY_COD,,ST_DEL,1,818.37,818.37,40.92,49,826.45
SALE_50985,ORD_10985,01-09-2025,CUST_2296,PROD_1016,SEL_511,PAY_COD,COUP_AJIO20,ST_DEL,1,2069.31,2069.31,413.86,0,1655.45
SALE_50986,ORD_10986,05-04-2024,CUST_2136,PROD_1025,SEL_505,PAY_AJIO_WALLET,COUP_NONE,ST_DEL,1,818.37,818.37,0,49,867.37
SALE_50987,ORD_10987,01-07-2024,CUST_2106,PROD_1023,SEL_502,PAY_UPI,COUP_TRENDS30,ST_DEL,1,1079.28,1079.28,0,0,1079.28
SALE_50988,ORD_10988,29-10-2024,CUST_2198,PROD_1007,SEL_508,PAY_UPI,COUP_AJIO20,ST_DEL,1,3279.18,3279.18,655.84,0,2623.34
SALE_50989,ORD_10989,15-09-2024,CUST_2161,PROD_1025,SEL_505,PAY_AJIO_WALLET,COUP_TRENDS30,ST_SHP,3,818.37,2455.11,0,,2455.11
SALE_50990,ORD_10990,19-09-2024,CUST_2113,PROD_1030,SEL_506,PAY_COD,COUP_TRENDS30,ST_CAN,2,3239.19,6478.38,1943.51,0,4534.87
SALE_50991,ORD_10991,22-10-2024,CUST_2097,PROD_1003,SEL_505,PAY_COD,COUP_FIRST100,ST_SHP,1,503.37,503.37,0,49,552.37
SALE_50992,ORD_10992,23-08-2024,CUST_2237,PROD_1029,SEL_502,PAY_AJIO_WALLET,COUP_NONE,ST_DEL,1,749.5,749.5,0,49,798.5
SALE_50993,ORD_10993,10-08-2024,CUST_2244,PROD_1022,SEL_509,PAY_COD,COUP_AJIO20,ST_DEL,1,714.45,714.45,0,49,763.45
SALE_50994,ORD_10994,28-01-2024,CUST_2109,PROD_1005,SEL_507,PAY_NB,,ST_DEL,1,444.11,444.11,0,49,493.11
SALE_50995,ORD_10995,04-09-2024,CUST_2051,PROD_1002,SEL_511,PAY_COD,COUP_FREESHIP,ST_RET,1,1199.2,1199.2,,0,1139.24
SALE_50996,ORD_10996,08-09-2024,CUST_2091,PROD_1020,SEL_505,PAY_NB,COUP_FESTIVE25,ST_DEL,1,703.12,703.12,0,49,752.12
SALE_50997,ORD_10997,21-10-2024,CUST_2128,PROD_1004,SEL_504,PAY_UPI,COUP_NONE,ST_RET,1,3479.13,3479.13,,0,3479.13
SALE_50998,ORD_10998,26-07-2024,CUST_2273,PROD_1004,SEL_505,PAY_CC,COUP_FESTIVE25,ST_SHP,1,3479.13,3479.13,869.78,0,2609.35
SALE_50999,ORD_10999,28-03-2024,CUST_2113,PROD_1024,SEL_514,PAY_AJIO_WALLET,,ST_DEL,1,1659.17,1659.17,331.83,0,1327.34
SALE_51000,ORD_11000,04-04-2024,CUST_2148,PROD_1023,SEL_510,PAY_DC,COUP_FREESHIP,ST_DEL,3,1079.28,3237.84,161.89,0,3075.95
SALE_51001,ORD_11001,14-12-2024,CUST_2245,PROD_1024,SEL_505,PAY_AJIO_WALLET,COUP_FIRST100,ST_DEL,1,1659.17,1659.17,248.88,0,1410.29
SALE_51002,ORD_11002,08-07-2024,CUST_2171,PROD_1029,SEL_508,PAY_CC,COUP_NONE,ST_SHP,1,749.5,749.5,0,49,798.5
SALE_51003,ORD_11003,01-05-2024,CUST_2136,PROD_1029,SEL_502,PAY_CC,COUP_FREESHIP,ST_PEN,1,749.5,749.5,37.48,49,761.02
SALE_51004,ORD_11004,24-01-2024,CUST_2243,PROD_1019,SEL_501,PAY_COD,COUP_FIRST100,ST_DEL,1,1339.33,1339.33,200.9,0,1138.43
SALE_51005,ORD_11005,16-03-2024,CUST_2149,PROD_1027,SEL_504,PAY_NB,COUP_FESTIVE25,ST_DEL,1,6639.17,6639.17,1659.79,0,4979.38
SALE_51006,ORD_11006,11-05-2024,CUST_2172,PROD_1015,SEL_508,PAY_AJIO_WALLET,COUP_AJIO20,ST_EXC,1,869.42,869.42,0,49,918.42
SALE_51007,ORD_11007,22-09-2024,CUST_2187,PROD_1015,SEL_501,PAY_DC,COUP_AJIO20,ST_SHP,2,869.42,1738.84,347.77,0,1391.07
SALE_51008,ORD_11008,01-11-2024,CUST_2248,PROD_1004,SEL_505,PAY_AJIO_WALLET,COUP_FESTIVE25,ST_SHP,4,3479.13,13916.52,3479.13,0,10437.39
SALE_51009,ORD_11009,22-10-2024,CUST_2113,PROD_1022,SEL_503,PAY_DC,COUP_TRENDS30,ST_DEL,4,714.45,2857.8,857.34,0,2000.46
SALE_51010,ORD_11010,07-12-2024,CUST_2185,PROD_1007,SEL_512,PAY_UPI,COUP_FIRST100,ST_RET,1,3279.18,3279.18,491.88,0,2787.3
SALE_51011,ORD_11011,18-08-2024,CUST_2141,PROD_1029,SEL_511,PAY_AJIO_WALLET,COUP_FESTIVE25,ST_RET,1,749.5,749.5,0,49,798.5
SALE_51012,ORD_11012,21-05-2024,CUST_2179,PROD_1029,SEL_506,PAY_COD,COUP_FESTIVE25,ST_DEL,1,749.5,749.5,0,49,798.5
SALE_51013,ORD_11013,20-08-2024,CUST_2297,PROD_1017,SEL_512,PAY_DC,COUP_FESTIVE25,ST_DEL,4,2174.13,8696.52,2174.13,0,6522.39
SALE_51014,ORD_11014,16-03-2024,CUST_2178,PROD_1010,SEL_502,PAY_UPI,COUP_TRENDS30,ST_RET,1,299.4,299.4,0,49,348.4
SALE_51015,ORD_11015,09-06-2024,CUST_2268,PROD_1010,SEL_510,PAY_NB,COUP_FREESHIP,ST_DEL,1,299.4,299.4,,49,348.4
SALE_51016,ORD_11016,30-10-2024,CUST_2151,PROD_1001,SEL_508,PAY_UPI,COUP_FIRST100,ST_DEL,1,6879.14,6879.14,,0,5847.27
SALE_51017,ORD_11017,26-01-2024,CUST_2157,PROD_1001,SEL_507,PAY_DC,COUP_FREESHIP,ST_CAN,1,6879.14,6879.14,343.96,0,6535.18
SALE_51018,ORD_11018,14-10-2024,CUST_2146,PROD_1026,SEL_514,PAY_NB,COUP_FREESHIP,ST_RET,4,5119.36,20477.44,1023.87,0,19453.57
SALE_51019,ORD_11019,02-11-2024,CUST_2139,PROD_1005,SEL_512,PAY_CC,,ST_DEL,1,444.11,444.11,0,49,493.11
SALE_51020,ORD_11020,08-04-2024,CUST_2243,PROD_1030,SEL_506,PAY_CC,COUP_FREESHIP,ST_DEL,4,3239.19,12956.76,647.84,0,12308.92
SALE_51021,ORD_11021,15-10-2024,CUST_2051,PROD_1029,SEL_505,PAY_DC,COUP_FESTIVE25,ST_DEL,1,749.5,749.5,0,49,798.5
SALE_51022,ORD_11022,05-08-2024,CUST_2166,PROD_1026,SEL_510,PAY_CC,COUP_FREESHIP,ST_PEN,1,5119.36,5119.36,255.97,0,4863.39
SALE_51023,ORD_11023,17-11-2024,CUST_2103,PROD_1010,SEL_505,PAY_UPI,COUP_AJIO20,ST_DEL,1,299.4,299.4,0,49,348.4
SALE_51024,ORD_11024,14-08-2024,CUST_2193,PROD_1026,SEL_515,PAY_COD,COUP_NONE,ST_DEL,1,5119.36,5119.36,0,0,5119.36
SALE_51025,ORD_11025,29-07-2024,CUST_2184,PROD_1015,SEL_506,PAY_COD,COUP_TRENDS30,ST_DEL,1,869.42,869.42,0,49,918.42
SALE_51026,ORD_11026,11-10-2024,CUST_2287,PROD_1001,SEL_513,PAY_COD,COUP_NONE,ST_PEN,2,6879.14,13758.28,0,0,13758.28
SALE_51027,ORD_11027,16-10-2024,CUST_2298,PROD_1017,SEL_506,PAY_CC,COUP_FESTIVE25,ST_DEL,1,2174.13,2174.13,543.53,0,1630.6
SALE_51028,ORD_11028,25-01-2025,CUST_2202,PROD_1005,SEL_507,PAY_AJIO_WALLET,COUP_NONE,ST_DEL,1,444.11,444.11,0,49,493.11
SALE_51029,ORD_11029,31-10-2024,CUST_2028,PROD_1003,SEL_501,PAY_DC,COUP_FREESHIP,ST_DEL,2,503.37,1006.74,50.34,49,1005.4
SALE_51030,ORD_11030,26-10-2024,CUST_2290,PROD_1016,SEL_512,PAY_DC,COUP_NONE,ST_DEL,1,2069.31,2069.31,0,0,2069.31
SALE_51031,ORD_11031,09-10-2024,CUST_2028,PROD_1023,SEL_504,PAY_NB,COUP_FIRST100,ST_DEL,1,1079.28,1079.28,161.89,49,966.39
SALE_51032,ORD_11032,01-04-2024,CUST_2080,PROD_1010,SEL_511,PAY_DC,COUP_FREESHIP,ST_EXC,1,299.4,299.4,0,,348.4
SALE_51033,ORD_11033,03-02-2024,CUST_2103,PROD_1004,SEL_502,PAY_UPI,COUP_FIRST100,ST_DEL,1,3479.13,3479.13,521.87,,2957.26
SALE_51034,ORD_11034,29-01-2024,CUST_2105,PROD_1004,SEL_508,PAY_UPI,COUP_FESTIVE25,ST_DEL,1,3479.13,3479.13,869.78,0,2609.35
SALE_51035,ORD_11035,09-11-2024,CUST_2248,PROD_1006,SEL_514,PAY_CC,COUP_FESTIVE25,ST_DEL,1,909.3,909.3,0,49,958.3
SALE_51036,ORD_11036,16-01-2025,CUST_2064,PROD_1014,SEL_503,PAY_AJIO_WALLET,COUP_NONE,ST_DEL,1,1119.44,1119.44,0,0,1119.44
SALE_51037,ORD_11037,28-05-2024,CUST_2262,PROD_1024,SEL_512,PAY_NB,COUP_FIRST100,ST_DEL,1,1659.17,1659.17,248.88,0,1410.29
SALE_51038,ORD_11038,24-02-2024,CUST_2253,PROD_1012,SEL_511,PAY_DC,COUP_TRENDS30,ST_DEL,1,675.48,675.48,0,49,724.48
SALE_51039,ORD_11039,18-07-2024,CUST_2218,PROD_1005,SEL_501,PAY_DC,COUP_TRENDS30,ST_DEL,1,444.11,444.11,0,49,493.11
SALE_51040,ORD_11040,30-06-2024,CUST_2018,PROD_1021,SEL_511,PAY_AJIO_WALLET,COUP_FESTIVE25,ST_DEL,1,764.49,764.49,0,49,813.49
SALE_51041,ORD_11041,14-09-2024,CUST_2235,PROD_1009,SEL_501,PAY_CC,COUP_AJIO20,ST_DEL,1,3949.21,3949.21,789.84,0,3159.37
SALE_51042,ORD_11042,29-06-2024,CUST_2269,PROD_1013,SEL_509,PAY_UPI,COUP_FIRST100,ST_SHP,2,687.14,1374.28,206.14,0,1168.14
SALE_51043,ORD_11043,12-03-2024,CUST_2174,PROD_1015,SEL_512,PAY_CC,COUP_AJIO20,ST_PEN,3,869.42,2608.26,521.65,,2086.61
SALE_51044,ORD_11044,29-08-2024,CUST_2035,PROD_1030,SEL_514,PAY_AJIO_WALLET,COUP_TRENDS30,ST_DEL,1,3239.19,3239.19,971.76,0,2267.43
SALE_51045,ORD_11045,03-07-2024,CUST_2295,PROD_1023,SEL_515,PAY_NB,COUP_FREESHIP,ST_DEL,1,1079.28,1079.28,53.96,0,1025.32
SALE_51046,ORD_11046,16-01-2024,CUST_2298,PROD_1012,SEL_510,PAY_NB,COUP_TRENDS30,ST_DEL,1,675.48,675.48,0,49,724.48
SALE_51047,ORD_11047,28-04-2024,CUST_2055,PROD_1016,SEL_515,PAY_AJIO_WALLET,COUP_TRENDS30,ST_DEL,1,2069.31,2069.31,0,0,2069.31
SALE_51048,ORD_11048,02-01-2024,CUST_2090,PROD_1024,SEL_515,PAY_COD,COUP_TRENDS30,ST_RET,1,1659.17,1659.17,0,0,1659.17
SALE_51049,ORD_11049,11-06-2024,CUST_2020,PROD_1028,SEL_512,PAY_UPI,,ST_PEN,2,1078.17,2156.34,0,0,2156.34
SALE_51050,ORD_11050,22-11-2024,CUST_2090,PROD_1011,SEL_502,PAY_AJIO_WALLET,COUP_TRENDS30,ST_DEL,1,1899.24,1899.24,0,0,1899.24
SALE_51051,ORD_11051,13-04-2024,CUST_2101,PROD_1009,SEL_508,PAY_COD,COUP_FREESHIP,ST_DEL,1,3949.21,3949.21,197.46,0,3751.75
SALE_51052,ORD_11052,18-11-2024,CUST_2271,PROD_1026,SEL_513,PAY_CC,COUP_NONE,ST_DEL,1,5119.36,5119.36,0,0,5119.36
SALE_51053,ORD_11053,17-10-2024,CUST_2018,PROD_1026,SEL_503,PAY_UPI,COUP_AJIO20,ST_PEN,2,5119.36,10238.72,2047.74,0,8190.98
SALE_51054,ORD_11054,09-11-2024,CUST_2175,PROD_1006,SEL_511,PAY_AJIO_WALLET,COUP_FREESHIP,ST_DEL,2,909.3,1818.6,90.93,0,1727.67
SALE_51055,ORD_11055,13-10-2024,CUST_2293,PROD_1027,SEL_508,PAY_NB,COUP_AJIO20,ST_DEL,2,6639.17,13278.34,2655.67,,10622.67
SALE_51056,ORD_11056,03-06-2024,CUST_2225,PROD_1014,SEL_511,PAY_COD,COUP_NONE,ST_DEL,1,1119.44,1119.44,0,0,1119.44
SALE_51057,ORD_11057,01-12-2024,CUST_2061,PROD_1016,SEL_504,PAY_UPI,COUP_FESTIVE25,ST_DEL,2,2069.31,4138.62,1034.65,0,3103.97
SALE_51058,ORD_11058,04-02-2024,CUST_2149,PROD_1030,SEL_514,PAY_DC,COUP_TRENDS30,ST_SHP,4,3239.19,12956.76,3887.03,0,9069.73
SALE_51059,ORD_11059,13-09-2024,CUST_2039,PROD_1018,SEL_510,PAY_CC,,ST_RET,1,5199.35,5199.35,1299.84,0,3899.51
SALE_51060,ORD_11060,14-05-2024,CUST_2030,PROD_1018,SEL_512,PAY_UPI,COUP_FESTIVE25,ST_DEL,1,5199.35,5199.35,1299.84,0,3899.51
SALE_51061,ORD_11061,31-01-2024,CUST_2174,PROD_1014,SEL_505,PAY_CC,COUP_AJIO20,ST_RET,1,1119.44,1119.44,0,0,1119.44
SALE_51062,ORD_11062,02-07-2024,CUST_2169,PROD_1030,SEL_513,PAY_AJIO_WALLET,COUP_NONE,ST_DEL,3,3239.19,9717.57,0,0,9717.57
SALE_51063,ORD_11063,02-11-2024,CUST_2019,PROD_1012,SEL_502,PAY_COD,COUP_FESTIVE25,ST_SHP,1,675.48,675.48,0,49,724.48
SALE_51064,ORD_11064,16-09-2024,CUST_2067,PROD_1009,SEL_512,PAY_UPI,COUP_NONE,ST_DEL,1,3949.21,3949.21,0,0,3949.21
SALE_51065,ORD_11065,14-01-2024,CUST_2221,PROD_1016,SEL_505,PAY_CC,,ST_RET,1,2069.31,2069.31,0,0,2069.31
SALE_51066,ORD_11066,27-01-2024,CUST_2195,PROD_1022,SEL_511,PAY_AJIO_WALLET,COUP_NONE,ST_DEL,2,714.45,1428.9,0,0,1428.9
SALE_51067,ORD_11067,08-12-2024,CUST_2065,PROD_1014,SEL_512,PAY_COD,COUP_FESTIVE25,ST_DEL,3,1119.44,3358.32,839.58,0,2518.74
SALE_51068,ORD_11068,05-01-2024,CUST_2189,PROD_1012,SEL_504,PAY_DC,COUP_TRENDS30,ST_RET,1,675.48,675.48,,49,724.48
SALE_51069,ORD_11069,01-08-2024,CUST_2006,PROD_1008,SEL_507,PAY_AJIO_WALLET,COUP_FESTIVE25,ST_DEL,2,2919.27,5838.54,1459.63,0,4378.91
SALE_51070,ORD_11070,06-09-2024,CUST_2040,PROD_1002,SEL_503,PAY_COD,COUP_FIRST100,ST_DEL,1,1199.2,1199.2,179.88,0,1019.32
SALE_51071,ORD_11071,03-03-2024,CUST_2126,PROD_1010,SEL_503,PAY_NB,COUP_TRENDS30,ST_DEL,1,299.4,299.4,0,49,348.4
SALE_51072,ORD_11072,07-01-2024,CUST_2129,PROD_1018,SEL_504,PAY_COD,,ST_SHP,1,5199.35,5199.35,259.97,0,4939.38
SALE_51073,ORD_11073,05-05-2024,CUST_2155,PROD_1012,SEL_513,PAY_NB,COUP_AJIO20,ST_CAN,3,675.48,2026.44,405.29,0,1621.15
SALE_51074,ORD_11074,29-07-2024,CUST_2164,PROD_1023,SEL_509,PAY_NB,COUP_NONE,ST_DEL,1,1079.28,1079.28,0,0,1079.28
SALE_51075,ORD_11075,14-01-2025,CUST_2041,PROD_1007,SEL_515,PAY_CC,COUP_FESTIVE25,ST_DEL,1,3279.18,3279.18,819.79,0,2459.39
SALE_51076,ORD_11076,23-12-2024,CUST_2191,PROD_1024,SEL_514,PAY_CC,COUP_NONE,ST_RET,1,1659.17,1659.17,0,0,1659.17
SALE_51077,ORD_11077,28-10-2024,CUST_2233,PROD_1004,SEL_501,PAY_COD,COUP_NONE,ST_DEL,1,3479.13,3479.13,0,,3479.13
SALE_51078,ORD_11078,14-07-2024,CUST_2044,PROD_1002,SEL_505,PAY_NB,COUP_TRENDS30,ST_DEL,1,1199.2,1199.2,0,,1199.2
SALE_51079,ORD_11079,27-01-2024,CUST_2115,PROD_1007,SEL_507,PAY_CC,,ST_DEL,1,3279.18,3279.18,163.96,0,3115.22
SALE_51080,ORD_11080,21-06-2024,CUST_2278,PROD_1025,SEL_506,PAY_UPI,COUP_FESTIVE25,ST_PEN,2,818.37,1636.74,0,0,1636.74
SALE_51081,ORD_11081,08-10-2024,CUST_2111,PROD_1025,SEL_501,PAY_DC,COUP_FREESHIP,ST_CAN,2,818.37,1636.74,,0,1554.9
SALE_51082,ORD_11082,13-12-2024,CUST_2030,PROD_1026,SEL_502,PAY_NB,COUP_TRENDS30,ST_RET,2,5119.36,10238.72,3071.62,0,7167.1
SALE_51083,ORD_11083,22-09-2024,CUST_2274,PROD_1015,SEL_507,PAY_NB,COUP_FREESHIP,ST_DEL,1,869.42,869.42,43.47,49,874.95
SALE_51084,ORD_11084,23-05-2024,CUST_2196,PROD_1015,SEL_512,PAY_CC,COUP_FIRST100,ST_RET,4,869.42,3477.68,521.65,0,2956.03
SALE_51085,ORD_11085,21-07-2024,CUST_2044,PROD_1008,SEL_513,PAY_NB,COUP_AJIO20,ST_DEL,1,2919.27,2919.27,583.85,0,2335.42
SALE_51086,ORD_11086,11-07-2024,CUST_2186,PROD_1009,SEL_511,PAY_DC,COUP_FREESHIP,ST_CAN,1,3949.21,3949.21,197.46,0,3751.75
SALE_51087,ORD_11087,01-09-2024,CUST_2292,PROD_1022,SEL_506,PAY_DC,COUP_FIRST100,ST_DEL,1,714.45,714.45,0,49,763.45
SALE_51088,ORD_11088,30-01-2024,CUST_2019,PROD_1012,SEL_508,PAY_AJIO_WALLET,,ST_DEL,3,675.48,2026.44,506.61,0,1519.83
SALE_51089,ORD_11089,13-08-2024,CUST_2142,PROD_1029,SEL_510,PAY_NB,COUP_AJIO20,ST_RET,1,749.5,749.5,0,,798.5
SALE_51090,ORD_11090,30-03-2024,CUST_2142,PROD_1009,SEL_514,PAY_COD,,ST_DEL,2,3949.21,7898.42,1184.76,0,6713.66
SALE_51091,ORD_11091,16-09-2024,CUST_2026,PROD_1008,SEL_502,PAY_AJIO_WALLET,COUP_NONE,ST_DEL,1,2919.27,2919.27,0,0,2919.27
SALE_51092,ORD_11092,05-12-2024,CUST_2022,PROD_1018,SEL_512,PAY_CC,,ST_RET,1,5199.35,5199.35,0,0,5199.35
SALE_51093,ORD_11093,25-02-2024,CUST_2181,PROD_1018,SEL_512,PAY_UPI,COUP_FESTIVE25,ST_DEL,1,5199.35,5199.35,1299.84,0,3899.51
SALE_51094,ORD_11094,07-09-2024,CUST_2058,PROD_1017,SEL_502,PAY_CC,COUP_FIRST100,ST_DEL,1,2174.13,2174.13,,0,1848.01
SALE_51095,ORD_11095,07-03-2024,CUST_2219,PROD_1029,SEL_505,PAY_CC,COUP_NONE,ST_DEL,4,749.5,2998,,0,2998
SALE_51096,ORD_11096,23-01-2024,CUST_2192,PROD_1016,SEL_505,PAY_NB,COUP_NONE,ST_DEL,3,2069.31,6207.93,0,0,6207.93
SALE_51097,ORD_11097,02-03-2025,CUST_2014,PROD_1004,SEL_510,PAY_CC,,ST_DEL,2,3479.13,6958.26,1391.65,0,5566.61
SALE_51098,ORD_11098,17-03-2024,CUST_2177,PROD_1007,SEL_507,PAY_NB,COUP_NONE,ST_SHP,2,3279.18,6558.36,0,0,6558.36
SALE_51099,ORD_11099,21-10-2024,CUST_2041,PROD_1003,SEL_515,PAY_CC,COUP_FESTIVE25,ST_DEL,1,503.37,503.37,0,49,552.37
SALE_51100,ORD_11100,11-06-2024,CUST_2215,PROD_1018,SEL_512,PAY_UPI,COUP_FESTIVE25,ST_PEN,1,5199.35,5199.35,1299.84,0,3899.51
SALE_51101,ORD_11101,30-05-2024,CUST_2267,PROD_1015,SEL_506,PAY_DC,COUP_FIRST100,ST_CAN,1,869.42,869.42,0,49,918.42
SALE_51102,ORD_11102,20-12-2024,CUST_2186,PROD_1008,SEL_508,PAY_DC,COUP_FREESHIP,ST_RET,1,2919.27,2919.27,,0,2773.31
SALE_51103,ORD_11103,07-04-2024,CUST_2210,PROD_1012,SEL_502,PAY_DC,COUP_FESTIVE25,ST_DEL,1,675.48,675.48,0,49,724.48
SALE_51104,ORD_11104,05-03-2024,CUST_2118,PROD_1015,SEL_513,PAY_COD,COUP_FIRST100,ST_DEL,1,869.42,869.42,0,49,918.42
SALE_51105,ORD_11105,26-05-2024,CUST_2209,PROD_1022,SEL_510,PAY_AJIO_WALLET,COUP_FIRST100,ST_DEL,1,714.45,714.45,0,49,763.45
SALE_51106,ORD_11106,19-11-2024,CUST_2042,PROD_1014,SEL_507,PAY_NB,COUP_FIRST100,ST_DEL,3,1119.44,3358.32,503.75,0,2854.57
SALE_51107,ORD_11107,10-10-2024,CUST_2233,PROD_1001,SEL_503,PAY_UPI,COUP_TRENDS30,ST_DEL,2,6879.14,13758.28,4127.48,0,9630.8
SALE_51108,ORD_11108,02-07-2024,CUST_2065,PROD_1028,SEL_501,PAY_COD,COUP_NONE,ST_SHP,1,1078.17,1078.17,0,0,1078.17
SALE_51109,ORD_11109,22-12-2024,CUST_2272,PROD_1030,SEL_507,PAY_COD,COUP_AJIO20,ST_DEL,1,3239.19,3239.19,647.84,0,2591.35
SALE_51110,ORD_11110,25-02-2024,CUST_2151,PROD_1004,SEL_506,PAY_DC,COUP_FESTIVE25,ST_DEL,1,3479.13,3479.13,869.78,0,2609.35
SALE_51111,ORD_11111,11-08-2024,CUST_2182,PROD_1015,SEL_515,PAY_COD,COUP_FREESHIP,ST_DEL,2,869.42,1738.84,86.94,0,1651.9
SALE_51112,ORD_11112,17-09-2024,CUST_2069,PROD_1024,SEL_503,PAY_AJIO_WALLET,COUP_FESTIVE25,ST_RET,1,1659.17,1659.17,0,,1659.17
SALE_51113,ORD_11113,13-07-2024,CUST_2004,PROD_1019,SEL_510,PAY_DC,COUP_FREESHIP,ST_DEL,1,1339.33,1339.33,66.97,0,1272.36
SALE_51114,ORD_11114,09-09-2024,CUST_2261,PROD_1024,SEL_510,PAY_DC,COUP_NONE,ST_DEL,1,1659.17,1659.17,0,,1659.17
SALE_51115,ORD_11115,08-06-2024,CUST_2266,PROD_1029,SEL_509,PAY_NB,COUP_FESTIVE25,ST_CAN,1,749.5,749.5,0,49,798.5
SALE_51116,ORD_11116,01-11-2025,CUST_2164,PROD_1025,SEL_503,PAY_CC,COUP_NONE,ST_CAN,1,818.37,818.37,0,,867.37
SALE_51117,ORD_11117,25-05-2024,CUST_2143,PROD_1019,SEL_515,PAY_NB,COUP_AJIO20,ST_DEL,1,1339.33,1339.33,0,0,1339.33
SALE_51118,ORD_11118,05-12-2024,CUST_2141,PROD_1016,SEL_508,PAY_CC,COUP_FIRST100,ST_DEL,2,2069.31,4138.62,620.79,0,3517.83
SALE_51119,ORD_11119,17-09-2024,CUST_2119,PROD_1022,SEL_505,PAY_CC,COUP_NONE,ST_DEL,1,714.45,714.45,0,49,763.45
SALE_51120,ORD_11120,14-01-2024,CUST_2021,PROD_1029,SEL_509,PAY_NB,COUP_FIRST100,ST_DEL,1,749.5,749.5,0,49,798.5
SALE_51121,ORD_11121,20-08-2024,CUST_2293,PROD_1014,SEL_512,PAY_COD,COUP_FESTIVE25,ST_DEL,3,1119.44,3358.32,839.58,0,2518.74
SALE_51122,ORD_11122,03-11-2024,CUST_2062,PROD_1015,SEL_515,PAY_COD,COUP_TRENDS30,ST_DEL,2,869.42,1738.84,0,0,1738.84
SALE_51123,ORD_11123,01-07-2025,CUST_2060,PROD_1012,SEL_513,PAY_UPI,COUP_FREESHIP,ST_PEN,1,675.48,675.48,33.77,49,690.71
SALE_51124,ORD_11124,12-10-2024,CUST_2260,PROD_1011,SEL_505,PAY_COD,,ST_SHP,2,1899.24,3798.48,189.92,0,3608.56
SALE_51125,ORD_11125,27-12-2024,CUST_2162,PROD_1029,SEL_515,PAY_UPI,,ST_DEL,1,749.5,749.5,0,49,798.5
SALE_51126,ORD_11126,17-11-2024,CUST_2286,PROD_1022,SEL_514,PAY_AJIO_WALLET,COUP_NONE,ST_RET,1,714.45,714.45,0,49,763.45
SALE_51127,ORD_11127,18-03-2024,CUST_2193,PROD_1028,SEL_504,PAY_AJIO_WALLET,COUP_FIRST100,ST_DEL,2,1078.17,2156.34,323.45,0,1832.89
SALE_51128,ORD_11128,21-09-2024,CUST_2255,PROD_1010,SEL_503,PAY_CC,COUP_FREESHIP,ST_CAN,1,299.4,299.4,,49,348.4
SALE_51129,ORD_11129,20-01-2024,CUST_2035,PROD_1016,SEL_509,PAY_NB,COUP_FIRST100,ST_SHP,1,2069.31,2069.31,310.4,0,1758.91
SALE_51130,ORD_11130,28-09-2024,CUST_2195,PROD_1021,SEL_510,PAY_CC,,ST_DEL,4,764.49,3057.96,152.9,0,2905.06
SALE_51131,ORD_11131,18-11-2024,CUST_2154,PROD_1027,SEL_504,PAY_DC,COUP_FREESHIP,ST_DEL,1,6639.17,6639.17,331.96,0,6307.21
SALE_51132,ORD_11132,21-01-2025,CUST_2279,PROD_1016,SEL_505,PAY_UPI,COUP_FIRST100,ST_DEL,1,2069.31,2069.31,310.4,0,1758.91
SALE_51133,ORD_11133,25-08-2024,CUST_2229,PROD_1011,SEL_504,PAY_AJIO_WALLET,COUP_TRENDS30,ST_DEL,1,1899.24,1899.24,,0,1899.24
SALE_51134,ORD_11134,09-04-2024,CUST_2178,PROD_1023,SEL_507,PAY_AJIO_WALLET,COUP_FIRST100,ST_PEN,1,1079.28,1079.28,161.89,49,966.39
SALE_51135,ORD_11135,02-04-2025,CUST_2121,PROD_1001,SEL_505,PAY_DC,COUP_FESTIVE25,ST_DEL,1,6879.14,6879.14,1719.79,0,5159.35
SALE_51136,ORD_11136,14-08-2024,CUST_2166,PROD_1009,SEL_511,PAY_DC,COUP_TRENDS30,ST_DEL,1,3949.21,3949.21,1184.76,0,2764.45
SALE_51137,ORD_11137,24-01-2024,CUST_2028,PROD_1009,SEL_508,PAY_AJIO_WALLET,COUP_FIRST100,ST_DEL,1,3949.21,3949.21,592.38,0,3356.83
SALE_51138,ORD_11138,16-11-2024,CUST_2114,PROD_1019,SEL_515,PAY_CC,COUP_FESTIVE25,ST_DEL,3,1339.33,4017.99,1004.5,0,3013.49
SALE_51139,ORD_11139,01-11-2024,CUST_2169,PROD_1005,SEL_510,PAY_NB,COUP_NONE,ST_RET,1,444.11,444.11,0,49,493.11
SALE_51140,ORD_11140,22-09-2024,CUST_2171,PROD_1030,SEL_506,PAY_NB,COUP_NONE,ST_SHP,1,3239.19,3239.19,0,0,3239.19
SALE_51141,ORD_11141,27-04-2024,CUST_2102,PROD_1006,SEL_514,PAY_NB,COUP_TRENDS30,ST_CAN,2,909.3,1818.6,,0,1818.6
SALE_51142,ORD_11142,01-07-2024,CUST_2192,PROD_1011,SEL_507,PAY_CC,COUP_FESTIVE25,ST_SHP,2,1899.24,3798.48,949.62,0,2848.86
SALE_51143,ORD_11143,24-05-2024,CUST_2270,PROD_1004,SEL_509,PAY_COD,,ST_DEL,1,3479.13,3479.13,1043.74,0,2435.39
SALE_51144,ORD_11144,07-12-2024,CUST_2127,PROD_1002,SEL_505,PAY_AJIO_WALLET,COUP_NONE,ST_CAN,1,1199.2,1199.2,0,0,1199.2
SALE_51145,ORD_11145,26-12-2024,CUST_2139,PROD_1028,SEL_502,PAY_UPI,COUP_NONE,ST_DEL,1,1078.17,1078.17,0,0,1078.17
SALE_51146,ORD_11146,19-07-2024,CUST_2278,PROD_1020,SEL_515,PAY_CC,COUP_NONE,ST_SHP,2,703.12,1406.24,0,0,1406.24
SALE_51147,ORD_11147,06-03-2024,CUST_2160,PROD_1026,SEL_506,PAY_COD,COUP_FESTIVE25,ST_SHP,1,5119.36,5119.36,1279.84,,3839.52
SALE_51148,ORD_11148,08-07-2024,CUST_2052,PROD_1009,SEL_511,PAY_NB,COUP_TRENDS30,ST_DEL,1,3949.21,3949.21,1184.76,0,2764.45
SALE_51149,ORD_11149,30-09-2024,CUST_2209,PROD_1018,SEL_505,PAY_COD,COUP_AJIO20,ST_RET,1,5199.35,5199.35,1039.87,0,4159.48
SALE_51150,ORD_11150,31-12-2024,CUST_2009,PROD_1016,SEL_512,PAY_COD,COUP_AJIO20,ST_PEN,1,2069.31,2069.31,413.86,0,1655.45
SALE_51151,ORD_11151,15-10-2024,CUST_2296,PROD_1001,SEL_507,PAY_CC,COUP_TRENDS30,ST_DEL,1,6879.14,6879.14,2063.74,0,4815.4
SALE_51152,ORD_11152,27-03-2024,CUST_2171,PROD_1005,SEL_513,PAY_AJIO_WALLET,COUP_NONE,ST_DEL,2,444.11,888.22,0,49,937.22
SALE_51153,ORD_11153,30-08-2024,CUST_2251,PROD_1019,SEL_504,PAY_UPI,COUP_FIRST100,ST_DEL,2,1339.33,2678.66,401.8,0,2276.86
SALE_51154,ORD_11154,06-08-2024,CUST_2291,PROD_1025,SEL_504,PAY_UPI,COUP_TRENDS30,ST_DEL,2,818.37,1636.74,0,,1636.74
SALE_51155,ORD_11155,01-03-2024,CUST_2019,PROD_1011,SEL_512,PAY_NB,COUP_FESTIVE25,ST_DEL,1,1899.24,1899.24,0,0,1899.24
SALE_51156,ORD_11156,29-11-2024,CUST_2288,PROD_1026,SEL_508,PAY_NB,COUP_TRENDS30,ST_DEL,1,5119.36,5119.36,1535.81,0,3583.55
SALE_51157,ORD_11157,23-02-2024,CUST_2248,PROD_1017,SEL_509,PAY_AJIO_WALLET,COUP_FREESHIP,ST_DEL,1,2174.13,2174.13,108.71,0,2065.42
SALE_51158,ORD_11158,03-03-2024,CUST_2193,PROD_1005,SEL_513,PAY_UPI,COUP_FIRST100,ST_DEL,1,444.11,444.11,0,49,493.11
SALE_51159,ORD_11159,25-09-2024,CUST_2059,PROD_1002,SEL_515,PAY_COD,,ST_DEL,1,1199.2,1199.2,0,0,1199.2
SALE_51160,ORD_11160,30-05-2024,CUST_2281,PROD_1014,SEL_507,PAY_UPI,COUP_AJIO20,ST_DEL,1,1119.44,1119.44,0,0,1119.44
SALE_51161,ORD_11161,13-03-2024,CUST_2166,PROD_1020,SEL_515,PAY_DC,COUP_FESTIVE25,ST_SHP,1,703.12,703.12,0,49,752.12
SALE_51162,ORD_11162,05-08-2024,CUST_2105,PROD_1026,SEL_510,PAY_AJIO_WALLET,COUP_AJIO20,ST_DEL,1,5119.36,5119.36,,0,4095.49
SALE_51163,ORD_11163,01-01-2025,CUST_2170,PROD_1030,SEL_512,PAY_AJIO_WALLET,COUP_FIRST100,ST_DEL,1,3239.19,3239.19,485.88,0,2753.31
SALE_51164,ORD_11164,01-03-2024,CUST_2214,PROD_1006,SEL_503,PAY_COD,COUP_NONE,ST_EXC,2,909.3,1818.6,0,0,1818.6
SALE_51165,ORD_11165,02-01-2024,CUST_2103,PROD_1023,SEL_502,PAY_NB,COUP_TRENDS30,ST_DEL,1,1079.28,1079.28,0,0,1079.28
SALE_51166,ORD_11166,25-06-2024,CUST_2081,PROD_1003,SEL_506,PAY_AJIO_WALLET,,ST_RET,1,503.37,503.37,0,49,552.37
SALE_51167,ORD_11167,07-07-2024,CUST_2099,PROD_1009,SEL_505,PAY_COD,COUP_FESTIVE25,ST_SHP,2,3949.21,7898.42,1974.61,0,5923.81
SALE_51168,ORD_11168,30-10-2024,CUST_2131,PROD_1018,SEL_509,PAY_AJIO_WALLET,COUP_FREESHIP,ST_DEL,1,5199.35,5199.35,,0,4939.38
SALE_51169,ORD_11169,24-09-2024,CUST_2111,PROD_1009,SEL_503,PAY_DC,COUP_FESTIVE25,ST_DEL,1,3949.21,3949.21,987.3,0,2961.91
SALE_51170,ORD_11170,01-12-2025,CUST_2197,PROD_1011,SEL_510,PAY_NB,COUP_FESTIVE25,ST_DEL,1,1899.24,1899.24,0,0,1899.24
SALE_51171,ORD_11171,16-02-2024,CUST_2243,PROD_1007,SEL_503,PAY_UPI,COUP_FIRST100,ST_EXC,1,3279.18,3279.18,,0,2787.3
SALE_51172,ORD_11172,27-01-2024,CUST_2085,PROD_1016,SEL_514,PAY_UPI,COUP_AJIO20,ST_DEL,1,2069.31,2069.31,,0,1655.45
SALE_51173,ORD_11173,24-01-2025,CUST_2226,PROD_1014,SEL_511,PAY_COD,COUP_AJIO20,ST_DEL,1,1119.44,1119.44,0,0,1119.44
SALE_51174,ORD_11174,06-08-2024,CUST_2202,PROD_1013,SEL_513,PAY_COD,COUP_FREESHIP,ST_DEL,1,687.14,687.14,34.36,49,701.78
SALE_51175,ORD_11175,22-05-2024,CUST_2041,PROD_1029,SEL_510,PAY_CC,COUP_FIRST100,ST_RET,2,749.5,1499,224.85,0,1274.15
SALE_51176,ORD_11176,10-12-2024,CUST_2287,PROD_1015,SEL_508,PAY_AJIO_WALLET,COUP_AJIO20,ST_SHP,1,869.42,869.42,0,49,918.42
SALE_51177,ORD_11177,26-06-2024,CUST_2092,PROD_1001,SEL_514,PAY_DC,COUP_TRENDS30,ST_PEN,1,6879.14,6879.14,2063.74,0,4815.4
SALE_51178,ORD_11178,17-01-2025,CUST_2287,PROD_1029,SEL_515,PAY_CC,,ST_DEL,1,749.5,749.5,0,49,798.5
SALE_51179,ORD_11179,18-02-2024,CUST_2185,PROD_1017,SEL_504,PAY_UPI,COUP_FESTIVE25,ST_DEL,3,2174.13,6522.39,1630.6,0,4891.79
SALE_51180,ORD_11180,20-05-2024,CUST_2258,PROD_1030,SEL_501,PAY_NB,COUP_AJIO20,ST_DEL,1,3239.19,3239.19,647.84,0,2591.35
SALE_51181,ORD_11181,19-10-2024,CUST_2023,PROD_1023,SEL_512,PAY_DC,COUP_AJIO20,ST_DEL,2,1079.28,2158.56,431.71,0,1726.85
SALE_51182,ORD_11182,18-01-2025,CUST_2242,PROD_1020,SEL_511,PAY_COD,COUP_TRENDS30,ST_DEL,2,703.12,1406.24,0,0,1406.24
SALE_51183,ORD_11183,19-03-2024,CUST_2054,PROD_1002,SEL_506,PAY_UPI,COUP_FESTIVE25,ST_RET,2,1199.2,2398.4,599.6,0,1798.8
SALE_51184,ORD_11184,29-12-2024,CUST_2068,PROD_1003,SEL_507,PAY_UPI,COUP_NONE,ST_DEL,1,503.37,503.37,0,,552.37
SALE_51185,ORD_11185,01-09-2024,CUST_2279,PROD_1009,SEL_514,PAY_CC,COUP_FREESHIP,ST_DEL,2,3949.21,7898.42,394.92,0,7503.5
SALE_51186,ORD_11186,07-06-2024,CUST_2163,PROD_1029,SEL_512,PAY_CC,COUP_FESTIVE25,ST_SHP,1,749.5,749.5,0,49,798.5
SALE_51187,ORD_11187,04-08-2024,CUST_2207,PROD_1014,SEL_514,PAY_AJIO_WALLET,COUP_FREESHIP,ST_DEL,1,1119.44,1119.44,55.97,0,1063.47
SALE_51188,ORD_11188,04-11-2024,CUST_2137,PROD_1003,SEL_503,PAY_COD,COUP_NONE,ST_DEL,1,503.37,503.37,0,49,552.37
SALE_51189,ORD_11189,28-06-2024,CUST_2089,PROD_1021,SEL_512,PAY_UPI,COUP_AJIO20,ST_DEL,1,764.49,764.49,0,,813.49
SALE_51190,ORD_11190,15-02-2024,CUST_2291,PROD_1027,SEL_512,PAY_UPI,,ST_RET,3,6639.17,19917.51,4979.38,0,14938.13
SALE_51191,ORD_11191,01-11-2024,CUST_2094,PROD_1024,SEL_502,PAY_CC,COUP_AJIO20,ST_DEL,2,1659.17,3318.34,663.67,0,2654.67
SALE_51192,ORD_11192,05-06-2024,CUST_2112,PROD_1021,SEL_506,PAY_COD,COUP_NONE,ST_CAN,2,764.49,1528.98,0,0,1528.98
SALE_51193,ORD_11193,13-07-2024,CUST_2098,PROD_1024,SEL_513,PAY_AJIO_WALLET,COUP_FIRST100,ST_DEL,1,1659.17,1659.17,248.88,0,1410.29
SALE_51194,ORD_11194,19-05-2024,CUST_2072,PROD_1019,SEL_506,PAY_COD,COUP_FIRST100,ST_CAN,1,1339.33,1339.33,,0,1138.43
SALE_51195,ORD_11195,30-06-2024,CUST_2152,PROD_1009,SEL_512,PAY_COD,COUP_AJIO20,ST_DEL,1,3949.21,3949.21,789.84,0,3159.37
SALE_51196,ORD_11196,19-01-2024,CUST_2268,PROD_1015,SEL_514,PAY_AJIO_WALLET,,ST_CAN,1,869.42,869.42,43.47,49,874.95
SALE_51197,ORD_11197,15-12-2024,CUST_2276,PROD_1019,SEL_504,PAY_AJIO_WALLET,COUP_TRENDS30,ST_DEL,1,1339.33,1339.33,0,0,1339.33
SALE_51198,ORD_11198,30-01-2025,CUST_2258,PROD_1018,SEL_514,PAY_AJIO_WALLET,COUP_AJIO20,ST_DEL,1,5199.35,5199.35,1039.87,,4159.48
SALE_51199,ORD_11199,04-05-2024,CUST_2240,PROD_1009,SEL_501,PAY_UPI,COUP_FESTIVE25,ST_SHP,1,3949.21,3949.21,987.3,0,2961.91
SALE_51200,ORD_11200,18-01-2024,CUST_2166,PROD_1012,SEL_510,PAY_COD,COUP_FREESHIP,ST_DEL,2,675.48,1350.96,67.55,0,1283.41
SALE_51201,ORD_11201,20-06-2024,CUST_2184,PROD_1028,SEL_515,PAY_UPI,COUP_FIRST100,ST_DEL,1,1078.17,1078.17,161.73,49,965.44
SALE_51202,ORD_11202,10-06-2024,CUST_2052,PROD_1006,SEL_515,PAY_DC,COUP_AJIO20,ST_DEL,2,909.3,1818.6,363.72,0,1454.88
SALE_51203,ORD_11203,10-08-2024,CUST_2225,PROD_1026,SEL_510,PAY_COD,COUP_FESTIVE25,ST_DEL,1,5119.36,5119.36,1279.84,0,3839.52
SALE_51204,ORD_11204,13-12-2024,CUST_2125,PROD_1009,SEL_512,PAY_DC,COUP_FESTIVE25,ST_DEL,1,3949.21,3949.21,987.3,0,2961.91
SALE_51205,ORD_11205,31-01-2025,CUST_2120,PROD_1025,SEL_515,PAY_NB,COUP_NONE,ST_DEL,4,818.37,3273.48,0,0,3273.48
SALE_51206,ORD_11206,02-06-2024,CUST_2206,PROD_1019,SEL_501,PAY_CC,COUP_FESTIVE25,ST_DEL,4,1339.33,5357.32,,0,4017.99
SALE_51207,ORD_11207,28-01-2024,CUST_2269,PROD_1007,SEL_510,PAY_CC,COUP_FIRST100,ST_SHP,1,3279.18,3279.18,,0,2787.3
SALE_51208,ORD_11208,01-01-2024,CUST_2073,PROD_1026,SEL_506,PAY_COD,COUP_TRENDS30,ST_DEL,1,5119.36,5119.36,1535.81,0,3583.55
SALE_51209,ORD_11209,14-04-2024,CUST_2089,PROD_1010,SEL_505,PAY_UPI,COUP_FIRST100,ST_DEL,1,299.4,299.4,0,,348.4
SALE_51210,ORD_11210,22-03-2024,CUST_2126,PROD_1005,SEL_511,PAY_NB,COUP_AJIO20,ST_DEL,1,444.11,444.11,0,49,493.11
SALE_51211,ORD_11211,12-08-2024,CUST_2282,PROD_1022,SEL_507,PAY_AJIO_WALLET,COUP_FIRST100,ST_RET,2,714.45,1428.9,214.34,0,1214.56
SALE_51212,ORD_11212,25-01-2025,CUST_2125,PROD_1025,SEL_515,PAY_UPI,COUP_TRENDS30,ST_DEL,1,818.37,818.37,0,49,867.37
SALE_51213,ORD_11213,11-01-2024,CUST_2168,PROD_1029,SEL_505,PAY_AJIO_WALLET,,ST_CAN,1,749.5,749.5,37.48,49,761.02
SALE_51214,ORD_11214,11-07-2024,CUST_2178,PROD_1016,SEL_511,PAY_AJIO_WALLET,COUP_FESTIVE25,ST_DEL,2,2069.31,4138.62,1034.65,0,3103.97
SALE_51215,ORD_11215,19-01-2025,CUST_2189,PROD_1012,SEL_506,PAY_NB,COUP_NONE,ST_DEL,3,675.48,2026.44,0,0,2026.44
SALE_51216,ORD_11216,08-10-2024,CUST_2118,PROD_1005,SEL_508,PAY_CC,COUP_NONE,ST_DEL,1,444.11,444.11,0,49,493.11
SALE_51217,ORD_11217,09-03-2024,CUST_2093,PROD_1014,SEL_503,PAY_DC,COUP_AJIO20,ST_DEL,1,1119.44,1119.44,0,0,1119.44
SALE_51218,ORD_11218,24-02-2024,CUST_2216,PROD_1006,SEL_503,PAY_COD,COUP_FREESHIP,ST_DEL,2,909.3,1818.6,90.93,,1727.67
SALE_51219,ORD_11219,01-07-2024,CUST_2178,PROD_1022,SEL_512,PAY_UPI,,ST_CAN,1,714.45,714.45,35.72,49,727.73
SALE_51220,ORD_11220,30-11-2024,CUST_2295,PROD_1017,SEL_507,PAY_AJIO_WALLET,COUP_TRENDS30,ST_DEL,1,2174.13,2174.13,0,0,2174.13
SALE_51221,ORD_11221,11-05-2024,CUST_2028,PROD_1010,SEL_507,PAY_DC,COUP_FREESHIP,ST_DEL,1,299.4,299.4,0,49,348.4
SALE_51222,ORD_11222,01-04-2024,CUST_2243,PROD_1023,SEL_506,PAY_NB,COUP_AJIO20,ST_DEL,1,1079.28,1079.28,0,0,1079.28
SALE_51223,ORD_11223,28-12-2024,CUST_2197,PROD_1028,SEL_511,PAY_UPI,COUP_FIRST100,ST_DEL,1,1078.17,1078.17,161.73,49,965.44
SALE_51224,ORD_11224,25-08-2024,CUST_2264,PROD_1027,SEL_510,PAY_AJIO_WALLET,COUP_TRENDS30,ST_DEL,1,6639.17,6639.17,1991.75,0,4647.42
SALE_51225,ORD_11225,05-09-2024,CUST_2251,PROD_1015,SEL_506,PAY_UPI,COUP_FESTIVE25,ST_SHP,1,869.42,869.42,0,49,918.42
SALE_51226,ORD_11226,30-05-2024,CUST_2152,PROD_1025,SEL_514,PAY_UPI,COUP_FESTIVE25,ST_DEL,1,818.37,818.37,0,49,867.37
SALE_51227,ORD_11227,07-01-2024,CUST_2229,PROD_1011,SEL_505,PAY_AJIO_WALLET,COUP_NONE,ST_DEL,1,1899.24,1899.24,0,0,1899.24
SALE_51228,ORD_11228,01-07-2025,CUST_2203,PROD_1008,SEL_503,PAY_UPI,COUP_FESTIVE25,ST_DEL,1,2919.27,2919.27,729.82,0,2189.45
SALE_51229,ORD_11229,05-04-2024,CUST_2221,PROD_1029,SEL_505,PAY_DC,COUP_TRENDS30,ST_SHP,1,749.5,749.5,0,49,798.5
SALE_51230,ORD_11230,01-05-2025,CUST_2021,PROD_1003,SEL_506,PAY_DC,,ST_DEL,2,503.37,1006.74,0,0,1006.74
SALE_51231,ORD_11231,22-11-2024,CUST_2052,PROD_1013,SEL_509,PAY_AJIO_WALLET,COUP_NONE,ST_DEL,1,687.14,687.14,0,49,736.14
SALE_51232,ORD_11232,02-10-2024,CUST_2012,PROD_1006,SEL_512,PAY_DC,COUP_FREESHIP,ST_SHP,4,909.3,3637.2,181.86,0,3455.34
SALE_51233,ORD_11233,05-04-2024,CUST_2099,PROD_1019,SEL_505,PAY_DC,COUP_FESTIVE25,ST_DEL,2,1339.33,2678.66,669.66,0,2009
SALE_51234,ORD_11234,18-12-2024,CUST_2192,PROD_1019,SEL_508,PAY_CC,COUP_TRENDS30,ST_DEL,1,1339.33,1339.33,0,,1339.33
SALE_51235,ORD_11235,01-03-2024,CUST_2024,PROD_1020,SEL_507,PAY_CC,COUP_FREESHIP,ST_DEL,1,703.12,703.12,35.16,49,716.96
SALE_51236,ORD_11236,21-11-2024,CUST_2213,PROD_1022,SEL_503,PAY_DC,COUP_AJIO20,ST_DEL,1,714.45,714.45,,49,763.45
SALE_51237,ORD_11237,27-05-2024,CUST_2116,PROD_1001,SEL_512,PAY_DC,COUP_FIRST100,ST_DEL,2,6879.14,13758.28,2063.74,0,11694.54
SALE_51238,ORD_11238,10-12-2024,CUST_2216,PROD_1021,SEL_510,PAY_DC,COUP_FESTIVE25,ST_DEL,1,764.49,764.49,0,49,813.49
SALE_51239,ORD_11239,15-01-2025,CUST_2164,PROD_1012,SEL_514,PAY_COD,COUP_FIRST100,ST_DEL,1,675.48,675.48,0,,724.48
SALE_51240,ORD_11240,19-10-2024,CUST_2088,PROD_1022,SEL_507,PAY_DC,COUP_TRENDS30,ST_DEL,1,714.45,714.45,0,49,763.45
SALE_51241,ORD_11241,07-08-2024,CUST_2288,PROD_1012,SEL_502,PAY_CC,COUP_FREESHIP,ST_EXC,1,675.48,675.48,33.77,49,690.71
SALE_51242,ORD_11242,26-10-2024,CUST_2162,PROD_1015,SEL_511,PAY_COD,,ST_DEL,1,869.42,869.42,0,49,918.42
SALE_51243,ORD_11243,09-08-2024,CUST_2290,PROD_1014,SEL_507,PAY_UPI,COUP_AJIO20,ST_DEL,1,1119.44,1119.44,0,0,1119.44
SALE_51244,ORD_11244,21-04-2024,CUST_2276,PROD_1005,SEL_507,PAY_NB,COUP_NONE,ST_DEL,5,444.11,2220.55,0,0,2220.55
SALE_51245,ORD_11245,10-08-2024,CUST_2293,PROD_1010,SEL_503,PAY_CC,COUP_FREESHIP,ST_RET,1,299.4,299.4,0,49,348.4
SALE_51246,ORD_11246,07-04-2024,CUST_2112,PROD_1014,SEL_515,PAY_NB,COUP_AJIO20,ST_DEL,1,1119.44,1119.44,,0,1119.44
SALE_51247,ORD_11247,25-07-2024,CUST_2163,PROD_1017,SEL_509,PAY_NB,COUP_TRENDS30,ST_DEL,2,2174.13,4348.26,1304.48,0,3043.78
SALE_51248,ORD_11248,31-03-2024,CUST_2147,PROD_1027,SEL_515,PAY_COD,COUP_FIRST100,ST_RET,1,6639.17,6639.17,,0,5643.29
SALE_51249,ORD_11249,20-02-2024,CUST_2273,PROD_1027,SEL_506,PAY_COD,COUP_FREESHIP,ST_DEL,1,6639.17,6639.17,331.96,0,6307.21
SALE_51250,ORD_11250,24-04-2024,CUST_2215,PROD_1014,SEL_507,PAY_CC,COUP_FREESHIP,ST_DEL,1,1119.44,1119.44,55.97,0,1063.47
SALE_51251,ORD_11251,01-12-2024,CUST_2258,PROD_1003,SEL_510,PAY_NB,COUP_FREESHIP,ST_DEL,1,503.37,503.37,25.17,49,527.2
SALE_51252,ORD_11252,07-08-2024,CUST_2086,PROD_1019,SEL_511,PAY_COD,COUP_FREESHIP,ST_DEL,2,1339.33,2678.66,133.93,0,2544.73
SALE_51253,ORD_11253,01-05-2025,CUST_2200,PROD_1018,SEL_509,PAY_CC,COUP_FIRST100,ST_DEL,1,5199.35,5199.35,779.9,0,4419.45
SALE_51254,ORD_11254,15-04-2024,CUST_2103,PROD_1011,SEL_503,PAY_DC,COUP_NONE,ST_RET,1,1899.24,1899.24,0,0,1899.24
SALE_51255,ORD_11255,24-08-2024,CUST_2126,PROD_1022,SEL_510,PAY_COD,COUP_FIRST100,ST_PEN,1,714.45,714.45,0,49,763.45
SALE_51256,ORD_11256,05-02-2024,CUST_2170,PROD_1028,SEL_515,PAY_CC,,ST_DEL,2,1078.17,2156.34,323.45,0,1832.89
SALE_51257,ORD_11257,08-01-2024,CUST_2209,PROD_1028,SEL_509,PAY_COD,COUP_TRENDS30,ST_DEL,3,1078.17,3234.51,970.35,0,2264.16
SALE_51258,ORD_11258,31-12-2024,CUST_2276,PROD_1004,SEL_512,PAY_NB,COUP_FREESHIP,ST_EXC,1,3479.13,3479.13,173.96,0,3305.17
SALE_51259,ORD_11259,07-05-2024,CUST_2031,PROD_1010,SEL_513,PAY_COD,COUP_FREESHIP,ST_PEN,2,299.4,598.8,29.94,49,617.86
SALE_51260,ORD_11260,23-02-2024,CUST_2262,PROD_1021,SEL_511,PAY_COD,COUP_TRENDS30,ST_PEN,2,764.49,1528.98,0,0,1528.98
SALE_51261,ORD_11261,30-07-2024,CUST_2297,PROD_1025,SEL_513,PAY_UPI,COUP_FREESHIP,ST_DEL,1,818.37,818.37,40.92,49,826.45
SALE_51262,ORD_11262,24-11-2024,CUST_2125,PROD_1026,SEL_508,PAY_CC,COUP_AJIO20,ST_DEL,1,5119.36,5119.36,1023.87,0,4095.49
SALE_51263,ORD_11263,15-08-2024,CUST_2252,PROD_1025,SEL_504,PAY_DC,COUP_AJIO20,ST_DEL,2,818.37,1636.74,327.35,0,1309.39
SALE_51264,ORD_11264,16-03-2024,CUST_2133,PROD_1019,SEL_505,PAY_NB,COUP_NONE,ST_PEN,1,1339.33,1339.33,0,0,1339.33
SALE_51265,ORD_11265,06-06-2024,CUST_2114,PROD_1029,SEL_506,PAY_NB,COUP_AJIO20,ST_SHP,1,749.5,749.5,0,49,798.5
SALE_51266,ORD_11266,15-01-2025,CUST_2157,PROD_1016,SEL_512,PAY_COD,COUP_FREESHIP,ST_DEL,1,2069.31,2069.31,103.47,0,1965.84
SALE_51267,ORD_11267,18-04-2024,CUST_2150,PROD_1028,SEL_507,PAY_DC,COUP_FREESHIP,ST_DEL,1,1078.17,1078.17,53.91,0,1024.26
SALE_51268,ORD_11268,21-09-2024,CUST_2300,PROD_1001,SEL_505,PAY_DC,,ST_DEL,1,6879.14,6879.14,343.96,0,6535.18
SALE_51269,ORD_11269,06-09-2024,CUST_2088,PROD_1012,SEL_511,PAY_CC,COUP_FESTIVE25,ST_CAN,1,675.48,675.48,0,49,724.48
SALE_51270,ORD_11270,13-07-2024,CUST_2249,PROD_1021,SEL_503,PAY_NB,COUP_TRENDS30,ST_DEL,1,764.49,764.49,0,49,813.49
SALE_51271,ORD_11271,22-05-2024,CUST_2034,PROD_1011,SEL_504,PAY_DC,COUP_FIRST100,ST_DEL,2,1899.24,3798.48,569.77,0,3228.71
SALE_51272,ORD_11272,22-11-2024,CUST_2062,PROD_1021,SEL_504,PAY_DC,COUP_TRENDS30,ST_DEL,2,764.49,1528.98,0,,1528.98
SALE_51273,ORD_11273,17-01-2024,CUST_2269,PROD_1029,SEL_504,PAY_AJIO_WALLET,COUP_FIRST100,ST_DEL,1,749.5,749.5,0,49,798.5
SALE_51274,ORD_11274,14-01-2025,CUST_2169,PROD_1017,SEL_502,PAY_DC,COUP_FESTIVE25,ST_RET,2,2174.13,4348.26,1087.07,,3261.19
SALE_51275,ORD_11275,13-01-2025,CUST_2029,PROD_1015,SEL_510,PAY_NB,COUP_FIRST100,ST_DEL,1,869.42,869.42,0,,918.42
SALE_51276,ORD_11276,11-07-2024,CUST_2126,PROD_1008,SEL_512,PAY_AJIO_WALLET,COUP_TRENDS30,ST_DEL,1,2919.27,2919.27,875.78,0,2043.49
SALE_51277,ORD_11277,03-08-2024,CUST_2047,PROD_1024,SEL_504,PAY_AJIO_WALLET,COUP_NONE,ST_RET,1,1659.17,1659.17,0,0,1659.17
SALE_51278,ORD_11278,20-02-2024,CUST_2107,PROD_1008,SEL_504,PAY_NB,COUP_FESTIVE25,ST_DEL,3,2919.27,8757.81,2189.45,0,6568.36
SALE_51279,ORD_11279,29-02-2024,CUST_2027,PROD_1011,SEL_513,PAY_AJIO_WALLET,COUP_NONE,ST_DEL,1,1899.24,1899.24,0,0,1899.24
SALE_51280,ORD_11280,06-02-2024,CUST_2102,PROD_1004,SEL_509,PAY_NB,,ST_DEL,1,3479.13,3479.13,521.87,0,2957.26
SALE_51281,ORD_11281,02-02-2025,CUST_2221,PROD_1028,SEL_515,PAY_UPI,COUP_FREESHIP,ST_RET,1,1078.17,1078.17,53.91,0,1024.26
SALE_51282,ORD_11282,19-11-2024,CUST_2234,PROD_1001,SEL_505,PAY_COD,COUP_FESTIVE25,ST_DEL,1,6879.14,6879.14,1719.79,0,5159.35
SALE_51283,ORD_11283,29-09-2024,CUST_2248,PROD_1017,SEL_505,PAY_AJIO_WALLET,COUP_AJIO20,ST_DEL,1,2174.13,2174.13,434.83,0,1739.3
SALE_51284,ORD_11284,22-01-2025,CUST_2288,PROD_1017,SEL_505,PAY_AJIO_WALLET,COUP_TRENDS30,ST_DEL,1,2174.13,2174.13,0,0,2174.13
SALE_51285,ORD_11285,02-03-2024,CUST_2164,PROD_1029,SEL_509,PAY_COD,COUP_TRENDS30,ST_DEL,1,749.5,749.5,0,49,798.5
SALE_51286,ORD_11286,10-02-2024,CUST_2049,PROD_1030,SEL_514,PAY_COD,COUP_AJIO20,ST_DEL,1,3239.19,3239.19,647.84,0,2591.35
SALE_51287,ORD_11287,06-12-2024,CUST_2056,PROD_1025,SEL_504,PAY_CC,COUP_AJIO20,ST_DEL,1,818.37,818.37,0,49,867.37
SALE_51288,ORD_11288,14-06-2024,CUST_2154,PROD_1030,SEL_510,PAY_CC,COUP_FESTIVE25,ST_SHP,1,3239.19,3239.19,809.8,0,2429.39
SALE_51289,ORD_11289,15-06-2024,CUST_2203,PROD_1026,SEL_503,PAY_CC,COUP_FESTIVE25,ST_SHP,5,5119.36,25596.8,6399.2,0,19197.6
SALE_51290,ORD_11290,29-08-2024,CUST_2214,PROD_1025,SEL_512,PAY_DC,COUP_FIRST100,ST_RET,1,818.37,818.37,0,49,867.37
SALE_51291,ORD_11291,06-06-2024,CUST_2157,PROD_1011,SEL_512,PAY_DC,COUP_FREESHIP,ST_DEL,1,1899.24,1899.24,94.96,0,1804.28
SALE_51292,ORD_11292,30-06-2024,CUST_2214,PROD_1001,SEL_513,PAY_COD,COUP_NONE,ST_RET,2,6879.14,13758.28,0,0,13758.28
SALE_51293,ORD_11293,12-04-2024,CUST_2234,PROD_1025,SEL_505,PAY_UPI,COUP_FREESHIP,ST_DEL,1,818.37,818.37,40.92,49,826.45
SALE_51294,ORD_11294,13-10-2024,CUST_2192,PROD_1001,SEL_506,PAY_COD,COUP_TRENDS30,ST_DEL,2,6879.14,13758.28,4127.48,0,9630.8
SALE_51295,ORD_11295,23-03-2024,CUST_2258,PROD_1015,SEL_514,PAY_DC,COUP_NONE,ST_DEL,2,869.42,1738.84,0,0,1738.84
SALE_51296,ORD_11296,27-12-2024,CUST_2241,PROD_1002,SEL_513,PAY_AJIO_WALLET,COUP_TRENDS30,ST_SHP,1,1199.2,1199.2,0,0,1199.2
SALE_51297,ORD_11297,10-02-2024,CUST_2193,PROD_1002,SEL_502,PAY_UPI,COUP_FREESHIP,ST_DEL,1,1199.2,1199.2,59.96,0,1139.24
SALE_51298,ORD_11298,31-01-2025,CUST_2146,PROD_1004,SEL_508,PAY_CC,COUP_FREESHIP,ST_DEL,2,3479.13,6958.26,347.91,,6610.35
SALE_51299,ORD_11299,08-12-2024,CUST_2078,PROD_1019,SEL_505,PAY_NB,COUP_FIRST100,ST_DEL,1,1339.33,1339.33,200.9,0,1138.43
SALE_51300,ORD_11300,29-05-2024,CUST_2280,PROD_1025,SEL_511,PAY_DC,COUP_FESTIVE25,ST_DEL,1,818.37,818.37,0,49,867.37
SALE_51301,ORD_11301,07-03-2024,CUST_2035,PROD_1028,SEL_513,PAY_AJIO_WALLET,COUP_FREESHIP,ST_SHP,2,1078.17,2156.34,,0,2048.52
SALE_51302,ORD_11302,19-06-2024,CUST_2110,PROD_1006,SEL_506,PAY_COD,COUP_FIRST100,ST_DEL,1,909.3,909.3,0,49,958.3
SALE_51303,ORD_11303,24-11-2024,CUST_2133,PROD_1009,SEL_510,PAY_AJIO_WALLET,COUP_NONE,ST_DEL,1,3949.21,3949.21,0,0,3949.21
SALE_51304,ORD_11304,19-09-2024,CUST_2250,PROD_1026,SEL_501,PAY_NB,COUP_NONE,ST_RET,1,5119.36,5119.36,0,0,5119.36
SALE_51305,ORD_11305,21-10-2024,CUST_2224,PROD_1002,SEL_509,PAY_DC,COUP_FESTIVE25,ST_DEL,1,1199.2,1199.2,0,0,1199.2
SALE_51306,ORD_11306,19-09-2024,CUST_2039,PROD_1019,SEL_502,PAY_NB,COUP_NONE,ST_DEL,1,1339.33,1339.33,,0,1339.33
SALE_51307,ORD_11307,08-08-2024,CUST_2240,PROD_1020,SEL_511,PAY_CC,COUP_NONE,ST_PEN,1,703.12,703.12,0,49,752.12
SALE_51308,ORD_11308,22-06-2024,CUST_2078,PROD_1021,SEL_506,PAY_UPI,COUP_FIRST100,ST_DEL,1,764.49,764.49,,49,813.49
SALE_51309,ORD_11309,15-11-2024,CUST_2222,PROD_1029,SEL_501,PAY_COD,COUP_FESTIVE25,ST_DEL,1,749.5,749.5,0,49,798.5
SALE_51310,ORD_11310,26-10-2024,CUST_2116,PROD_1011,SEL_507,PAY_CC,COUP_AJIO20,ST_CAN,2,1899.24,3798.48,,0,3038.78
SALE_51311,ORD_11311,21-10-2024,CUST_2273,PROD_1015,SEL_511,PAY_AJIO_WALLET,,ST_PEN,3,869.42,2608.26,391.24,0,2217.02
SALE_51312,ORD_11312,21-02-2024,CUST_2296,PROD_1005,SEL_504,PAY_CC,COUP_FIRST100,ST_DEL,1,444.11,444.11,0,,493.11
SALE_51313,ORD_11313,16-06-2024,CUST_2021,PROD_1025,SEL_503,PAY_NB,COUP_AJIO20,ST_RET,3,818.37,2455.11,,0,1964.09
SALE_51314,ORD_11314,29-04-2024,CUST_2107,PROD_1007,SEL_505,PAY_CC,COUP_TRENDS30,ST_EXC,2,3279.18,6558.36,1967.51,0,4590.85
SALE_51315,ORD_11315,07-11-2024,CUST_2014,PROD_1005,SEL_515,PAY_COD,COUP_NONE,ST_CAN,1,444.11,444.11,0,49,493.11
SALE_51316,ORD_11316,15-04-2024,CUST_2107,PROD_1013,SEL_501,PAY_COD,COUP_TRENDS30,ST_DEL,1,687.14,687.14,0,49,736.14
SALE_51317,ORD_11317,03-03-2024,CUST_2064,PROD_1003,SEL_503,PAY_NB,COUP_FESTIVE25,ST_SHP,2,503.37,1006.74,,0,1006.74
SALE_51318,ORD_11318,06-11-2024,CUST_2062,PROD_1016,SEL_512,PAY_NB,COUP_AJIO20,ST_SHP,1,2069.31,2069.31,413.86,0,1655.45
SALE_51319,ORD_11319,27-02-2024,CUST_2047,PROD_1026,SEL_509,PAY_DC,COUP_TRENDS30,ST_DEL,1,5119.36,5119.36,,0,3583.55
SALE_51320,ORD_11320,06-07-2024,CUST_2195,PROD_1026,SEL_507,PAY_COD,COUP_NONE,ST_DEL,1,5119.36,5119.36,0,0,5119.36
SALE_51321,ORD_11321,18-07-2024,CUST_2154,PROD_1008,SEL_512,PAY_UPI,COUP_FREESHIP,ST_DEL,1,2919.27,2919.27,145.96,0,2773.31
SALE_51322,ORD_11322,05-07-2024,CUST_2141,PROD_1024,SEL_511,PAY_DC,COUP_NONE,ST_DEL,1,1659.17,1659.17,0,0,1659.17
SALE_51323,ORD_11323,20-01-2024,CUST_2066,PROD_1017,SEL_503,PAY_CC,COUP_FREESHIP,ST_DEL,1,2174.13,2174.13,108.71,0,2065.42
SALE_51324,ORD_11324,31-07-2024,CUST_2108,PROD_1028,SEL_512,PAY_AJIO_WALLET,COUP_AJIO20,ST_DEL,1,1078.17,1078.17,0,0,1078.17
SALE_51325,ORD_11325,12-08-2024,CUST_2090,PROD_1030,SEL_509,PAY_CC,COUP_FREESHIP,ST_CAN,1,3239.19,3239.19,161.96,0,3077.23
SALE_51326,ORD_11326,25-07-2024,CUST_2057,PROD_1026,SEL_503,PAY_UPI,COUP_TRENDS30,ST_DEL,1,5119.36,5119.36,1535.81,0,3583.55
SALE_51327,ORD_11327,28-08-2024,CUST_2136,PROD_1020,SEL_506,PAY_UPI,COUP_NONE,ST_DEL,2,703.12,1406.24,0,,1406.24
SALE_51328,ORD_11328,11-02-2024,CUST_2074,PROD_1030,SEL_507,PAY_UPI,COUP_FESTIVE25,ST_DEL,1,3239.19,3239.19,,0,2429.39
SALE_51329,ORD_11329,02-03-2024,CUST_2052,PROD_1001,SEL_506,PAY_CC,COUP_NONE,ST_DEL,4,6879.14,27516.56,0,0,27516.56
SALE_51330,ORD_11330,11-04-2024,CUST_2238,PROD_1014,SEL_514,PAY_NB,COUP_TRENDS30,ST_DEL,1,1119.44,1119.44,0,0,1119.44
SALE_51331,ORD_11331,10-03-2024,CUST_2244,PROD_1016,SEL_515,PAY_DC,COUP_FIRST100,ST_DEL,4,2069.31,8277.24,1241.59,0,7035.65
SALE_51332,ORD_11332,22-04-2024,CUST_2050,PROD_1016,SEL_508,PAY_AJIO_WALLET,COUP_FESTIVE25,ST_DEL,1,2069.31,2069.31,517.33,0,1551.98
SALE_51333,ORD_11333,25-07-2024,CUST_2074,PROD_1008,SEL_511,PAY_UPI,COUP_FREESHIP,ST_DEL,3,2919.27,8757.81,437.89,0,8319.92
SALE_51334,ORD_11334,06-03-2024,CUST_2054,PROD_1008,SEL_504,PAY_DC,COUP_FIRST100,ST_SHP,2,2919.27,5838.54,875.78,0,4962.76
SALE_51335,ORD_11335,16-05-2024,CUST_2237,PROD_1022,SEL_510,PAY_NB,COUP_FESTIVE25,ST_DEL,1,714.45,714.45,0,,763.45
SALE_51336,ORD_11336,18-01-2024,CUST_2192,PROD_1022,SEL_503,PAY_NB,COUP_FREESHIP,ST_RET,1,714.45,714.45,35.72,49,727.73
SALE_51337,ORD_11337,05-01-2024,CUST_2102,PROD_1006,SEL_501,PAY_CC,COUP_FREESHIP,ST_DEL,1,909.3,909.3,45.47,49,912.83
SALE_51338,ORD_11338,22-10-2024,CUST_2006,PROD_1019,SEL_508,PAY_COD,COUP_AJIO20,ST_DEL,1,1339.33,1339.33,0,0,1339.33
SALE_51339,ORD_11339,16-01-2025,CUST_2110,PROD_1015,SEL_510,PAY_DC,COUP_FESTIVE25,ST_DEL,1,869.42,869.42,0,49,918.42
SALE_51340,ORD_11340,09-06-2024,CUST_2264,PROD_1030,SEL_506,PAY_DC,COUP_FIRST100,ST_DEL,1,3239.19,3239.19,485.88,0,2753.31
SALE_51341,ORD_11341,02-04-2025,CUST_2050,PROD_1022,SEL_514,PAY_DC,COUP_FESTIVE25,ST_DEL,1,714.45,714.45,0,,763.45
SALE_51342,ORD_11342,26-02-2024,CUST_2014,PROD_1018,SEL_503,PAY_UPI,COUP_FIRST100,ST_RET,1,5199.35,5199.35,779.9,0,4419.45
SALE_51343,ORD_11343,10-10-2024,CUST_2152,PROD_1005,SEL_514,PAY_DC,COUP_AJIO20,ST_DEL,4,444.11,1776.44,355.29,0,1421.15
SALE_51344,ORD_11344,14-12-2024,CUST_2259,PROD_1006,SEL_507,PAY_NB,COUP_FIRST100,ST_DEL,2,909.3,1818.6,272.79,0,1545.81
SALE_51345,ORD_11345,18-03-2024,CUST_2102,PROD_1024,SEL_512,PAY_DC,COUP_FESTIVE25,ST_DEL,2,1659.17,3318.34,829.59,0,2488.75
SALE_51346,ORD_11346,21-12-2024,CUST_2269,PROD_1002,SEL_513,PAY_NB,COUP_AJIO20,ST_DEL,1,1199.2,1199.2,0,0,1199.2
SALE_51347,ORD_11347,11-12-2024,CUST_2082,PROD_1004,SEL_511,PAY_CC,COUP_FREESHIP,ST_DEL,2,3479.13,6958.26,,0,6610.35
SALE_51348,ORD_11348,24-07-2024,CUST_2078,PROD_1018,SEL_510,PAY_COD,COUP_FIRST100,ST_DEL,1,5199.35,5199.35,,0,4419.45
SALE_51349,ORD_11349,01-04-2025,CUST_2268,PROD_1014,SEL_515,PAY_COD,COUP_TRENDS30,ST_DEL,1,1119.44,1119.44,0,0,1119.44
SALE_51350,ORD_11350,01-10-2025,CUST_2129,PROD_1023,SEL_509,PAY_AJIO_WALLET,COUP_AJIO20,ST_DEL,1,1079.28,1079.28,0,0,1079.28
SALE_51351,ORD_11351,23-03-2024,CUST_2035,PROD_1002,SEL_513,PAY_COD,COUP_FIRST100,ST_DEL,1,1199.2,1199.2,179.88,0,1019.32
SALE_51352,ORD_11352,28-06-2024,CUST_2082,PROD_1021,SEL_507,PAY_COD,COUP_FESTIVE25,ST_DEL,1,764.49,764.49,0,49,813.49
SALE_51353,ORD_11353,26-10-2024,CUST_2142,PROD_1005,SEL_515,PAY_COD,COUP_NONE,ST_SHP,1,444.11,444.11,0,49,493.11
SALE_51354,ORD_11354,03-01-2024,CUST_2228,PROD_1005,SEL_511,PAY_DC,COUP_AJIO20,ST_DEL,1,444.11,444.11,0,49,493.11
SALE_51355,ORD_11355,12-08-2024,CUST_2053,PROD_1025,SEL_511,PAY_NB,COUP_TRENDS30,ST_DEL,2,818.37,1636.74,0,0,1636.74
SALE_51356,ORD_11356,21-01-2025,CUST_2278,PROD_1024,SEL_510,PAY_COD,COUP_FIRST100,ST_DEL,2,1659.17,3318.34,497.75,0,2820.59
SALE_51357,ORD_11357,08-06-2024,CUST_2021,PROD_1013,SEL_514,PAY_DC,COUP_NONE,ST_DEL,1,687.14,687.14,0,49,736.14
SALE_51358,ORD_11358,01-09-2025,CUST_2250,PROD_1025,SEL_505,PAY_CC,COUP_FESTIVE25,ST_DEL,4,818.37,3273.48,818.37,0,2455.11
SALE_51359,ORD_11359,09-08-2024,CUST_2186,PROD_1008,SEL_514,PAY_AJIO_WALLET,COUP_TRENDS30,ST_CAN,1,2919.27,2919.27,875.78,0,2043.49
SALE_51360,ORD_11360,05-08-2024,CUST_2054,PROD_1028,SEL_513,PAY_DC,COUP_FREESHIP,ST_SHP,1,1078.17,1078.17,53.91,0,1024.26
SALE_51361,ORD_11361,21-02-2024,CUST_2215,PROD_1022,SEL_514,PAY_DC,COUP_AJIO20,ST_DEL,1,714.45,714.45,0,49,763.45
SALE_51362,ORD_11362,02-03-2025,CUST_2254,PROD_1008,SEL_510,PAY_COD,COUP_FREESHIP,ST_DEL,1,2919.27,2919.27,,0,2773.31
SALE_51363,ORD_11363,11-04-2024,CUST_2290,PROD_1013,SEL_510,PAY_NB,COUP_FREESHIP,ST_DEL,1,687.14,687.14,34.36,49,701.78
SALE_51364,ORD_11364,12-10-2024,CUST_2051,PROD_1019,SEL_502,PAY_UPI,COUP_FIRST100,ST_DEL,1,1339.33,1339.33,200.9,0,1138.43
SALE_51365,ORD_11365,13-08-2024,CUST_2202,PROD_1023,SEL_512,PAY_UPI,COUP_AJIO20,ST_DEL,1,1079.28,1079.28,0,,1079.28
SALE_51366,ORD_11366,12-08-2024,CUST_2268,PROD_1002,SEL_507,PAY_AJIO_WALLET,,ST_PEN,1,1199.2,1199.2,59.96,0,1139.24
SALE_51367,ORD_11367,30-07-2024,CUST_2093,PROD_1001,SEL_511,PAY_DC,COUP_NONE,ST_DEL,2,6879.14,13758.28,,0,13758.28
SALE_51368,ORD_11368,05-07-2024,CUST_2130,PROD_1012,SEL_514,PAY_AJIO_WALLET,COUP_AJIO20,ST_DEL,1,675.48,675.48,0,49,724.48
SALE_51369,ORD_11369,23-03-2024,CUST_2025,PROD_1011,SEL_508,PAY_AJIO_WALLET,COUP_FREESHIP,ST_DEL,1,1899.24,1899.24,94.96,0,1804.28
SALE_51370,ORD_11370,02-03-2025,CUST_2281,PROD_1021,SEL_506,PAY_AJIO_WALLET,COUP_TRENDS30,ST_PEN,2,764.49,1528.98,0,0,1528.98
SALE_51371,ORD_11371,26-04-2024,CUST_2046,PROD_1011,SEL_506,PAY_NB,,ST_SHP,2,1899.24,3798.48,949.62,0,2848.86
SALE_51372,ORD_11372,14-11-2024,CUST_2052,PROD_1030,SEL_512,PAY_UPI,COUP_FREESHIP,ST_DEL,1,3239.19,3239.19,161.96,0,3077.23
SALE_51373,ORD_11373,08-12-2024,CUST_2196,PROD_1007,SEL_505,PAY_AJIO_WALLET,COUP_TRENDS30,ST_DEL,2,3279.18,6558.36,1967.51,0,4590.85
SALE_51374,ORD_11374,16-09-2024,CUST_2087,PROD_1011,SEL_501,PAY_UPI,COUP_FIRST100,ST_DEL,1,1899.24,1899.24,284.89,0,1614.35
SALE_51375,ORD_11375,22-12-2024,CUST_2152,PROD_1025,SEL_509,PAY_NB,COUP_FIRST100,ST_DEL,1,818.37,818.37,0,49,867.37
SALE_51376,ORD_11376,15-03-2024,CUST_2047,PROD_1023,SEL_510,PAY_AJIO_WALLET,COUP_TRENDS30,ST_CAN,1,1079.28,1079.28,0,0,1079.28
SALE_51377,ORD_11377,01-11-2025,CUST_2204,PROD_1005,SEL_515,PAY_COD,COUP_NONE,ST_CAN,1,444.11,444.11,0,49,493.11
SALE_51378,ORD_11378,20-03-2024,CUST_2043,PROD_1011,SEL_504,PAY_COD,COUP_NONE,ST_DEL,5,1899.24,9496.2,,0,9496.2
SALE_51379,ORD_11379,25-04-2024,CUST_2014,PROD_1016,SEL_504,PAY_AJIO_WALLET,COUP_FIRST100,ST_DEL,1,2069.31,2069.31,310.4,0,1758.91
SALE_51380,ORD_11380,11-09-2024,CUST_2111,PROD_1005,SEL_501,PAY_DC,COUP_FIRST100,ST_RET,2,444.11,888.22,0,49,937.22
SALE_51381,ORD_11381,22-09-2024,CUST_2213,PROD_1018,SEL_509,PAY_NB,COUP_FIRST100,ST_DEL,1,5199.35,5199.35,779.9,0,4419.45
SALE_51382,ORD_11382,07-05-2024,CUST_2295,PROD_1029,SEL_515,PAY_COD,COUP_FREESHIP,ST_DEL,1,749.5,749.5,37.48,,761.02
SALE_51383,ORD_11383,02-09-2024,CUST_2187,PROD_1029,SEL_515,PAY_CC,COUP_AJIO20,ST_DEL,1,749.5,749.5,0,49,798.5
SALE_51384,ORD_11384,16-09-2024,CUST_2127,PROD_1026,SEL_509,PAY_NB,COUP_FIRST100,ST_DEL,1,5119.36,5119.36,767.9,0,4351.46
SALE_51385,ORD_11385,01-02-2025,CUST_2054,PROD_1026,SEL_514,PAY_NB,COUP_FIRST100,ST_SHP,1,5119.36,5119.36,,0,4351.46
SALE_51386,ORD_11386,28-01-2024,CUST_2284,PROD_1027,SEL_504,PAY_COD,COUP_AJIO20,ST_DEL,1,6639.17,6639.17,1327.83,0,5311.34
SALE_51387,ORD_11387,17-08-2024,CUST_2255,PROD_1019,SEL_507,PAY_UPI,COUP_FIRST100,ST_DEL,1,1339.33,1339.33,200.9,0,1138.43
SALE_51388,ORD_11388,30-06-2024,CUST_2178,PROD_1016,SEL_514,PAY_AJIO_WALLET,COUP_FIRST100,ST_DEL,4,2069.31,8277.24,1241.59,0,7035.65
SALE_51389,ORD_11389,09-08-2024,CUST_2142,PROD_1019,SEL_505,PAY_AJIO_WALLET,COUP_NONE,ST_SHP,2,1339.33,2678.66,0,0,2678.66
SALE_51390,ORD_11390,22-12-2024,CUST_2069,PROD_1013,SEL_504,PAY_AJIO_WALLET,COUP_TRENDS30,ST_DEL,1,687.14,687.14,0,49,736.14
SALE_51391,ORD_11391,10-03-2024,CUST_2120,PROD_1019,SEL_513,PAY_NB,COUP_TRENDS30,ST_DEL,1,1339.33,1339.33,0,0,1339.33
SALE_51392,ORD_11392,31-01-2025,CUST_2004,PROD_1020,SEL_501,PAY_AJIO_WALLET,COUP_AJIO20,ST_DEL,1,703.12,703.12,0,49,752.12
SALE_51393,ORD_11393,11-03-2024,CUST_2272,PROD_1014,SEL_512,PAY_CC,COUP_FREESHIP,ST_DEL,2,1119.44,2238.88,111.94,0,2126.94
SALE_51394,ORD_11394,15-02-2024,CUST_2016,PROD_1021,SEL_515,PAY_COD,COUP_FREESHIP,ST_DEL,3,764.49,2293.47,114.67,0,2178.8
SALE_51395,ORD_11395,30-08-2024,CUST_2294,PROD_1023,SEL_511,PAY_COD,COUP_TRENDS30,ST_DEL,2,1079.28,2158.56,,0,2158.56
SALE_51396,ORD_11396,05-09-2024,CUST_2094,PROD_1004,SEL_505,PAY_DC,COUP_FIRST100,ST_SHP,1,3479.13,3479.13,521.87,0,2957.26
SALE_51397,ORD_11397,20-11-2024,CUST_2134,PROD_1013,SEL_504,PAY_CC,COUP_AJIO20,ST_EXC,1,687.14,687.14,0,49,736.14
SALE_51398,ORD_11398,10-12-2024,CUST_2049,PROD_1017,SEL_505,PAY_UPI,COUP_FESTIVE25,ST_DEL,1,2174.13,2174.13,543.53,0,1630.6
SALE_51399,ORD_11399,15-07-2024,CUST_2049,PROD_1006,SEL_501,PAY_NB,COUP_NONE,ST_DEL,1,909.3,909.3,0,,958.3
SALE_51400,ORD_11400,13-11-2024,CUST_2291,PROD_1019,SEL_506,PAY_UPI,COUP_FIRST100,ST_DEL,1,1339.33,1339.33,200.9,0,1138.43
SALE_51401,ORD_11401,20-10-2024,CUST_2112,PROD_1012,SEL_502,PAY_AJIO_WALLET,COUP_FIRST100,ST_DEL,3,675.48,2026.44,303.97,0,1722.47
SALE_51402,ORD_11402,10-02-2024,CUST_2091,PROD_1017,SEL_503,PAY_COD,COUP_NONE,ST_DEL,2,2174.13,4348.26,0,0,4348.26
SALE_51403,ORD_11403,29-10-2024,CUST_2160,PROD_1030,SEL_505,PAY_UPI,COUP_AJIO20,ST_SHP,1,3239.19,3239.19,647.84,0,2591.35
SALE_51404,ORD_11404,21-06-2024,CUST_2052,PROD_1016,SEL_504,PAY_NB,COUP_FIRST100,ST_EXC,3,2069.31,6207.93,931.19,0,5276.74
SALE_51405,ORD_11405,02-03-2024,CUST_2281,PROD_1027,SEL_507,PAY_COD,COUP_NONE,ST_SHP,1,6639.17,6639.17,0,0,6639.17
SALE_51406,ORD_11406,22-01-2024,CUST_2073,PROD_1008,SEL_514,PAY_COD,COUP_FIRST100,ST_PEN,1,2919.27,2919.27,437.89,0,2481.38
SALE_51407,ORD_11407,29-10-2024,CUST_2246,PROD_1026,SEL_514,PAY_AJIO_WALLET,COUP_FREESHIP,ST_PEN,2,5119.36,10238.72,511.94,0,9726.78
SALE_51408,ORD_11408,25-12-2024,CUST_2047,PROD_1022,SEL_511,PAY_DC,COUP_FESTIVE25,ST_DEL,1,714.45,714.45,0,49,763.45
SALE_51409,ORD_11409,25-01-2025,CUST_2280,PROD_1021,SEL_504,PAY_DC,,ST_DEL,1,764.49,764.49,0,49,813.49
SALE_51410,ORD_11410,08-09-2024,CUST_2219,PROD_1013,SEL_507,PAY_COD,COUP_NONE,ST_DEL,1,687.14,687.14,0,49,736.14
SALE_51411,ORD_11411,29-01-2025,CUST_2248,PROD_1020,SEL_507,PAY_DC,COUP_TRENDS30,ST_EXC,2,703.12,1406.24,0,0,1406.24
SALE_51412,ORD_11412,06-06-2024,CUST_2029,PROD_1017,SEL_514,PAY_UPI,COUP_FIRST100,ST_RET,2,2174.13,4348.26,652.24,0,3696.02
SALE_51413,ORD_11413,30-09-2024,CUST_2293,PROD_1018,SEL_503,PAY_AJIO_WALLET,COUP_AJIO20,ST_SHP,1,5199.35,5199.35,1039.87,0,4159.48
SALE_51414,ORD_11414,16-12-2024,CUST_2156,PROD_1013,SEL_504,PAY_DC,COUP_FESTIVE25,ST_DEL,2,687.14,1374.28,0,,1374.28
SALE_51415,ORD_11415,23-01-2024,CUST_2269,PROD_1028,SEL_503,PAY_NB,COUP_AJIO20,ST_SHP,1,1078.17,1078.17,0,0,1078.17
SALE_51416,ORD_11416,14-04-2024,CUST_2096,PROD_1029,SEL_504,PAY_AJIO_WALLET,COUP_AJIO20,ST_DEL,1,749.5,749.5,0,,798.5
SALE_51417,ORD_11417,29-02-2024,CUST_2008,PROD_1002,SEL_515,PAY_COD,COUP_FIRST100,ST_RET,1,1199.2,1199.2,179.88,0,1019.32
SALE_51418,ORD_11418,26-04-2024,CUST_2124,PROD_1022,SEL_514,PAY_DC,COUP_FIRST100,ST_EXC,3,714.45,2143.35,321.5,0,1821.85
SALE_51419,ORD_11419,12-08-2024,CUST_2206,PROD_1002,SEL_503,PAY_CC,COUP_FESTIVE25,ST_DEL,3,1199.2,3597.6,899.4,0,2698.2
SALE_51420,ORD_11420,30-11-2024,CUST_2217,PROD_1022,SEL_510,PAY_AJIO_WALLET,COUP_FREESHIP,ST_DEL,1,714.45,714.45,35.72,49,727.73
SALE_51421,ORD_11421,04-07-2024,CUST_2006,PROD_1014,SEL_514,PAY_COD,COUP_TRENDS30,ST_DEL,1,1119.44,1119.44,0,0,1119.44
SALE_51422,ORD_11422,17-08-2024,CUST_2006,PROD_1021,SEL_512,PAY_COD,COUP_NONE,ST_SHP,1,764.49,764.49,0,49,813.49
SALE_51423,ORD_11423,09-07-2024,CUST_2115,PROD_1003,SEL_511,PAY_UPI,COUP_NONE,ST_DEL,1,503.37,503.37,0,49,552.37
SALE_51424,ORD_11424,21-12-2024,CUST_2168,PROD_1006,SEL_512,PAY_DC,COUP_FREESHIP,ST_SHP,1,909.3,909.3,45.47,49,912.83
SALE_51425,ORD_11425,03-02-2024,CUST_2147,PROD_1010,SEL_514,PAY_NB,COUP_AJIO20,ST_DEL,2,299.4,598.8,0,49,647.8
SALE_51426,ORD_11426,19-01-2024,CUST_2104,PROD_1003,SEL_509,PAY_COD,COUP_FIRST100,ST_DEL,1,503.37,503.37,0,49,552.37
SALE_51427,ORD_11427,21-12-2024,CUST_2058,PROD_1008,SEL_501,PAY_COD,COUP_FIRST100,ST_DEL,1,2919.27,2919.27,437.89,0,2481.38
SALE_51428,ORD_11428,22-01-2024,CUST_2190,PROD_1015,SEL_512,PAY_CC,COUP_TRENDS30,ST_DEL,3,869.42,2608.26,782.48,0,1825.78
SALE_51429,ORD_11429,01-08-2024,CUST_2097,PROD_1025,SEL_504,PAY_AJIO_WALLET,,ST_DEL,1,818.37,818.37,0,49,867.37
SALE_51430,ORD_11430,25-11-2024,CUST_2129,PROD_1030,SEL_503,PAY_DC,COUP_TRENDS30,ST_DEL,1,3239.19,3239.19,971.76,0,2267.43
SALE_51431,ORD_11431,04-09-2024,CUST_2079,PROD_1010,SEL_509,PAY_UPI,COUP_FIRST100,ST_DEL,1,299.4,299.4,0,49,348.4
SALE_51432,ORD_11432,11-04-2024,CUST_2225,PROD_1001,SEL_514,PAY_COD,COUP_NONE,ST_CAN,1,6879.14,6879.14,,0,6879.14
SALE_51433,ORD_11433,02-03-2024,CUST_2083,PROD_1005,SEL_509,PAY_DC,COUP_NONE,ST_DEL,1,444.11,444.11,,49,493.11
SALE_51434,ORD_11434,07-08-2024,CUST_2009,PROD_1020,SEL_512,PAY_CC,,ST_RET,1,703.12,703.12,35.16,49,716.96
SALE_51435,ORD_11435,30-01-2024,CUST_2054,PROD_1022,SEL_504,PAY_UPI,COUP_TRENDS30,ST_DEL,2,714.45,1428.9,0,0,1428.9
SALE_51436,ORD_11436,02-07-2024,CUST_2062,PROD_1028,SEL_504,PAY_AJIO_WALLET,COUP_NONE,ST_DEL,1,1078.17,1078.17,0,0,1078.17
SALE_51437,ORD_11437,11-11-2024,CUST_2244,PROD_1030,SEL_510,PAY_AJIO_WALLET,COUP_TRENDS30,ST_DEL,1,3239.19,3239.19,971.76,0,2267.43
SALE_51438,ORD_11438,21-11-2024,CUST_2122,PROD_1022,SEL_508,PAY_NB,COUP_AJIO20,ST_DEL,1,714.45,714.45,0,49,763.45
SALE_51439,ORD_11439,22-11-2024,CUST_2079,PROD_1015,SEL_509,PAY_DC,COUP_FIRST100,ST_DEL,4,869.42,3477.68,521.65,0,2956.03
SALE_51440,ORD_11440,08-09-2024,CUST_2199,PROD_1009,SEL_515,PAY_CC,COUP_AJIO20,ST_SHP,1,3949.21,3949.21,789.84,0,3159.37
SALE_51441,ORD_11441,03-05-2024,CUST_2236,PROD_1014,SEL_512,PAY_NB,COUP_FIRST100,ST_EXC,1,1119.44,1119.44,167.92,49,1000.52
SALE_51442,ORD_11442,15-08-2024,CUST_2208,PROD_1014,SEL_515,PAY_COD,COUP_TRENDS30,ST_SHP,1,1119.44,1119.44,0,,1119.44
SALE_51443,ORD_11443,15-04-2024,CUST_2173,PROD_1011,SEL_511,PAY_COD,COUP_FIRST100,ST_SHP,1,1899.24,1899.24,284.89,0,1614.35
SALE_51444,ORD_11444,07-05-2024,CUST_2098,PROD_1019,SEL_504,PAY_AJIO_WALLET,COUP_FREESHIP,ST_PEN,1,1339.33,1339.33,66.97,0,1272.36
SALE_51445,ORD_11445,28-08-2024,CUST_2210,PROD_1012,SEL_511,PAY_DC,COUP_FIRST100,ST_DEL,1,675.48,675.48,0,49,724.48
SALE_51446,ORD_11446,21-04-2024,CUST_2232,PROD_1010,SEL_515,PAY_NB,COUP_TRENDS30,ST_DEL,1,299.4,299.4,0,49,348.4
SALE_51447,ORD_11447,14-08-2024,CUST_2081,PROD_1022,SEL_507,PAY_NB,COUP_TRENDS30,ST_DEL,1,714.45,714.45,,49,763.45
SALE_51448,ORD_11448,14-12-2024,CUST_2198,PROD_1019,SEL_511,PAY_CC,COUP_AJIO20,ST_EXC,2,1339.33,2678.66,535.73,0,2142.93
SALE_51449,ORD_11449,27-08-2024,CUST_2206,PROD_1019,SEL_513,PAY_CC,COUP_FIRST100,ST_DEL,2,1339.33,2678.66,401.8,0,2276.86
SALE_51450,ORD_11450,25-01-2025,CUST_2067,PROD_1025,SEL_515,PAY_COD,COUP_AJIO20,ST_DEL,1,818.37,818.37,0,49,867.37
SALE_51451,ORD_11451,28-01-2024,CUST_2019,PROD_1022,SEL_502,PAY_UPI,COUP_NONE,ST_DEL,2,714.45,1428.9,0,0,1428.9
SALE_51452,ORD_11452,19-04-2024,CUST_2161,PROD_1030,SEL_515,PAY_DC,COUP_FIRST100,ST_SHP,2,3239.19,6478.38,971.76,0,5506.62
SALE_51453,ORD_11453,16-08-2024,CUST_2186,PROD_1020,SEL_515,PAY_DC,COUP_FESTIVE25,ST_RET,1,703.12,703.12,0,49,752.12
SALE_51454,ORD_11454,18-03-2024,CUST_2090,PROD_1010,SEL_505,PAY_UPI,COUP_FESTIVE25,ST_DEL,1,299.4,299.4,0,49,348.4
SALE_51455,ORD_11455,17-11-2024,CUST_2273,PROD_1030,SEL_510,PAY_COD,COUP_FIRST100,ST_DEL,1,3239.19,3239.19,485.88,0,2753.31
SALE_51456,ORD_11456,16-03-2024,CUST_2144,PROD_1023,SEL_514,PAY_CC,,ST_SHP,1,1079.28,1079.28,0,0,1079.28
SALE_51457,ORD_11457,28-03-2024,CUST_2021,PROD_1005,SEL_515,PAY_COD,COUP_TRENDS30,ST_DEL,1,444.11,444.11,0,49,493.11
SALE_51458,ORD_11458,11-01-2024,CUST_2186,PROD_1030,SEL_508,PAY_NB,COUP_FESTIVE25,ST_DEL,3,3239.19,9717.57,2429.39,0,7288.18
SALE_51459,ORD_11459,02-05-2024,CUST_2291,PROD_1012,SEL_515,PAY_DC,COUP_NONE,ST_RET,1,675.48,675.48,0,49,724.48
SALE_51460,ORD_11460,12-08-2024,CUST_2154,PROD_1022,SEL_507,PAY_CC,COUP_NONE,ST_EXC,4,714.45,2857.8,0,0,2857.8
SALE_51461,ORD_11461,09-10-2024,CUST_2165,PROD_1010,SEL_512,PAY_UPI,COUP_AJIO20,ST_DEL,1,299.4,299.4,0,49,348.4
SALE_51462,ORD_11462,23-09-2024,CUST_2214,PROD_1006,SEL_506,PAY_DC,COUP_FIRST100,ST_DEL,1,909.3,909.3,0,49,958.3
SALE_51463,ORD_11463,17-08-2024,CUST_2086,PROD_1002,SEL_511,PAY_CC,,ST_DEL,1,1199.2,1199.2,59.96,0,1139.24
SALE_51464,ORD_11464,19-06-2024,CUST_2140,PROD_1024,SEL_513,PAY_AJIO_WALLET,COUP_TRENDS30,ST_SHP,1,1659.17,1659.17,0,0,1659.17
SALE_51465,ORD_11465,28-08-2024,CUST_2006,PROD_1024,SEL_510,PAY_UPI,COUP_AJIO20,ST_DEL,1,1659.17,1659.17,331.83,0,1327.34
SALE_51466,ORD_11466,08-05-2024,CUST_2139,PROD_1023,SEL_507,PAY_DC,COUP_AJIO20,ST_CAN,2,1079.28,2158.56,431.71,0,1726.85
SALE_51467,ORD_11467,24-05-2024,CUST_2068,PROD_1012,SEL_512,PAY_DC,COUP_FESTIVE25,ST_DEL,1,675.48,675.48,0,49,724.48
SALE_51468,ORD_11468,17-09-2024,CUST_2231,PROD_1030,SEL_511,PAY_UPI,COUP_FREESHIP,ST_RET,1,3239.19,3239.19,,0,3077.23
SALE_51469,ORD_11469,07-10-2024,CUST_2066,PROD_1026,SEL_513,PAY_UPI,COUP_FIRST100,ST_DEL,1,5119.36,5119.36,767.9,0,4351.46
SALE_51470,ORD_11470,01-12-2025,CUST_2122,PROD_1025,SEL_502,PAY_UPI,COUP_NONE,ST_SHP,2,818.37,1636.74,0,0,1636.74
SALE_51471,ORD_11471,18-06-2024,CUST_2037,PROD_1005,SEL_510,PAY_AJIO_WALLET,,ST_DEL,1,444.11,444.11,0,49,493.11
SALE_51472,ORD_11472,02-11-2024,CUST_2063,PROD_1002,SEL_512,PAY_CC,COUP_FIRST100,ST_RET,1,1199.2,1199.2,,0,1019.32
SALE_51473,ORD_11473,01-02-2025,CUST_2047,PROD_1001,SEL_507,PAY_AJIO_WALLET,COUP_FIRST100,ST_DEL,1,6879.14,6879.14,1031.87,0,5847.27
SALE_51474,ORD_11474,11-05-2024,CUST_2272,PROD_1007,SEL_508,PAY_CC,COUP_FREESHIP,ST_EXC,1,3279.18,3279.18,163.96,0,3115.22
SALE_51475,ORD_11475,04-11-2024,CUST_2032,PROD_1015,SEL_503,PAY_NB,COUP_NONE,ST_DEL,1,869.42,869.42,0,49,918.42
SALE_51476,ORD_11476,02-08-2024,CUST_2278,PROD_1019,SEL_504,PAY_AJIO_WALLET,COUP_NONE,ST_SHP,1,1339.33,1339.33,0,0,1339.33
SALE_51477,ORD_11477,30-10-2024,CUST_2165,PROD_1025,SEL_504,PAY_CC,COUP_TRENDS30,ST_DEL,1,818.37,818.37,0,49,867.37
SALE_51478,ORD_11478,25-06-2024,CUST_2260,PROD_1021,SEL_505,PAY_CC,COUP_TRENDS30,ST_DEL,1,764.49,764.49,0,49,813.49
SALE_51479,ORD_11479,09-09-2024,CUST_2129,PROD_1010,SEL_513,PAY_CC,COUP_NONE,ST_DEL,3,299.4,898.2,0,49,947.2
SALE_51480,ORD_11480,01-01-2025,CUST_2031,PROD_1020,SEL_513,PAY_COD,COUP_NONE,ST_SHP,1,703.12,703.12,0,,752.12
SALE_51481,ORD_11481,13-12-2024,CUST_2046,PROD_1011,SEL_510,PAY_DC,COUP_FREESHIP,ST_SHP,1,1899.24,1899.24,94.96,0,1804.28
SALE_51482,ORD_11482,06-02-2024,CUST_2164,PROD_1015,SEL_506,PAY_AJIO_WALLET,COUP_TRENDS30,ST_DEL,1,869.42,869.42,0,49,918.42
SALE_51483,ORD_11483,28-07-2024,CUST_2098,PROD_1008,SEL_510,PAY_CC,COUP_NONE,ST_SHP,2,2919.27,5838.54,,0,5838.54
SALE_51484,ORD_11484,25-08-2024,CUST_2167,PROD_1030,SEL_513,PAY_COD,COUP_TRENDS30,ST_CAN,1,3239.19,3239.19,971.76,0,2267.43
SALE_51485,ORD_11485,19-11-2024,CUST_2198,PROD_1014,SEL_501,PAY_CC,COUP_AJIO20,ST_DEL,1,1119.44,1119.44,0,0,1119.44
SALE_51486,ORD_11486,04-04-2024,CUST_2008,PROD_1014,SEL_513,PAY_AJIO_WALLET,COUP_FIRST100,ST_DEL,1,1119.44,1119.44,167.92,49,1000.52
SALE_51487,ORD_11487,09-11-2024,CUST_2201,PROD_1016,SEL_503,PAY_DC,COUP_AJIO20,ST_DEL,1,2069.31,2069.31,413.86,0,1655.45
SALE_51488,ORD_11488,09-12-2024,CUST_2282,PROD_1009,SEL_504,PAY_CC,COUP_TRENDS30,ST_DEL,1,3949.21,3949.21,1184.76,0,2764.45
SALE_51489,ORD_11489,02-04-2024,CUST_2082,PROD_1016,SEL_511,PAY_UPI,COUP_AJIO20,ST_RET,2,2069.31,4138.62,827.72,0,3310.9
SALE_51490,ORD_11490,08-01-2024,CUST_2149,PROD_1005,SEL_504,PAY_NB,COUP_TRENDS30,ST_CAN,1,444.11,444.11,0,,493.11
SALE_51491,ORD_11491,11-12-2024,CUST_2158,PROD_1021,SEL_503,PAY_DC,COUP_FREESHIP,ST_DEL,1,764.49,764.49,38.22,49,775.27
SALE_51492,ORD_11492,18-12-2024,CUST_2067,PROD_1017,SEL_505,PAY_DC,COUP_FREESHIP,ST_DEL,1,2174.13,2174.13,,0,2065.42
SALE_51493,ORD_11493,17-04-2024,CUST_2243,PROD_1003,SEL_501,PAY_COD,,ST_DEL,1,503.37,503.37,0,49,552.37
SALE_51494,ORD_11494,22-10-2024,CUST_2161,PROD_1021,SEL_515,PAY_COD,COUP_AJIO20,ST_DEL,1,764.49,764.49,,49,813.49
SALE_51495,ORD_11495,27-04-2024,CUST_2066,PROD_1011,SEL_513,PAY_AJIO_WALLET,,ST_RET,1,1899.24,1899.24,0,0,1899.24
SALE_51496,ORD_11496,18-02-2024,CUST_2128,PROD_1016,SEL_510,PAY_COD,COUP_NONE,ST_DEL,2,2069.31,4138.62,0,0,4138.62
SALE_51497,ORD_11497,01-07-2025,CUST_2165,PROD_1003,SEL_509,PAY_COD,COUP_TRENDS30,ST_DEL,1,503.37,503.37,0,49,552.37
SALE_51498,ORD_11498,02-02-2025,CUST_2200,PROD_1025,SEL_504,PAY_DC,COUP_FREESHIP,ST_DEL,1,818.37,818.37,40.92,49,826.45
SALE_51499,ORD_11499,04-09-2024,CUST_2115,PROD_1021,SEL_501,PAY_DC,COUP_AJIO20,ST_CAN,1,764.49,764.49,0,49,813.49
SALE_51500,ORD_11500,04-12-2024,CUST_2140,PROD_1011,SEL_508,PAY_DC,COUP_FESTIVE25,ST_RET,1,1899.24,1899.24,0,0,1899.24
SALE_51501,ORD_11501,25-09-2024,CUST_2062,PROD_1010,SEL_512,PAY_UPI,COUP_FREESHIP,ST_RET,1,299.4,299.4,0,49,348.4
SALE_51502,ORD_11502,14-03-2024,CUST_2193,PROD_1014,SEL_512,PAY_UPI,COUP_AJIO20,ST_DEL,1,1119.44,1119.44,0,,1119.44
SALE_51503,ORD_11503,14-07-2024,CUST_2216,PROD_1003,SEL_506,PAY_COD,COUP_FIRST100,ST_DEL,1,503.37,503.37,,49,552.37
SALE_51504,ORD_11504,04-11-2024,CUST_2228,PROD_1025,SEL_506,PAY_UPI,COUP_AJIO20,ST_DEL,1,818.37,818.37,0,49,867.37
SALE_51505,ORD_11505,16-06-2024,CUST_2084,PROD_1019,SEL_503,PAY_DC,COUP_NONE,ST_DEL,1,1339.33,1339.33,0,0,1339.33
SALE_51506,ORD_11506,17-11-2024,CUST_2073,PROD_1011,SEL_514,PAY_AJIO_WALLET,COUP_TRENDS30,ST_DEL,1,1899.24,1899.24,0,0,1899.24
SALE_51507,ORD_11507,14-06-2024,CUST_2203,PROD_1006,SEL_506,PAY_NB,COUP_NONE,ST_DEL,2,909.3,1818.6,0,0,1818.6
SALE_51508,ORD_11508,03-08-2024,CUST_2021,PROD_1029,SEL_509,PAY_UPI,COUP_FREESHIP,ST_SHP,1,749.5,749.5,37.48,49,761.02
SALE_51509,ORD_11509,31-12-2024,CUST_2035,PROD_1005,SEL_503,PAY_UPI,COUP_FESTIVE25,ST_DEL,1,444.11,444.11,0,49,493.11
SALE_51510,ORD_11510,02-05-2024,CUST_2185,PROD_1012,SEL_506,PAY_UPI,COUP_TRENDS30,ST_DEL,1,675.48,675.48,0,49,724.48
SALE_51511,ORD_11511,10-07-2024,CUST_2032,PROD_1017,SEL_507,PAY_AJIO_WALLET,COUP_TRENDS30,ST_SHP,2,2174.13,4348.26,1304.48,0,3043.78
SALE_51512,ORD_11512,26-11-2024,CUST_2230,PROD_1006,SEL_502,PAY_DC,COUP_FIRST100,ST_DEL,1,909.3,909.3,0,49,958.3
SALE_51513,ORD_11513,22-01-2024,CUST_2027,PROD_1021,SEL_514,PAY_AJIO_WALLET,COUP_FIRST100,ST_DEL,2,764.49,1528.98,229.35,0,1299.63
SALE_51514,ORD_11514,22-01-2025,CUST_2079,PROD_1028,SEL_503,PAY_NB,COUP_AJIO20,ST_DEL,1,1078.17,1078.17,0,0,1078.17
SALE_51515,ORD_11515,31-12-2024,CUST_2010,PROD_1017,SEL_513,PAY_DC,,ST_DEL,1,2174.13,2174.13,0,0,2174.13
SALE_51516,ORD_11516,25-10-2024,CUST_2035,PROD_1002,SEL_504,PAY_NB,COUP_NONE,ST_DEL,1,1199.2,1199.2,0,0,1199.2
SALE_51517,ORD_11517,25-03-2024,CUST_2042,PROD_1019,SEL_515,PAY_DC,COUP_FESTIVE25,ST_RET,1,1339.33,1339.33,0,0,1339.33
SALE_51518,ORD_11518,16-05-2024,CUST_2275,PROD_1001,SEL_515,PAY_AJIO_WALLET,COUP_FREESHIP,ST_DEL,1,6879.14,6879.14,343.96,0,6535.18
SALE_51519,ORD_11519,04-10-2024,CUST_2199,PROD_1006,SEL_514,PAY_CC,,ST_DEL,3,909.3,2727.9,681.98,0,2045.92
SALE_51520,ORD_11520,11-04-2024,CUST_2202,PROD_1004,SEL_511,PAY_DC,COUP_TRENDS30,ST_DEL,1,3479.13,3479.13,1043.74,,2435.39
SALE_51521,ORD_11521,24-02-2024,CUST_2208,PROD_1007,SEL_503,PAY_UPI,COUP_NONE,ST_DEL,1,3279.18,3279.18,0,0,3279.18
SALE_51522,ORD_11522,30-10-2024,CUST_2292,PROD_1024,SEL_512,PAY_DC,COUP_FREESHIP,ST_SHP,1,1659.17,1659.17,82.96,0,1576.21
SALE_51523,ORD_11523,05-09-2024,CUST_2028,PROD_1021,SEL_511,PAY_CC,COUP_FESTIVE25,ST_RET,1,764.49,764.49,0,49,813.49
SALE_51524,ORD_11524,01-03-2025,CUST_2159,PROD_1001,SEL_504,PAY_CC,COUP_AJIO20,ST_DEL,2,6879.14,13758.28,2751.66,0,11006.62
SALE_51525,ORD_11525,01-11-2024,CUST_2235,PROD_1013,SEL_510,PAY_CC,COUP_TRENDS30,ST_DEL,2,687.14,1374.28,0,0,1374.28
SALE_51526,ORD_11526,13-11-2024,CUST_2128,PROD_1003,SEL_510,PAY_UPI,COUP_NONE,ST_CAN,2,503.37,1006.74,0,0,1006.74
SALE_51527,ORD_11527,17-10-2024,CUST_2141,PROD_1030,SEL_501,PAY_DC,COUP_TRENDS30,ST_DEL,1,3239.19,3239.19,971.76,0,2267.43
SALE_51528,ORD_11528,07-09-2024,CUST_2189,PROD_1007,SEL_511,PAY_CC,COUP_TRENDS30,ST_SHP,1,3279.18,3279.18,983.75,0,2295.43
SALE_51529,ORD_11529,14-05-2024,CUST_2012,PROD_1010,SEL_513,PAY_UPI,COUP_NONE,ST_DEL,3,299.4,898.2,0,49,947.2
SALE_51530,ORD_11530,16-01-2024,CUST_2105,PROD_1004,SEL_515,PAY_AJIO_WALLET,,ST_RET,1,3479.13,3479.13,173.96,0,3305.17
SALE_51531,ORD_11531,23-10-2024,CUST_2058,PROD_1003,SEL_512,PAY_CC,COUP_TRENDS30,ST_CAN,1,503.37,503.37,0,49,552.37
SALE_51532,ORD_11532,20-12-2024,CUST_2139,PROD_1001,SEL_512,PAY_NB,COUP_TRENDS30,ST_DEL,1,6879.14,6879.14,2063.74,0,4815.4
SALE_51533,ORD_11533,26-08-2024,CUST_2204,PROD_1022,SEL_507,PAY_UPI,COUP_NONE,ST_DEL,1,714.45,714.45,0,49,763.45
SALE_51534,ORD_11534,29-01-2025,CUST_2007,PROD_1019,SEL_515,PAY_UPI,COUP_FREESHIP,ST_DEL,2,1339.33,2678.66,133.93,0,2544.73
SALE_51535,ORD_11535,04-06-2024,CUST_2246,PROD_1007,SEL_513,PAY_DC,COUP_NONE,ST_SHP,1,3279.18,3279.18,0,0,3279.18
SALE_51536,ORD_11536,25-12-2024,CUST_2001,PROD_1021,SEL_501,PAY_NB,COUP_TRENDS30,ST_DEL,2,764.49,1528.98,0,0,1528.98
SALE_51537,ORD_11537,29-08-2024,CUST_2025,PROD_1010,SEL_506,PAY_UPI,COUP_FESTIVE25,ST_DEL,1,299.4,299.4,0,49,348.4
SALE_51538,ORD_11538,23-11-2024,CUST_2191,PROD_1024,SEL_509,PAY_NB,COUP_FIRST100,ST_DEL,1,1659.17,1659.17,248.88,0,1410.29
SALE_51539,ORD_11539,16-03-2024,CUST_2298,PROD_1013,SEL_506,PAY_COD,COUP_AJIO20,ST_PEN,2,687.14,1374.28,0,0,1374.28
SALE_51540,ORD_11540,14-02-2024,CUST_2254,PROD_1022,SEL_509,PAY_COD,COUP_AJIO20,ST_RET,1,714.45,714.45,0,49,763.45
SALE_51541,ORD_11541,20-01-2025,CUST_2071,PROD_1011,SEL_515,PAY_DC,COUP_FREESHIP,ST_DEL,2,1899.24,3798.48,,0,3608.56
SALE_51542,ORD_11542,16-11-2024,CUST_2085,PROD_1029,SEL_501,PAY_DC,COUP_FESTIVE25,ST_RET,1,749.5,749.5,0,49,798.5
SALE_51543,ORD_11543,20-10-2024,CUST_2277,PROD_1021,SEL_514,PAY_AJIO_WALLET,COUP_FIRST100,ST_CAN,4,764.49,3057.96,458.69,0,2599.27
SALE_51544,ORD_11544,27-02-2024,CUST_2106,PROD_1027,SEL_512,PAY_COD,COUP_NONE,ST_CAN,1,6639.17,6639.17,0,0,6639.17
SALE_51545,ORD_11545,12-06-2024,CUST_2267,PROD_1004,SEL_510,PAY_UPI,COUP_AJIO20,ST_RET,2,3479.13,6958.26,,0,5566.61
SALE_51546,ORD_11546,07-10-2024,CUST_2172,PROD_1016,SEL_502,PAY_DC,COUP_FREESHIP,ST_CAN,3,2069.31,6207.93,310.4,0,5897.53
SALE_51547,ORD_11547,18-01-2025,CUST_2268,PROD_1022,SEL_514,PAY_COD,COUP_FIRST100,ST_DEL,1,714.45,714.45,,49,763.45
SALE_51548,ORD_11548,21-12-2024,CUST_2055,PROD_1008,SEL_511,PAY_AJIO_WALLET,COUP_TRENDS30,ST_DEL,2,2919.27,5838.54,1751.56,0,4086.98
SALE_51549,ORD_11549,21-12-2024,CUST_2259,PROD_1026,SEL_502,PAY_COD,COUP_FIRST100,ST_RET,1,5119.36,5119.36,,0,4351.46
SALE_51550,ORD_11550,04-07-2024,CUST_2208,PROD_1010,SEL_514,PAY_CC,COUP_FESTIVE25,ST_DEL,1,299.4,299.4,0,49,348.4
SALE_51551,ORD_11551,05-09-2024,CUST_2152,PROD_1004,SEL_504,PAY_CC,COUP_FREESHIP,ST_DEL,4,3479.13,13916.52,695.83,0,13220.69
SALE_51552,ORD_11552,06-02-2024,CUST_2217,PROD_1012,SEL_511,PAY_COD,,ST_SHP,1,675.48,675.48,0,49,724.48
SALE_51553,ORD_11553,21-11-2024,CUST_2107,PROD_1010,SEL_507,PAY_NB,COUP_FESTIVE25,ST_RET,1,299.4,299.4,0,49,348.4
SALE_51554,ORD_11554,24-12-2024,CUST_2252,PROD_1002,SEL_508,PAY_DC,COUP_AJIO20,ST_DEL,2,1199.2,2398.4,479.68,0,1918.72
SALE_51555,ORD_11555,13-11-2024,CUST_2197,PROD_1025,SEL_509,PAY_UPI,COUP_TRENDS30,ST_SHP,3,818.37,2455.11,0,0,2455.11
SALE_51556,ORD_11556,14-02-2024,CUST_2252,PROD_1001,SEL_507,PAY_UPI,,ST_PEN,1,6879.14,6879.14,2063.74,0,4815.4
SALE_51557,ORD_11557,18-02-2024,CUST_2048,PROD_1003,SEL_504,PAY_AJIO_WALLET,COUP_FREESHIP,ST_DEL,1,503.37,503.37,25.17,49,527.2
SALE_51558,ORD_11558,10-09-2024,CUST_2173,PROD_1008,SEL_510,PAY_COD,COUP_NONE,ST_DEL,1,2919.27,2919.27,0,0,2919.27
SALE_51559,ORD_11559,12-11-2024,CUST_2211,PROD_1004,SEL_501,PAY_AJIO_WALLET,COUP_FIRST100,ST_DEL,3,3479.13,10437.39,,0,8871.78
SALE_51560,ORD_11560,16-10-2024,CUST_2228,PROD_1003,SEL_509,PAY_CC,COUP_TRENDS30,ST_DEL,2,503.37,1006.74,0,0,1006.74
SALE_51561,ORD_11561,23-12-2024,CUST_2275,PROD_1021,SEL_512,PAY_UPI,COUP_AJIO20,ST_DEL,1,764.49,764.49,0,49,813.49
SALE_51562,ORD_11562,18-06-2024,CUST_2232,PROD_1010,SEL_514,PAY_CC,COUP_NONE,ST_DEL,1,299.4,299.4,0,49,348.4
SALE_51563,ORD_11563,01-03-2024,CUST_2080,PROD_1027,SEL_502,PAY_CC,,ST_DEL,2,6639.17,13278.34,3983.5,0,9294.84
SALE_51564,ORD_11564,23-06-2024,CUST_2091,PROD_1025,SEL_507,PAY_UPI,COUP_AJIO20,ST_DEL,1,818.37,818.37,0,49,867.37
SALE_51565,ORD_11565,29-02-2024,CUST_2253,PROD_1008,SEL_512,PAY_COD,COUP_FREESHIP,ST_RET,1,2919.27,2919.27,145.96,0,2773.31
SALE_51566,ORD_11566,07-06-2024,CUST_2068,PROD_1024,SEL_510,PAY_NB,COUP_NONE,ST_DEL,1,1659.17,1659.17,0,0,1659.17
SALE_51567,ORD_11567,08-02-2024,CUST_2269,PROD_1029,SEL_512,PAY_DC,COUP_FREESHIP,ST_DEL,1,749.5,749.5,37.48,49,761.02
SALE_51568,ORD_11568,14-05-2024,CUST_2224,PROD_1018,SEL_512,PAY_COD,COUP_NONE,ST_DEL,1,5199.35,5199.35,0,0,5199.35
SALE_51569,ORD_11569,23-03-2024,CUST_2206,PROD_1017,SEL_515,PAY_CC,COUP_FIRST100,ST_DEL,1,2174.13,2174.13,326.12,0,1848.01
SALE_51570,ORD_11570,09-01-2024,CUST_2101,PROD_1015,SEL_511,PAY_NB,COUP_AJIO20,ST_DEL,4,869.42,3477.68,695.54,0,2782.14
SALE_51571,ORD_11571,13-04-2024,CUST_2095,PROD_1019,SEL_507,PAY_UPI,COUP_FESTIVE25,ST_DEL,1,1339.33,1339.33,0,0,1339.33
SALE_51572,ORD_11572,27-02-2024,CUST_2201,PROD_1001,SEL_506,PAY_UPI,COUP_FESTIVE25,ST_PEN,1,6879.14,6879.14,1719.79,0,5159.35
SALE_51573,ORD_11573,05-04-2024,CUST_2300,PROD_1017,SEL_501,PAY_DC,COUP_FIRST100,ST_DEL,2,2174.13,4348.26,652.24,0,3696.02
SALE_51574,ORD_11574,29-03-2024,CUST_2097,PROD_1022,SEL_508,PAY_COD,COUP_TRENDS30,ST_DEL,1,714.45,714.45,0,49,763.45
SALE_51575,ORD_11575,18-09-2024,CUST_2278,PROD_1028,SEL_513,PAY_UPI,COUP_FIRST100,ST_SHP,2,1078.17,2156.34,323.45,,1832.89
SALE_51576,ORD_11576,16-11-2024,CUST_2035,PROD_1016,SEL_509,PAY_UPI,,ST_DEL,2,2069.31,4138.62,1034.65,0,3103.97
SALE_51577,ORD_11577,09-08-2024,CUST_2186,PROD_1008,SEL_514,PAY_DC,COUP_TRENDS30,ST_DEL,2,2919.27,5838.54,1751.56,0,4086.98
SALE_51578,ORD_11578,19-07-2024,CUST_2203,PROD_1001,SEL_504,PAY_AJIO_WALLET,COUP_FREESHIP,ST_RET,1,6879.14,6879.14,343.96,,6535.18
SALE_51579,ORD_11579,17-09-2024,CUST_2116,PROD_1024,SEL_515,PAY_CC,COUP_TRENDS30,ST_DEL,1,1659.17,1659.17,0,0,1659.17
SALE_51580,ORD_11580,02-08-2024,CUST_2081,PROD_1008,SEL_510,PAY_NB,COUP_AJIO20,ST_DEL,1,2919.27,2919.27,583.85,0,2335.42
SALE_51581,ORD_11581,15-03-2024,CUST_2214,PROD_1003,SEL_509,PAY_UPI,COUP_FREESHIP,ST_RET,1,503.37,503.37,25.17,49,527.2
SALE_51582,ORD_11582,23-06-2024,CUST_2143,PROD_1013,SEL_505,PAY_COD,COUP_FREESHIP,ST_CAN,2,687.14,1374.28,68.71,0,1305.57
SALE_51583,ORD_11583,22-01-2025,CUST_2168,PROD_1030,SEL_505,PAY_COD,COUP_FESTIVE25,ST_DEL,1,3239.19,3239.19,809.8,0,2429.39
SALE_51584,ORD_11584,20-10-2024,CUST_2287,PROD_1030,SEL_511,PAY_NB,COUP_FESTIVE25,ST_SHP,1,3239.19,3239.19,,0,2429.39
SALE_51585,ORD_11585,19-11-2024,CUST_2047,PROD_1023,SEL_508,PAY_DC,COUP_FESTIVE25,ST_DEL,1,1079.28,1079.28,0,,1079.28
SALE_51586,ORD_11586,06-09-2024,CUST_2138,PROD_1030,SEL_505,PAY_DC,COUP_FESTIVE25,ST_DEL,3,3239.19,9717.57,2429.39,0,7288.18
SALE_51587,ORD_11587,22-09-2024,CUST_2290,PROD_1007,SEL_506,PAY_DC,COUP_FIRST100,ST_CAN,1,3279.18,3279.18,,0,2787.3
SALE_51588,ORD_11588,11-09-2024,CUST_2136,PROD_1020,SEL_507,PAY_AJIO_WALLET,COUP_FREESHIP,ST_DEL,2,703.12,1406.24,70.31,0,1335.93
SALE_51589,ORD_11589,10-10-2024,CUST_2152,PROD_1007,SEL_511,PAY_AJIO_WALLET,COUP_AJIO20,ST_SHP,1,3279.18,3279.18,655.84,0,2623.34
SALE_51590,ORD_11590,29-05-2024,CUST_2237,PROD_1019,SEL_509,PAY_CC,,ST_SHP,1,1339.33,1339.33,0,0,1339.33
SALE_51591,ORD_11591,19-07-2024,CUST_2173,PROD_1006,SEL_515,PAY_AJIO_WALLET,COUP_TRENDS30,ST_DEL,2,909.3,1818.6,0,0,1818.6
SALE_51592,ORD_11592,02-06-2024,CUST_2291,PROD_1015,SEL_509,PAY_DC,COUP_FIRST100,ST_DEL,1,869.42,869.42,0,49,918.42
SALE_51593,ORD_11593,05-10-2024,CUST_2193,PROD_1027,SEL_509,PAY_COD,COUP_NONE,ST_DEL,1,6639.17,6639.17,0,0,6639.17
SALE_51594,ORD_11594,04-11-2024,CUST_2282,PROD_1019,SEL_514,PAY_DC,COUP_FESTIVE25,ST_DEL,1,1339.33,1339.33,0,0,1339.33
SALE_51595,ORD_11595,17-07-2024,CUST_2219,PROD_1021,SEL_508,PAY_NB,COUP_NONE,ST_DEL,1,764.49,764.49,0,49,813.49
SALE_51596,ORD_11596,22-05-2024,CUST_2093,PROD_1004,SEL_506,PAY_UPI,COUP_NONE,ST_CAN,1,3479.13,3479.13,0,0,3479.13
SALE_51597,ORD_11597,14-04-2024,CUST_2138,PROD_1005,SEL_513,PAY_UPI,COUP_FREESHIP,ST_SHP,3,444.11,1332.33,66.62,,1265.71
SALE_51598,ORD_11598,01-03-2025,CUST_2291,PROD_1002,SEL_501,PAY_UPI,,ST_RET,1,1199.2,1199.2,0,0,1199.2
SALE_51599,ORD_11599,16-05-2024,CUST_2124,PROD_1008,SEL_504,PAY_NB,,ST_DEL,1,2919.27,2919.27,729.82,0,2189.45
SALE_51600,ORD_11600,22-04-2024,CUST_2122,PROD_1005,SEL_501,PAY_NB,COUP_FESTIVE25,ST_DEL,2,444.11,888.22,0,49,937.22
SALE_51601,ORD_11601,16-02-2024,CUST_2197,PROD_1007,SEL_509,PAY_NB,COUP_NONE,ST_RET,2,3279.18,6558.36,0,0,6558.36
SALE_51602,ORD_11602,27-07-2024,CUST_2139,PROD_1026,SEL_508,PAY_UPI,COUP_NONE,ST_DEL,1,5119.36,5119.36,0,0,5119.36
SALE_51603,ORD_11603,05-02-2024,CUST_2085,PROD_1029,SEL_503,PAY_CC,COUP_AJIO20,ST_DEL,1,749.5,749.5,,49,798.5
SALE_51604,ORD_11604,21-02-2024,CUST_2297,PROD_1028,SEL_510,PAY_COD,COUP_TRENDS30,ST_DEL,1,1078.17,1078.17,0,0,1078.17
SALE_51605,ORD_11605,19-01-2025,CUST_2228,PROD_1015,SEL_503,PAY_AJIO_WALLET,COUP_TRENDS30,ST_CAN,1,869.42,869.42,0,49,918.42
SALE_51606,ORD_11606,25-09-2024,CUST_2140,PROD_1007,SEL_515,PAY_AJIO_WALLET,COUP_TRENDS30,ST_DEL,1,3279.18,3279.18,983.75,0,2295.43
SALE_51607,ORD_11607,07-09-2024,CUST_2256,PROD_1017,SEL_510,PAY_COD,COUP_TRENDS30,ST_DEL,2,2174.13,4348.26,1304.48,0,3043.78
SALE_51608,ORD_11608,29-06-2024,CUST_2194,PROD_1006,SEL_513,PAY_COD,COUP_FIRST100,ST_DEL,1,909.3,909.3,0,49,958.3
SALE_51609,ORD_11609,13-01-2024,CUST_2149,PROD_1029,SEL_504,PAY_COD,COUP_FESTIVE25,ST_CAN,3,749.5,2248.5,562.12,0,1686.38
SALE_51610,ORD_11610,01-12-2024,CUST_2125,PROD_1021,SEL_512,PAY_UPI,COUP_TRENDS30,ST_SHP,1,764.49,764.49,,49,813.49
SALE_51611,ORD_11611,08-05-2024,CUST_2185,PROD_1013,SEL_501,PAY_COD,COUP_TRENDS30,ST_SHP,1,687.14,687.14,0,49,736.14
SALE_51612,ORD_11612,27-03-2024,CUST_2179,PROD_1008,SEL_505,PAY_DC,COUP_AJIO20,ST_DEL,2,2919.27,5838.54,1167.71,0,4670.83
SALE_51613,ORD_11613,07-05-2024,CUST_2265,PROD_1020,SEL_509,PAY_CC,COUP_NONE,ST_RET,2,703.12,1406.24,0,0,1406.24
SALE_51614,ORD_11614,10-10-2024,CUST_2047,PROD_1023,SEL_515,PAY_CC,COUP_NONE,ST_DEL,1,1079.28,1079.28,0,0,1079.28
SALE_51615,ORD_11615,08-11-2024,CUST_2269,PROD_1030,SEL_505,PAY_COD,COUP_FIRST100,ST_DEL,2,3239.19,6478.38,971.76,0,5506.62
SALE_51616,ORD_11616,28-04-2024,CUST_2096,PROD_1008,SEL_507,PAY_DC,COUP_FIRST100,ST_DEL,1,2919.27,2919.27,,0,2481.38
SALE_51617,ORD_11617,28-08-2024,CUST_2294,PROD_1021,SEL_513,PAY_AJIO_WALLET,COUP_FIRST100,ST_DEL,3,764.49,2293.47,344.02,0,1949.45
SALE_51618,ORD_11618,02-04-2024,CUST_2121,PROD_1001,SEL_513,PAY_CC,COUP_FESTIVE25,ST_SHP,1,6879.14,6879.14,1719.79,0,5159.35
SALE_51619,ORD_11619,01-05-2025,CUST_2092,PROD_1018,SEL_502,PAY_COD,COUP_FESTIVE25,ST_PEN,1,5199.35,5199.35,1299.84,0,3899.51
SALE_51620,ORD_11620,27-01-2025,CUST_2096,PROD_1008,SEL_513,PAY_UPI,COUP_AJIO20,ST_CAN,1,2919.27,2919.27,583.85,0,2335.42
SALE_51621,ORD_11621,25-01-2024,CUST_2011,PROD_1017,SEL_509,PAY_UPI,COUP_TRENDS30,ST_DEL,1,2174.13,2174.13,0,0,2174.13
SALE_51622,ORD_11622,22-05-2024,CUST_2068,PROD_1008,SEL_514,PAY_NB,COUP_AJIO20,ST_DEL,1,2919.27,2919.27,583.85,0,2335.42
SALE_51623,ORD_11623,11-06-2024,CUST_2090,PROD_1023,SEL_502,PAY_AJIO_WALLET,COUP_FIRST100,ST_DEL,1,1079.28,1079.28,161.89,49,966.39
SALE_51624,ORD_11624,09-07-2024,CUST_2194,PROD_1005,SEL_501,PAY_DC,COUP_TRENDS30,ST_DEL,2,444.11,888.22,0,49,937.22
SALE_51625,ORD_11625,27-11-2024,CUST_2282,PROD_1018,SEL_512,PAY_COD,COUP_FESTIVE25,ST_DEL,1,5199.35,5199.35,1299.84,0,3899.51
SALE_51626,ORD_11626,25-09-2024,CUST_2296,PROD_1023,SEL_514,PAY_AJIO_WALLET,,ST_PEN,1,1079.28,1079.28,0,0,1079.28
SALE_51627,ORD_11627,07-07-2024,CUST_2256,PROD_1005,SEL_513,PAY_UPI,COUP_FIRST100,ST_DEL,1,444.11,444.11,0,49,493.11
SALE_51628,ORD_11628,09-06-2024,CUST_2212,PROD_1013,SEL_507,PAY_DC,COUP_AJIO20,ST_DEL,2,687.14,1374.28,0,0,1374.28
SALE_51629,ORD_11629,29-10-2024,CUST_2111,PROD_1014,SEL_513,PAY_AJIO_WALLET,COUP_FIRST100,ST_DEL,1,1119.44,1119.44,167.92,49,1000.52
SALE_51630,ORD_11630,08-12-2024,CUST_2155,PROD_1013,SEL_504,PAY_CC,COUP_NONE,ST_RET,1,687.14,687.14,0,49,736.14
SALE_51631,ORD_11631,31-07-2024,CUST_2239,PROD_1023,SEL_508,PAY_DC,COUP_FIRST100,ST_DEL,1,1079.28,1079.28,161.89,49,966.39
SALE_51632,ORD_11632,28-06-2024,CUST_2075,PROD_1029,SEL_511,PAY_UPI,COUP_AJIO20,ST_DEL,3,749.5,2248.5,449.7,0,1798.8
SALE_51633,ORD_11633,10-09-2024,CUST_2222,PROD_1003,SEL_510,PAY_DC,COUP_AJIO20,ST_CAN,1,503.37,503.37,0,49,552.37
SALE_51634,ORD_11634,16-09-2024,CUST_2246,PROD_1003,SEL_506,PAY_DC,,ST_DEL,1,503.37,503.37,0,49,552.37
SALE_51635,ORD_11635,13-01-2024,CUST_2052,PROD_1005,SEL_512,PAY_AJIO_WALLET,COUP_FESTIVE25,ST_DEL,1,444.11,444.11,0,49,493.11
SALE_51636,ORD_11636,11-09-2024,CUST_2267,PROD_1012,SEL_501,PAY_COD,COUP_TRENDS30,ST_DEL,1,675.48,675.48,0,49,724.48
SALE_51637,ORD_11637,08-12-2024,CUST_2168,PROD_1010,SEL_506,PAY_UPI,COUP_FESTIVE25,ST_DEL,1,299.4,299.4,0,49,348.4
SALE_51638,ORD_11638,16-09-2024,CUST_2264,PROD_1002,SEL_511,PAY_NB,COUP_FREESHIP,ST_SHP,5,1199.2,5996,299.8,0,5696.2
SALE_51639,ORD_11639,13-08-2024,CUST_2079,PROD_1030,SEL_514,PAY_COD,COUP_AJIO20,ST_SHP,1,3239.19,3239.19,647.84,0,2591.35
SALE_51640,ORD_11640,21-05-2024,CUST_2073,PROD_1025,SEL_515,PAY_CC,COUP_NONE,ST_DEL,1,818.37,818.37,0,49,867.37
SALE_51641,ORD_11641,04-09-2024,CUST_2023,PROD_1010,SEL_501,PAY_CC,COUP_FIRST100,ST_DEL,2,299.4,598.8,0,49,647.8
SALE_51642,ORD_11642,17-04-2024,CUST_2078,PROD_1014,SEL_509,PAY_NB,,ST_EXC,5,1119.44,5597.2,1119.44,0,4477.76
SALE_51643,ORD_11643,02-03-2024,CUST_2084,PROD_1028,SEL_501,PAY_DC,COUP_FREESHIP,ST_DEL,1,1078.17,1078.17,53.91,0,1024.26
SALE_51644,ORD_11644,23-08-2024,CUST_2085,PROD_1030,SEL_511,PAY_COD,COUP_NONE,ST_DEL,1,3239.19,3239.19,,0,3239.19
SALE_51645,ORD_11645,14-01-2025,CUST_2191,PROD_1028,SEL_508,PAY_DC,COUP_FESTIVE25,ST_DEL,1,1078.17,1078.17,0,0,1078.17
SALE_51646,ORD_11646,28-10-2024,CUST_2168,PROD_1017,SEL_503,PAY_AJIO_WALLET,COUP_FREESHIP,ST_CAN,1,2174.13,2174.13,108.71,0,2065.42
SALE_51647,ORD_11647,17-06-2024,CUST_2126,PROD_1008,SEL_514,PAY_UPI,COUP_TRENDS30,ST_DEL,1,2919.27,2919.27,875.78,0,2043.49
SALE_51648,ORD_11648,16-03-2024,CUST_2208,PROD_1002,SEL_510,PAY_DC,COUP_AJIO20,ST_DEL,1,1199.2,1199.2,0,0,1199.2
SALE_51649,ORD_11649,23-12-2024,CUST_2113,PROD_1029,SEL_504,PAY_COD,COUP_FIRST100,ST_RET,1,749.5,749.5,0,49,798.5
SALE_51650,ORD_11650,02-11-2024,CUST_2212,PROD_1024,SEL_507,PAY_COD,COUP_FESTIVE25,ST_DEL,1,1659.17,1659.17,,0,1659.17
SALE_51651,ORD_11651,30-01-2024,CUST_2247,PROD_1030,SEL_511,PAY_UPI,COUP_AJIO20,ST_RET,1,3239.19,3239.19,647.84,,2591.35
SALE_51652,ORD_11652,07-08-2024,CUST_2222,PROD_1005,SEL_507,PAY_COD,COUP_NONE,ST_DEL,1,444.11,444.11,0,49,493.11
SALE_51653,ORD_11653,08-08-2024,CUST_2250,PROD_1029,SEL_508,PAY_COD,COUP_FESTIVE25,ST_DEL,1,749.5,749.5,0,49,798.5
SALE_51654,ORD_11654,02-12-2024,CUST_2085,PROD_1011,SEL_503,PAY_NB,COUP_AJIO20,ST_DEL,1,1899.24,1899.24,379.85,0,1519.39
SALE_51655,ORD_11655,23-12-2024,CUST_2005,PROD_1005,SEL_509,PAY_COD,COUP_TRENDS30,ST_RET,1,444.11,444.11,0,49,493.11
SALE_51656,ORD_11656,07-06-2024,CUST_2027,PROD_1001,SEL_508,PAY_CC,COUP_NONE,ST_DEL,1,6879.14,6879.14,0,,6879.14
SALE_51657,ORD_11657,06-07-2024,CUST_2183,PROD_1022,SEL_510,PAY_UPI,COUP_NONE,ST_DEL,1,714.45,714.45,0,49,763.45
SALE_51658,ORD_11658,04-08-2024,CUST_2299,PROD_1003,SEL_501,PAY_NB,,ST_CAN,3,503.37,1510.11,0,0,1510.11
SALE_51659,ORD_11659,26-09-2024,CUST_2252,PROD_1004,SEL_505,PAY_NB,COUP_AJIO20,ST_DEL,2,3479.13,6958.26,1391.65,0,5566.61
SALE_51660,ORD_11660,21-03-2024,CUST_2146,PROD_1005,SEL_502,PAY_COD,,ST_CAN,2,444.11,888.22,0,49,937.22
SALE_51661,ORD_11661,17-01-2024,CUST_2264,PROD_1004,SEL_508,PAY_NB,,ST_SHP,2,3479.13,6958.26,1043.74,0,5914.52
SALE_51662,ORD_11662,06-05-2024,CUST_2084,PROD_1023,SEL_508,PAY_COD,COUP_AJIO20,ST_RET,1,1079.28,1079.28,0,0,1079.28
SALE_51663,ORD_11663,17-04-2024,CUST_2206,PROD_1014,SEL_513,PAY_CC,COUP_AJIO20,ST_SHP,1,1119.44,1119.44,0,0,1119.44
SALE_51664,ORD_11664,16-03-2024,CUST_2080,PROD_1002,SEL_502,PAY_UPI,COUP_FESTIVE25,ST_CAN,5,1199.2,5996,,0,4497
SALE_51665,ORD_11665,18-12-2024,CUST_2065,PROD_1005,SEL_512,PAY_UPI,COUP_AJIO20,ST_PEN,1,444.11,444.11,0,49,493.11
SALE_51666,ORD_11666,09-12-2024,CUST_2247,PROD_1014,SEL_507,PAY_UPI,,ST_SHP,2,1119.44,2238.88,111.94,0,2126.94
SALE_51667,ORD_11667,07-05-2024,CUST_2155,PROD_1030,SEL_512,PAY_CC,COUP_TRENDS30,ST_SHP,1,3239.19,3239.19,971.76,0,2267.43
SALE_51668,ORD_11668,09-11-2024,CUST_2177,PROD_1003,SEL_501,PAY_UPI,COUP_AJIO20,ST_DEL,1,503.37,503.37,0,49,552.37
SALE_51669,ORD_11669,16-06-2024,CUST_2204,PROD_1026,SEL_512,PAY_DC,COUP_TRENDS30,ST_DEL,1,5119.36,5119.36,1535.81,0,3583.55
SALE_51670,ORD_11670,25-03-2024,CUST_2291,PROD_1028,SEL_512,PAY_CC,COUP_NONE,ST_CAN,1,1078.17,1078.17,0,,1078.17
SALE_51671,ORD_11671,05-02-2024,CUST_2250,PROD_1029,SEL_506,PAY_CC,COUP_NONE,ST_RET,1,749.5,749.5,0,49,798.5
SALE_51672,ORD_11672,29-01-2025,CUST_2143,PROD_1030,SEL_504,PAY_AJIO_WALLET,COUP_FIRST100,ST_DEL,1,3239.19,3239.19,485.88,0,2753.31
SALE_51673,ORD_11673,09-04-2024,CUST_2176,PROD_1026,SEL_510,PAY_DC,COUP_AJIO20,ST_DEL,1,5119.36,5119.36,1023.87,0,4095.49
SALE_51674,ORD_11674,20-05-2024,CUST_2076,PROD_1011,SEL_511,PAY_AJIO_WALLET,COUP_FREESHIP,ST_SHP,1,1899.24,1899.24,,0,1804.28
SALE_51675,ORD_11675,01-09-2025,CUST_2271,PROD_1019,SEL_510,PAY_NB,COUP_FIRST100,ST_DEL,1,1339.33,1339.33,200.9,0,1138.43
SALE_51676,ORD_11676,01-10-2024,CUST_2281,PROD_1010,SEL_509,PAY_COD,COUP_NONE,ST_DEL,1,299.4,299.4,0,49,348.4
SALE_51677,ORD_11677,11-07-2024,CUST_2033,PROD_1016,SEL_514,PAY_COD,COUP_TRENDS30,ST_RET,1,2069.31,2069.31,0,0,2069.31
SALE_51678,ORD_11678,29-11-2024,CUST_2162,PROD_1027,SEL_510,PAY_CC,COUP_TRENDS30,ST_DEL,2,6639.17,13278.34,3983.5,0,9294.84
SALE_51679,ORD_11679,21-01-2024,CUST_2297,PROD_1009,SEL_507,PAY_DC,COUP_NONE,ST_DEL,4,3949.21,15796.84,0,0,15796.84
SALE_51680,ORD_11680,02-08-2024,CUST_2231,PROD_1008,SEL_507,PAY_UPI,COUP_TRENDS30,ST_DEL,1,2919.27,2919.27,875.78,0,2043.49
SALE_51681,ORD_11681,23-11-2024,CUST_2280,PROD_1014,SEL_501,PAY_NB,,ST_PEN,2,1119.44,2238.88,111.94,0,2126.94
SALE_51682,ORD_11682,27-05-2024,CUST_2027,PROD_1016,SEL_510,PAY_CC,COUP_FESTIVE25,ST_SHP,2,2069.31,4138.62,1034.65,0,3103.97
SALE_51683,ORD_11683,04-12-2024,CUST_2200,PROD_1018,SEL_512,PAY_DC,COUP_FIRST100,ST_DEL,1,5199.35,5199.35,779.9,0,4419.45
SALE_51684,ORD_11684,03-07-2024,CUST_2041,PROD_1011,SEL_511,PAY_CC,COUP_TRENDS30,ST_DEL,1,1899.24,1899.24,0,0,1899.24
SALE_51685,ORD_11685,14-04-2024,CUST_2150,PROD_1022,SEL_505,PAY_COD,COUP_FIRST100,ST_RET,1,714.45,714.45,0,49,763.45
SALE_51686,ORD_11686,02-09-2024,CUST_2148,PROD_1010,SEL_509,PAY_AJIO_WALLET,,ST_DEL,2,299.4,598.8,0,49,647.8
SALE_51687,ORD_11687,19-08-2024,CUST_2002,PROD_1008,SEL_502,PAY_DC,COUP_FIRST100,ST_DEL,1,2919.27,2919.27,437.89,0,2481.38
SALE_51688,ORD_11688,22-05-2024,CUST_2274,PROD_1015,SEL_509,PAY_UPI,COUP_TRENDS30,ST_SHP,1,869.42,869.42,,49,918.42
SALE_51689,ORD_11689,05-08-2024,CUST_2048,PROD_1012,SEL_503,PAY_COD,COUP_FIRST100,ST_DEL,3,675.48,2026.44,303.97,0,1722.47
SALE_51690,ORD_11690,19-12-2024,CUST_2045,PROD_1003,SEL_503,PAY_CC,COUP_AJIO20,ST_DEL,1,503.37,503.37,0,49,552.37
SALE_51691,ORD_11691,19-09-2024,CUST_2180,PROD_1001,SEL_506,PAY_COD,COUP_TRENDS30,ST_DEL,1,6879.14,6879.14,2063.74,0,4815.4
SALE_51692,ORD_11692,02-04-2024,CUST_2098,PROD_1020,SEL_511,PAY_COD,COUP_FESTIVE25,ST_SHP,2,703.12,1406.24,0,0,1406.24
SALE_51693,ORD_11693,07-07-2024,CUST_2254,PROD_1018,SEL_513,PAY_COD,COUP_TRENDS30,ST_DEL,3,5199.35,15598.05,4679.41,,10918.64
SALE_51694,ORD_11694,12-06-2024,CUST_2019,PROD_1015,SEL_504,PAY_UPI,COUP_FESTIVE25,ST_DEL,1,869.42,869.42,0,49,918.42
SALE_51695,ORD_11695,13-02-2024,CUST_2213,PROD_1024,SEL_514,PAY_UPI,COUP_AJIO20,ST_CAN,2,1659.17,3318.34,663.67,0,2654.67
SALE_51696,ORD_11696,09-10-2024,CUST_2267,PROD_1018,SEL_513,PAY_UPI,COUP_FESTIVE25,ST_DEL,5,5199.35,25996.75,6499.19,0,19497.56
SALE_51697,ORD_11697,06-08-2024,CUST_2175,PROD_1004,SEL_510,PAY_UPI,COUP_FREESHIP,ST_DEL,2,3479.13,6958.26,,0,6610.35
SALE_51698,ORD_11698,12-06-2024,CUST_2151,PROD_1002,SEL_514,PAY_UPI,COUP_NONE,ST_RET,1,1199.2,1199.2,0,0,1199.2
SALE_51699,ORD_11699,28-09-2024,CUST_2195,PROD_1005,SEL_505,PAY_DC,COUP_TRENDS30,ST_EXC,1,444.11,444.11,0,49,493.11
SALE_51700,ORD_11700,25-05-2024,CUST_2158,PROD_1024,SEL_505,PAY_COD,COUP_NONE,ST_DEL,1,1659.17,1659.17,0,0,1659.17
SALE_51701,ORD_11701,21-02-2024,CUST_2048,PROD_1028,SEL_503,PAY_NB,COUP_FESTIVE25,ST_DEL,1,1078.17,1078.17,0,0,1078.17
SALE_51702,ORD_11702,18-04-2024,CUST_2136,PROD_1025,SEL_506,PAY_DC,COUP_NONE,ST_DEL,2,818.37,1636.74,0,,1636.74
SALE_51703,ORD_11703,02-10-2024,CUST_2119,PROD_1002,SEL_505,PAY_DC,COUP_FESTIVE25,ST_PEN,3,1199.2,3597.6,899.4,0,2698.2
SALE_51704,ORD_11704,25-07-2024,CUST_2280,PROD_1010,SEL_515,PAY_NB,COUP_FREESHIP,ST_DEL,1,299.4,299.4,0,49,348.4
SALE_51705,ORD_11705,03-11-2024,CUST_2216,PROD_1003,SEL_511,PAY_DC,COUP_AJIO20,ST_SHP,1,503.37,503.37,0,49,552.37
SALE_51706,ORD_11706,03-07-2024,CUST_2003,PROD_1004,SEL_515,PAY_COD,COUP_NONE,ST_DEL,1,3479.13,3479.13,0,0,3479.13
SALE_51707,ORD_11707,27-03-2024,CUST_2136,PROD_1006,SEL_510,PAY_NB,COUP_FIRST100,ST_DEL,1,909.3,909.3,0,49,958.3
SALE_51708,ORD_11708,28-08-2024,CUST_2292,PROD_1023,SEL_514,PAY_UPI,COUP_FREESHIP,ST_CAN,2,1079.28,2158.56,107.93,0,2050.63
SALE_51709,ORD_11709,27-07-2024,CUST_2065,PROD_1006,SEL_512,PAY_AJIO_WALLET,COUP_FESTIVE25,ST_DEL,1,909.3,909.3,0,49,958.3
SALE_51710,ORD_11710,05-01-2024,CUST_2140,PROD_1019,SEL_513,PAY_AJIO_WALLET,COUP_FIRST100,ST_DEL,1,1339.33,1339.33,200.9,0,1138.43
SALE_51711,ORD_11711,26-07-2024,CUST_2199,PROD_1007,SEL_514,PAY_NB,COUP_AJIO20,ST_DEL,1,3279.18,3279.18,655.84,0,2623.34
SALE_51712,ORD_11712,03-04-2024,CUST_2297,PROD_1010,SEL_505,PAY_CC,COUP_FESTIVE25,ST_CAN,1,299.4,299.4,0,49,348.4
SALE_51713,ORD_11713,05-09-2024,CUST_2255,PROD_1001,SEL_502,PAY_COD,COUP_FESTIVE25,ST_DEL,1,6879.14,6879.14,1719.79,,5159.35
SALE_51714,ORD_11714,05-07-2024,CUST_2095,PROD_1027,SEL_511,PAY_NB,COUP_NONE,ST_RET,2,6639.17,13278.34,0,0,13278.34
SALE_51715,ORD_11715,21-07-2024,CUST_2119,PROD_1008,SEL_512,PAY_UPI,COUP_FREESHIP,ST_DEL,4,2919.27,11677.08,583.85,0,11093.23
SALE_51716,ORD_11716,26-02-2024,CUST_2142,PROD_1004,SEL_510,PAY_UPI,COUP_FREESHIP,ST_DEL,1,3479.13,3479.13,173.96,0,3305.17
SALE_51717,ORD_11717,27-11-2024,CUST_2055,PROD_1011,SEL_504,PAY_COD,COUP_FIRST100,ST_DEL,2,1899.24,3798.48,,0,3228.71
SALE_51718,ORD_11718,15-08-2024,CUST_2167,PROD_1014,SEL_507,PAY_AJIO_WALLET,,ST_SHP,1,1119.44,1119.44,0,0,1119.44
SALE_51719,ORD_11719,12-05-2024,CUST_2075,PROD_1007,SEL_507,PAY_DC,COUP_FIRST100,ST_CAN,1,3279.18,3279.18,491.88,0,2787.3
SALE_51720,ORD_11720,22-03-2024,CUST_2141,PROD_1014,SEL_501,PAY_DC,COUP_NONE,ST_DEL,2,1119.44,2238.88,0,0,2238.88
SALE_51721,ORD_11721,26-02-2024,CUST_2031,PROD_1024,SEL_508,PAY_NB,COUP_AJIO20,ST_DEL,1,1659.17,1659.17,331.83,0,1327.34
SALE_51722,ORD_11722,28-09-2024,CUST_2144,PROD_1006,SEL_507,PAY_UPI,COUP_TRENDS30,ST_PEN,1,909.3,909.3,0,49,958.3
SALE_51723,ORD_11723,21-05-2024,CUST_2179,PROD_1010,SEL_511,PAY_CC,COUP_TRENDS30,ST_DEL,4,299.4,1197.6,0,0,1197.6
SALE_51724,ORD_11724,01-09-2024,CUST_2139,PROD_1006,SEL_508,PAY_CC,,ST_RET,1,909.3,909.3,0,49,958.3
SALE_51725,ORD_11725,26-02-2024,CUST_2197,PROD_1008,SEL_509,PAY_NB,COUP_FREESHIP,ST_RET,2,2919.27,5838.54,291.93,0,5546.61
SALE_51726,ORD_11726,21-09-2024,CUST_2268,PROD_1009,SEL_512,PAY_UPI,COUP_AJIO20,ST_CAN,2,3949.21,7898.42,,0,6318.74
SALE_51727,ORD_11727,05-09-2024,CUST_2011,PROD_1003,SEL_510,PAY_UPI,COUP_FIRST100,ST_RET,2,503.37,1006.74,151.01,49,904.73
SALE_51728,ORD_11728,17-11-2024,CUST_2285,PROD_1028,SEL_510,PAY_NB,COUP_FESTIVE25,ST_RET,4,1078.17,4312.68,1078.17,0,3234.51
SALE_51729,ORD_11729,08-02-2024,CUST_2002,PROD_1005,SEL_501,PAY_DC,COUP_FREESHIP,ST_PEN,1,444.11,444.11,0,49,493.11
SALE_51730,ORD_11730,26-01-2025,CUST_2247,PROD_1007,SEL_503,PAY_UPI,COUP_FREESHIP,ST_DEL,1,3279.18,3279.18,163.96,0,3115.22
SALE_51731,ORD_11731,11-04-2024,CUST_2140,PROD_1019,SEL_504,PAY_AJIO_WALLET,COUP_TRENDS30,ST_SHP,1,1339.33,1339.33,0,0,1339.33
SALE_51732,ORD_11732,15-06-2024,CUST_2050,PROD_1013,SEL_508,PAY_NB,COUP_FIRST100,ST_RET,2,687.14,1374.28,206.14,0,1168.14
SALE_51733,ORD_11733,26-04-2024,CUST_2183,PROD_1016,SEL_513,PAY_CC,COUP_FESTIVE25,ST_DEL,4,2069.31,8277.24,2069.31,0,6207.93
SALE_51734,ORD_11734,28-04-2024,CUST_2009,PROD_1023,SEL_502,PAY_UPI,COUP_FESTIVE25,ST_RET,2,1079.28,2158.56,539.64,,1618.92
SALE_51735,ORD_11735,14-12-2024,CUST_2105,PROD_1015,SEL_507,PAY_NB,,ST_DEL,1,869.42,869.42,43.47,49,874.95
SALE_51736,ORD_11736,19-01-2024,CUST_2070,PROD_1008,SEL_512,PAY_CC,COUP_FIRST100,ST_DEL,1,2919.27,2919.27,437.89,0,2481.38
SALE_51737,ORD_11737,17-04-2024,CUST_2210,PROD_1004,SEL_505,PAY_AJIO_WALLET,COUP_FESTIVE25,ST_RET,1,3479.13,3479.13,869.78,0,2609.35
SALE_51738,ORD_11738,10-01-2024,CUST_2122,PROD_1020,SEL_502,PAY_UPI,COUP_AJIO20,ST_PEN,3,703.12,2109.36,421.87,0,1687.49
SALE_51739,ORD_11739,12-02-2024,CUST_2124,PROD_1002,SEL_508,PAY_AJIO_WALLET,COUP_AJIO20,ST_DEL,2,1199.2,2398.4,479.68,0,1918.72
SALE_51740,ORD_11740,14-09-2024,CUST_2251,PROD_1027,SEL_504,PAY_COD,COUP_AJIO20,ST_DEL,1,6639.17,6639.17,1327.83,0,5311.34
SALE_51741,ORD_11741,07-01-2024,CUST_2295,PROD_1009,SEL_501,PAY_COD,COUP_FREESHIP,ST_DEL,1,3949.21,3949.21,197.46,0,3751.75
SALE_51742,ORD_11742,12-07-2024,CUST_2085,PROD_1001,SEL_512,PAY_UPI,COUP_FREESHIP,ST_DEL,1,6879.14,6879.14,343.96,0,6535.18
SALE_51743,ORD_11743,17-04-2024,CUST_2081,PROD_1008,SEL_512,PAY_UPI,COUP_FREESHIP,ST_DEL,1,2919.27,2919.27,145.96,0,2773.31
SALE_51744,ORD_11744,17-01-2024,CUST_2236,PROD_1002,SEL_511,PAY_COD,COUP_FIRST100,ST_DEL,2,1199.2,2398.4,359.76,0,2038.64
SALE_51745,ORD_11745,18-12-2024,CUST_2105,PROD_1012,SEL_511,PAY_DC,COUP_FREESHIP,ST_DEL,2,675.48,1350.96,67.55,0,1283.41
SALE_51746,ORD_11746,29-09-2024,CUST_2082,PROD_1016,SEL_507,PAY_UPI,COUP_FIRST100,ST_DEL,1,2069.31,2069.31,310.4,0,1758.91
SALE_51747,ORD_11747,31-07-2024,CUST_2216,PROD_1004,SEL_502,PAY_CC,COUP_FIRST100,ST_DEL,1,3479.13,3479.13,521.87,0,2957.26
SALE_51748,ORD_11748,12-12-2024,CUST_2086,PROD_1009,SEL_512,PAY_NB,COUP_FREESHIP,ST_DEL,3,3949.21,11847.63,,0,11255.25
SALE_51749,ORD_11749,31-10-2024,CUST_2300,PROD_1011,SEL_515,PAY_COD,COUP_FIRST100,ST_CAN,1,1899.24,1899.24,,0,1614.35
SALE_51750,ORD_11750,15-08-2024,CUST_2111,PROD_1015,SEL_507,PAY_CC,COUP_FESTIVE25,ST_CAN,1,869.42,869.42,0,,918.42
SALE_51751,ORD_11751,07-11-2024,CUST_2110,PROD_1030,SEL_512,PAY_UPI,COUP_FIRST100,ST_DEL,1,3239.19,3239.19,485.88,0,2753.31
SALE_51752,ORD_11752,28-01-2024,CUST_2047,PROD_1028,SEL_510,PAY_UPI,COUP_FREESHIP,ST_DEL,2,1078.17,2156.34,107.82,0,2048.52
SALE_51753,ORD_11753,28-11-2024,CUST_2274,PROD_1028,SEL_502,PAY_NB,COUP_TRENDS30,ST_DEL,2,1078.17,2156.34,0,0,2156.34
SALE_51754,ORD_11754,03-05-2024,CUST_2070,PROD_1002,SEL_509,PAY_CC,COUP_FESTIVE25,ST_CAN,3,1199.2,3597.6,899.4,0,2698.2
SALE_51755,ORD_11755,10-09-2024,CUST_2261,PROD_1028,SEL_510,PAY_NB,COUP_NONE,ST_DEL,1,1078.17,1078.17,0,0,1078.17
SALE_51756,ORD_11756,04-01-2024,CUST_2276,PROD_1003,SEL_505,PAY_DC,COUP_AJIO20,ST_DEL,1,503.37,503.37,0,49,552.37
SALE_51757,ORD_11757,22-09-2024,CUST_2106,PROD_1005,SEL_513,PAY_CC,COUP_FREESHIP,ST_DEL,1,444.11,444.11,0,49,493.11
SALE_51758,ORD_11758,24-01-2025,CUST_2037,PROD_1014,SEL_512,PAY_AJIO_WALLET,COUP_FESTIVE25,ST_DEL,1,1119.44,1119.44,0,0,1119.44
SALE_51759,ORD_11759,02-03-2025,CUST_2142,PROD_1028,SEL_506,PAY_UPI,COUP_NONE,ST_PEN,2,1078.17,2156.34,0,0,2156.34
SALE_51760,ORD_11760,25-03-2024,CUST_2013,PROD_1028,SEL_513,PAY_AJIO_WALLET,COUP_NONE,ST_DEL,1,1078.17,1078.17,0,0,1078.17
SALE_51761,ORD_11761,10-02-2024,CUST_2043,PROD_1023,SEL_504,PAY_COD,COUP_NONE,ST_DEL,1,1079.28,1079.28,0,0,1079.28
SALE_51762,ORD_11762,28-02-2024,CUST_2014,PROD_1024,SEL_503,PAY_DC,COUP_AJIO20,ST_DEL,1,1659.17,1659.17,331.83,0,1327.34
SALE_51763,ORD_11763,11-03-2024,CUST_2150,PROD_1009,SEL_503,PAY_UPI,COUP_FESTIVE25,ST_CAN,1,3949.21,3949.21,987.3,0,2961.91
SALE_51764,ORD_11764,25-01-2025,CUST_2245,PROD_1010,SEL_508,PAY_NB,COUP_NONE,ST_DEL,1,299.4,299.4,0,49,348.4
SALE_51765,ORD_11765,27-08-2024,CUST_2022,PROD_1011,SEL_507,PAY_COD,COUP_NONE,ST_DEL,1,1899.24,1899.24,0,0,1899.24
SALE_51766,ORD_11766,21-11-2024,CUST_2026,PROD_1001,SEL_511,PAY_DC,COUP_FIRST100,ST_DEL,1,6879.14,6879.14,,0,5847.27
SALE_51767,ORD_11767,03-03-2024,CUST_2265,PROD_1009,SEL_509,PAY_CC,COUP_TRENDS30,ST_DEL,1,3949.21,3949.21,1184.76,0,2764.45
SALE_51768,ORD_11768,07-06-2024,CUST_2138,PROD_1017,SEL_504,PAY_DC,COUP_AJIO20,ST_SHP,2,2174.13,4348.26,869.65,,3478.61
SALE_51769,ORD_11769,16-11-2024,CUST_2296,PROD_1013,SEL_512,PAY_UPI,,ST_SHP,1,687.14,687.14,0,49,736.14
SALE_51770,ORD_11770,11-12-2024,CUST_2107,PROD_1008,SEL_507,PAY_NB,COUP_FESTIVE25,ST_DEL,2,2919.27,5838.54,1459.63,0,4378.91
SALE_51771,ORD_11771,02-03-2024,CUST_2009,PROD_1025,SEL_510,PAY_AJIO_WALLET,COUP_FESTIVE25,ST_DEL,1,818.37,818.37,0,49,867.37
SALE_51772,ORD_11772,04-03-2024,CUST_2025,PROD_1030,SEL_502,PAY_COD,,ST_CAN,3,3239.19,9717.57,1943.51,0,7774.06
SALE_51773,ORD_11773,25-11-2024,CUST_2003,PROD_1009,SEL_511,PAY_AJIO_WALLET,COUP_AJIO20,ST_RET,1,3949.21,3949.21,789.84,0,3159.37
SALE_51774,ORD_11774,01-02-2025,CUST_2243,PROD_1016,SEL_515,PAY_CC,COUP_FESTIVE25,ST_DEL,1,2069.31,2069.31,517.33,0,1551.98
SALE_51775,ORD_11775,13-03-2024,CUST_2033,PROD_1013,SEL_505,PAY_CC,COUP_FIRST100,ST_SHP,1,687.14,687.14,0,49,736.14
SALE_51776,ORD_11776,07-12-2024,CUST_2152,PROD_1024,SEL_503,PAY_NB,COUP_FESTIVE25,ST_DEL,1,1659.17,1659.17,0,,1659.17
SALE_51777,ORD_11777,01-04-2025,CUST_2082,PROD_1001,SEL_504,PAY_COD,COUP_FREESHIP,ST_DEL,1,6879.14,6879.14,343.96,0,6535.18
SALE_51778,ORD_11778,21-01-2024,CUST_2054,PROD_1010,SEL_513,PAY_DC,COUP_NONE,ST_DEL,1,299.4,299.4,0,49,348.4
SALE_51779,ORD_11779,22-01-2024,CUST_2200,PROD_1006,SEL_506,PAY_DC,COUP_AJIO20,ST_CAN,1,909.3,909.3,0,49,958.3
SALE_51780,ORD_11780,04-05-2024,CUST_2118,PROD_1024,SEL_511,PAY_DC,COUP_AJIO20,ST_DEL,1,1659.17,1659.17,,0,1327.34
SALE_51781,ORD_11781,23-05-2024,CUST_2012,PROD_1022,SEL_502,PAY_COD,COUP_TRENDS30,ST_DEL,1,714.45,714.45,0,49,763.45
SALE_51782,ORD_11782,07-07-2024,CUST_2272,PROD_1017,SEL_515,PAY_UPI,COUP_FIRST100,ST_SHP,1,2174.13,2174.13,,0,1848.01
SALE_51783,ORD_11783,03-09-2024,CUST_2257,PROD_1017,SEL_503,PAY_DC,COUP_AJIO20,ST_SHP,1,2174.13,2174.13,434.83,0,1739.3
SALE_51784,ORD_11784,23-11-2024,CUST_2032,PROD_1022,SEL_512,PAY_DC,COUP_NONE,ST_DEL,5,714.45,3572.25,0,0,3572.25
SALE_51785,ORD_11785,30-06-2024,CUST_2150,PROD_1008,SEL_504,PAY_CC,COUP_FIRST100,ST_RET,2,2919.27,5838.54,875.78,0,4962.76
SALE_51786,ORD_11786,23-04-2024,CUST_2132,PROD_1019,SEL_506,PAY_AJIO_WALLET,,ST_DEL,2,1339.33,2678.66,0,0,2678.66
SALE_51787,ORD_11787,01-04-2025,CUST_2047,PROD_1004,SEL_512,PAY_NB,COUP_TRENDS30,ST_DEL,1,3479.13,3479.13,1043.74,0,2435.39
SALE_51788,ORD_11788,09-09-2024,CUST_2102,PROD_1008,SEL_510,PAY_UPI,COUP_FREESHIP,ST_SHP,1,2919.27,2919.27,145.96,0,2773.31
SALE_51789,ORD_11789,02-12-2024,CUST_2166,PROD_1008,SEL_501,PAY_COD,COUP_NONE,ST_SHP,2,2919.27,5838.54,0,0,5838.54
SALE_51790,ORD_11790,13-09-2024,CUST_2255,PROD_1025,SEL_506,PAY_COD,COUP_NONE,ST_DEL,2,818.37,1636.74,0,0,1636.74
SALE_51791,ORD_11791,14-01-2024,CUST_2269,PROD_1029,SEL_501,PAY_UPI,COUP_FIRST100,ST_DEL,1,749.5,749.5,0,49,798.5
SALE_51792,ORD_11792,11-01-2024,CUST_2172,PROD_1025,SEL_507,PAY_UPI,COUP_FESTIVE25,ST_DEL,3,818.37,2455.11,613.78,0,1841.33
SALE_51793,ORD_11793,09-11-2024,CUST_2126,PROD_1023,SEL_507,PAY_DC,COUP_TRENDS30,ST_DEL,2,1079.28,2158.56,0,0,2158.56
SALE_51794,ORD_11794,14-12-2024,CUST_2062,PROD_1024,SEL_515,PAY_COD,COUP_NONE,ST_RET,1,1659.17,1659.17,0,0,1659.17
SALE_51795,ORD_11795,02-06-2024,CUST_2178,PROD_1005,SEL_515,PAY_UPI,COUP_NONE,ST_DEL,2,444.11,888.22,0,49,937.22
SALE_51796,ORD_11796,22-07-2024,CUST_2295,PROD_1010,SEL_502,PAY_NB,COUP_AJIO20,ST_DEL,1,299.4,299.4,0,49,348.4
SALE_51797,ORD_11797,01-05-2025,CUST_2014,PROD_1019,SEL_503,PAY_COD,COUP_FIRST100,ST_DEL,3,1339.33,4017.99,602.7,0,3415.29
SALE_51798,ORD_11798,21-06-2024,CUST_2259,PROD_1005,SEL_502,PAY_CC,COUP_TRENDS30,ST_DEL,1,444.11,444.11,0,49,493.11
SALE_51799,ORD_11799,30-05-2024,CUST_2131,PROD_1030,SEL_501,PAY_AJIO_WALLET,COUP_FREESHIP,ST_CAN,1,3239.19,3239.19,161.96,0,3077.23
SALE_51800,ORD_11800,21-06-2024,CUST_2209,PROD_1024,SEL_501,PAY_DC,COUP_FREESHIP,ST_DEL,1,1659.17,1659.17,82.96,0,1576.21
SALE_51801,ORD_11801,19-02-2024,CUST_2203,PROD_1014,SEL_507,PAY_AJIO_WALLET,COUP_NONE,ST_DEL,2,1119.44,2238.88,0,,2238.88
SALE_51802,ORD_11802,29-01-2024,CUST_2219,PROD_1025,SEL_514,PAY_UPI,COUP_NONE,ST_RET,3,818.37,2455.11,0,0,2455.11
SALE_51803,ORD_11803,25-01-2025,CUST_2185,PROD_1013,SEL_507,PAY_NB,COUP_NONE,ST_CAN,1,687.14,687.14,0,49,736.14
SALE_51804,ORD_11804,30-03-2024,CUST_2234,PROD_1003,SEL_506,PAY_AJIO_WALLET,COUP_FIRST100,ST_DEL,1,503.37,503.37,0,,552.37
SALE_51805,ORD_11805,08-11-2024,CUST_2175,PROD_1012,SEL_501,PAY_COD,COUP_FESTIVE25,ST_DEL,1,675.48,675.48,0,49,724.48
SALE_51806,ORD_11806,14-11-2024,CUST_2249,PROD_1014,SEL_513,PAY_NB,COUP_FREESHIP,ST_RET,5,1119.44,5597.2,279.86,0,5317.34
SALE_51807,ORD_11807,10-10-2024,CUST_2136,PROD_1010,SEL_512,PAY_UPI,COUP_NONE,ST_DEL,2,299.4,598.8,0,49,647.8
SALE_51808,ORD_11808,12-07-2024,CUST_2230,PROD_1025,SEL_504,PAY_DC,COUP_AJIO20,ST_DEL,2,818.37,1636.74,327.35,0,1309.39
SALE_51809,ORD_11809,07-10-2024,CUST_2271,PROD_1005,SEL_507,PAY_UPI,COUP_FIRST100,ST_DEL,2,444.11,888.22,0,49,937.22
SALE_51810,ORD_11810,01-10-2024,CUST_2028,PROD_1004,SEL_511,PAY_DC,COUP_TRENDS30,ST_SHP,2,3479.13,6958.26,2087.48,0,4870.78
SALE_51811,ORD_11811,28-05-2024,CUST_2260,PROD_1012,SEL_510,PAY_NB,COUP_FREESHIP,ST_DEL,1,675.48,675.48,33.77,49,690.71
SALE_51812,ORD_11812,25-07-2024,CUST_2009,PROD_1023,SEL_508,PAY_DC,COUP_FESTIVE25,ST_CAN,2,1079.28,2158.56,539.64,0,1618.92
SALE_51813,ORD_11813,12-02-2024,CUST_2216,PROD_1025,SEL_510,PAY_NB,COUP_TRENDS30,ST_CAN,2,818.37,1636.74,0,0,1636.74
SALE_51814,ORD_11814,07-06-2024,CUST_2234,PROD_1003,SEL_515,PAY_NB,COUP_AJIO20,ST_DEL,1,503.37,503.37,0,49,552.37
SALE_51815,ORD_11815,01-11-2024,CUST_2292,PROD_1008,SEL_503,PAY_DC,COUP_FESTIVE25,ST_DEL,3,2919.27,8757.81,2189.45,0,6568.36
SALE_51816,ORD_11816,25-02-2024,CUST_2292,PROD_1020,SEL_513,PAY_CC,COUP_FIRST100,ST_RET,2,703.12,1406.24,210.94,0,1195.3
SALE_51817,ORD_11817,13-10-2024,CUST_2115,PROD_1010,SEL_513,PAY_CC,COUP_TRENDS30,ST_DEL,1,299.4,299.4,0,49,348.4
SALE_51818,ORD_11818,22-08-2024,CUST_2012,PROD_1018,SEL_508,PAY_CC,COUP_TRENDS30,ST_DEL,4,5199.35,20797.4,6239.22,0,14558.18
SALE_51819,ORD_11819,14-10-2024,CUST_2016,PROD_1021,SEL_508,PAY_CC,COUP_FREESHIP,ST_DEL,1,764.49,764.49,38.22,49,775.27
SALE_51820,ORD_11820,28-11-2024,CUST_2113,PROD_1011,SEL_511,PAY_AJIO_WALLET,COUP_FESTIVE25,ST_RET,3,1899.24,5697.72,1424.43,0,4273.29
SALE_51821,ORD_11821,25-05-2024,CUST_2267,PROD_1005,SEL_511,PAY_NB,COUP_NONE,ST_CAN,3,444.11,1332.33,0,0,1332.33
SALE_51822,ORD_11822,16-10-2024,CUST_2209,PROD_1029,SEL_511,PAY_UPI,COUP_FIRST100,ST_RET,1,749.5,749.5,0,49,798.5
SALE_51823,ORD_11823,02-07-2024,CUST_2016,PROD_1018,SEL_513,PAY_CC,COUP_TRENDS30,ST_DEL,1,5199.35,5199.35,1559.81,0,3639.54
SALE_51824,ORD_11824,07-12-2024,CUST_2223,PROD_1022,SEL_505,PAY_UPI,COUP_FESTIVE25,ST_DEL,1,714.45,714.45,0,49,763.45
SALE_51825,ORD_11825,08-06-2024,CUST_2038,PROD_1030,SEL_514,PAY_CC,COUP_NONE,ST_DEL,1,3239.19,3239.19,0,0,3239.19
SALE_51826,ORD_11826,19-01-2025,CUST_2075,PROD_1025,SEL_504,PAY_NB,COUP_AJIO20,ST_DEL,1,818.37,818.37,0,49,867.37
SALE_51827,ORD_11827,27-10-2024,CUST_2099,PROD_1025,SEL_505,PAY_COD,,ST_DEL,2,818.37,1636.74,0,0,1636.74
SALE_51828,ORD_11828,25-03-2024,CUST_2140,PROD_1021,SEL_515,PAY_UPI,COUP_NONE,ST_CAN,2,764.49,1528.98,0,0,1528.98
SALE_51829,ORD_11829,18-07-2024,CUST_2001,PROD_1001,SEL_511,PAY_NB,COUP_TRENDS30,ST_DEL,5,6879.14,34395.7,10318.71,0,24076.99
SALE_51830,ORD_11830,02-11-2024,CUST_2060,PROD_1027,SEL_513,PAY_COD,COUP_FESTIVE25,ST_DEL,1,6639.17,6639.17,1659.79,0,4979.38
SALE_51831,ORD_11831,07-11-2024,CUST_2172,PROD_1027,SEL_514,PAY_UPI,COUP_NONE,ST_RET,1,6639.17,6639.17,0,0,6639.17
SALE_51832,ORD_11832,01-12-2025,CUST_2143,PROD_1003,SEL_505,PAY_AJIO_WALLET,COUP_FESTIVE25,ST_DEL,1,503.37,503.37,0,,552.37
SALE_51833,ORD_11833,25-10-2024,CUST_2209,PROD_1025,SEL_503,PAY_AJIO_WALLET,COUP_FESTIVE25,ST_DEL,1,818.37,818.37,0,49,867.37
SALE_51834,ORD_11834,18-05-2024,CUST_2074,PROD_1002,SEL_512,PAY_DC,COUP_FIRST100,ST_DEL,3,1199.2,3597.6,539.64,0,3057.96
SALE_51835,ORD_11835,31-12-2024,CUST_2226,PROD_1015,SEL_510,PAY_DC,COUP_TRENDS30,ST_DEL,3,869.42,2608.26,782.48,0,1825.78
SALE_51836,ORD_11836,11-03-2024,CUST_2207,PROD_1025,SEL_514,PAY_COD,COUP_FREESHIP,ST_DEL,1,818.37,818.37,40.92,49,826.45
SALE_51837,ORD_11837,30-08-2024,CUST_2048,PROD_1024,SEL_514,PAY_COD,COUP_FREESHIP,ST_DEL,3,1659.17,4977.51,248.88,0,4728.63
SALE_51838,ORD_11838,14-05-2024,CUST_2083,PROD_1019,SEL_512,PAY_NB,COUP_NONE,ST_PEN,1,1339.33,1339.33,0,0,1339.33
SALE_51839,ORD_11839,04-11-2024,CUST_2269,PROD_1022,SEL_509,PAY_DC,COUP_NONE,ST_RET,1,714.45,714.45,,49,763.45
SALE_51840,ORD_11840,28-03-2024,CUST_2046,PROD_1030,SEL_503,PAY_DC,COUP_AJIO20,ST_SHP,1,3239.19,3239.19,647.84,0,2591.35
SALE_51841,ORD_11841,14-04-2024,CUST_2206,PROD_1004,SEL_508,PAY_NB,COUP_NONE,ST_DEL,1,3479.13,3479.13,0,0,3479.13
SALE_51842,ORD_11842,19-01-2025,CUST_2041,PROD_1020,SEL_503,PAY_UPI,COUP_TRENDS30,ST_DEL,1,703.12,703.12,0,49,752.12
SALE_51843,ORD_11843,20-10-2024,CUST_2263,PROD_1022,SEL_506,PAY_CC,COUP_TRENDS30,ST_DEL,1,714.45,714.45,0,49,763.45
SALE_51844,ORD_11844,06-06-2024,CUST_2098,PROD_1007,SEL_508,PAY_UPI,COUP_FREESHIP,ST_DEL,1,3279.18,3279.18,163.96,0,3115.22
SALE_51845,ORD_11845,21-07-2024,CUST_2087,PROD_1028,SEL_510,PAY_DC,COUP_NONE,ST_DEL,1,1078.17,1078.17,0,0,1078.17
SALE_51846,ORD_11846,14-04-2024,CUST_2049,PROD_1014,SEL_505,PAY_DC,COUP_NONE,ST_DEL,1,1119.44,1119.44,0,0,1119.44
SALE_51847,ORD_11847,25-08-2024,CUST_2053,PROD_1013,SEL_508,PAY_NB,COUP_NONE,ST_RET,1,687.14,687.14,0,49,736.14
SALE_51848,ORD_11848,23-11-2024,CUST_2088,PROD_1030,SEL_503,PAY_UPI,COUP_NONE,ST_CAN,2,3239.19,6478.38,0,0,6478.38
SALE_51849,ORD_11849,22-09-2024,CUST_2275,PROD_1027,SEL_503,PAY_UPI,COUP_FREESHIP,ST_DEL,1,6639.17,6639.17,331.96,0,6307.21
SALE_51850,ORD_11850,08-12-2024,CUST_2280,PROD_1011,SEL_512,PAY_COD,COUP_FREESHIP,ST_SHP,2,1899.24,3798.48,189.92,0,3608.56
SALE_51851,ORD_11851,20-09-2024,CUST_2119,PROD_1028,SEL_514,PAY_NB,COUP_FIRST100,ST_CAN,1,1078.17,1078.17,161.73,,965.44
SALE_51852,ORD_11852,18-08-2024,CUST_2164,PROD_1014,SEL_501,PAY_DC,COUP_FIRST100,ST_DEL,1,1119.44,1119.44,167.92,49,1000.52
SALE_51853,ORD_11853,03-01-2024,CUST_2279,PROD_1024,SEL_511,PAY_COD,COUP_TRENDS30,ST_SHP,1,1659.17,1659.17,0,0,1659.17
SALE_51854,ORD_11854,22-09-2024,CUST_2032,PROD_1013,SEL_514,PAY_COD,COUP_FIRST100,ST_RET,2,687.14,1374.28,206.14,0,1168.14
SALE_51855,ORD_11855,13-02-2024,CUST_2008,PROD_1012,SEL_513,PAY_UPI,COUP_TRENDS30,ST_DEL,2,675.48,1350.96,0,0,1350.96
SALE_51856,ORD_11856,14-02-2024,CUST_2093,PROD_1008,SEL_511,PAY_DC,COUP_AJIO20,ST_SHP,1,2919.27,2919.27,583.85,,2335.42
SALE_51857,ORD_11857,23-02-2024,CUST_2188,PROD_1001,SEL_513,PAY_DC,COUP_FESTIVE25,ST_EXC,1,6879.14,6879.14,1719.79,0,5159.35
SALE_51858,ORD_11858,30-03-2024,CUST_2292,PROD_1005,SEL_512,PAY_UPI,COUP_FESTIVE25,ST_SHP,5,444.11,2220.55,555.14,0,1665.41
SALE_51859,ORD_11859,21-01-2024,CUST_2072,PROD_1011,SEL_510,PAY_COD,COUP_TRENDS30,ST_PEN,1,1899.24,1899.24,0,0,1899.24
SALE_51860,ORD_11860,10-06-2024,CUST_2138,PROD_1008,SEL_507,PAY_NB,COUP_FESTIVE25,ST_DEL,4,2919.27,11677.08,2919.27,0,8757.81
SALE_51861,ORD_11861,11-05-2024,CUST_2065,PROD_1029,SEL_515,PAY_UPI,COUP_AJIO20,ST_PEN,2,749.5,1499,299.8,0,1199.2
SALE_51862,ORD_11862,16-09-2024,CUST_2278,PROD_1014,SEL_512,PAY_NB,COUP_FREESHIP,ST_SHP,1,1119.44,1119.44,55.97,0,1063.47
SALE_51863,ORD_11863,10-10-2024,CUST_2153,PROD_1029,SEL_510,PAY_DC,COUP_FREESHIP,ST_DEL,1,749.5,749.5,37.48,49,761.02
SALE_51864,ORD_11864,22-08-2024,CUST_2044,PROD_1010,SEL_506,PAY_COD,COUP_FREESHIP,ST_DEL,1,299.4,299.4,0,49,348.4
SALE_51865,ORD_11865,24-07-2024,CUST_2226,PROD_1003,SEL_506,PAY_CC,,ST_RET,1,503.37,503.37,0,49,552.37
SALE_51866,ORD_11866,11-11-2024,CUST_2101,PROD_1018,SEL_513,PAY_AJIO_WALLET,COUP_FIRST100,ST_DEL,1,5199.35,5199.35,779.9,0,4419.45
SALE_51867,ORD_11867,24-08-2024,CUST_2040,PROD_1020,SEL_502,PAY_AJIO_WALLET,COUP_FREESHIP,ST_SHP,1,703.12,703.12,,49,716.96
SALE_51868,ORD_11868,08-11-2024,CUST_2253,PROD_1013,SEL_509,PAY_CC,COUP_FESTIVE25,ST_DEL,1,687.14,687.14,0,49,736.14
SALE_51869,ORD_11869,04-10-2024,CUST_2079,PROD_1027,SEL_514,PAY_CC,COUP_AJIO20,ST_DEL,5,6639.17,33195.85,6639.17,0,26556.68
SALE_51870,ORD_11870,01-01-2024,CUST_2020,PROD_1026,SEL_511,PAY_NB,COUP_AJIO20,ST_SHP,1,5119.36,5119.36,1023.87,0,4095.49
SALE_51871,ORD_11871,12-05-2024,CUST_2122,PROD_1012,SEL_501,PAY_AJIO_WALLET,,ST_RET,2,675.48,1350.96,0,0,1350.96
SALE_51872,ORD_11872,18-10-2024,CUST_2200,PROD_1013,SEL_512,PAY_NB,COUP_AJIO20,ST_SHP,1,687.14,687.14,0,49,736.14
SALE_51873,ORD_11873,24-06-2024,CUST_2064,PROD_1006,SEL_505,PAY_NB,COUP_FIRST100,ST_PEN,1,909.3,909.3,0,49,958.3
SALE_51874,ORD_11874,04-10-2024,CUST_2094,PROD_1030,SEL_509,PAY_COD,COUP_TRENDS30,ST_DEL,1,3239.19,3239.19,971.76,0,2267.43
SALE_51875,ORD_11875,15-12-2024,CUST_2151,PROD_1006,SEL_511,PAY_CC,,ST_RET,2,909.3,1818.6,90.93,0,1727.67
SALE_51876,ORD_11876,20-10-2024,CUST_2138,PROD_1026,SEL_507,PAY_CC,COUP_FIRST100,ST_DEL,1,5119.36,5119.36,767.9,0,4351.46
SALE_51877,ORD_11877,04-05-2024,CUST_2085,PROD_1009,SEL_502,PAY_AJIO_WALLET,COUP_FREESHIP,ST_RET,2,3949.21,7898.42,,0,7503.5
SALE_51878,ORD_11878,21-10-2024,CUST_2248,PROD_1006,SEL_515,PAY_DC,,ST_DEL,1,909.3,909.3,0,49,958.3
SALE_51879,ORD_11879,02-04-2025,CUST_2114,PROD_1028,SEL_512,PAY_CC,,ST_DEL,1,1078.17,1078.17,0,0,1078.17
SALE_51880,ORD_11880,07-08-2024,CUST_2115,PROD_1028,SEL_509,PAY_UPI,COUP_FESTIVE25,ST_SHP,1,1078.17,1078.17,0,,1078.17
SALE_51881,ORD_11881,11-08-2024,CUST_2251,PROD_1017,SEL_505,PAY_COD,COUP_FESTIVE25,ST_DEL,2,2174.13,4348.26,1087.07,0,3261.19
SALE_51882,ORD_11882,17-11-2024,CUST_2148,PROD_1027,SEL_505,PAY_CC,COUP_NONE,ST_DEL,1,6639.17,6639.17,0,0,6639.17
SALE_51883,ORD_11883,11-02-2024,CUST_2263,PROD_1027,SEL_510,PAY_UPI,COUP_NONE,ST_RET,1,6639.17,6639.17,0,0,6639.17
SALE_51884,ORD_11884,17-05-2024,CUST_2102,PROD_1017,SEL_514,PAY_AJIO_WALLET,COUP_AJIO20,ST_DEL,1,2174.13,2174.13,434.83,0,1739.3
SALE_51885,ORD_11885,20-08-2024,CUST_2187,PROD_1007,SEL_507,PAY_DC,COUP_NONE,ST_DEL,1,3279.18,3279.18,0,0,3279.18
SALE_51886,ORD_11886,13-11-2024,CUST_2168,PROD_1007,SEL_502,PAY_CC,COUP_FREESHIP,ST_DEL,2,3279.18,6558.36,327.92,0,6230.44
SALE_51887,ORD_11887,08-06-2024,CUST_2244,PROD_1024,SEL_514,PAY_NB,COUP_NONE,ST_DEL,2,1659.17,3318.34,0,0,3318.34
SALE_51888,ORD_11888,25-11-2024,CUST_2024,PROD_1001,SEL_510,PAY_DC,COUP_FIRST100,ST_SHP,1,6879.14,6879.14,1031.87,0,5847.27
SALE_51889,ORD_11889,11-11-2024,CUST_2045,PROD_1002,SEL_513,PAY_DC,COUP_FIRST100,ST_DEL,3,1199.2,3597.6,539.64,0,3057.96
SALE_51890,ORD_11890,11-05-2024,CUST_2063,PROD_1023,SEL_510,PAY_NB,COUP_TRENDS30,ST_DEL,2,1079.28,2158.56,0,0,2158.56
SALE_51891,ORD_11891,26-09-2024,CUST_2004,PROD_1009,SEL_506,PAY_CC,COUP_FIRST100,ST_CAN,2,3949.21,7898.42,1184.76,0,6713.66
SALE_51892,ORD_11892,02-01-2025,CUST_2179,PROD_1013,SEL_503,PAY_CC,COUP_AJIO20,ST_DEL,1,687.14,687.14,,49,736.14
SALE_51893,ORD_11893,21-01-2025,CUST_2167,PROD_1028,SEL_513,PAY_NB,COUP_FESTIVE25,ST_DEL,1,1078.17,1078.17,0,0,1078.17
SALE_51894,ORD_11894,21-06-2024,CUST_2144,PROD_1010,SEL_514,PAY_CC,COUP_FIRST100,ST_DEL,1,299.4,299.4,0,49,348.4
SALE_51895,ORD_11895,07-05-2024,CUST_2144,PROD_1018,SEL_511,PAY_DC,COUP_FREESHIP,ST_DEL,2,5199.35,10398.7,519.94,0,9878.76
SALE_51896,ORD_11896,03-01-2024,CUST_2148,PROD_1006,SEL_509,PAY_CC,COUP_AJIO20,ST_RET,2,909.3,1818.6,363.72,,1454.88
SALE_51897,ORD_11897,22-01-2024,CUST_2220,PROD_1011,SEL_501,PAY_CC,COUP_NONE,ST_RET,2,1899.24,3798.48,0,0,3798.48
SALE_51898,ORD_11898,02-07-2024,CUST_2191,PROD_1021,SEL_504,PAY_NB,COUP_FREESHIP,ST_CAN,1,764.49,764.49,38.22,49,775.27
SALE_51899,ORD_11899,14-06-2024,CUST_2060,PROD_1026,SEL_506,PAY_DC,COUP_NONE,ST_DEL,1,5119.36,5119.36,0,0,5119.36
SALE_51900,ORD_11900,04-03-2024,CUST_2268,PROD_1007,SEL_511,PAY_AJIO_WALLET,COUP_TRENDS30,ST_DEL,1,3279.18,3279.18,983.75,0,2295.43
SALE_51901,ORD_11901,16-07-2024,CUST_2156,PROD_1010,SEL_514,PAY_NB,COUP_FESTIVE25,ST_DEL,1,299.4,299.4,0,49,348.4
SALE_51902,ORD_11902,22-11-2024,CUST_2252,PROD_1005,SEL_508,PAY_AJIO_WALLET,COUP_FIRST100,ST_DEL,2,444.11,888.22,0,49,937.22
SALE_51903,ORD_11903,07-06-2024,CUST_2150,PROD_1021,SEL_507,PAY_CC,COUP_FREESHIP,ST_DEL,5,764.49,3822.45,191.12,0,3631.33
SALE_51904,ORD_11904,02-05-2024,CUST_2086,PROD_1030,SEL_506,PAY_DC,COUP_FIRST100,ST_RET,1,3239.19,3239.19,485.88,0,2753.31
SALE_51905,ORD_11905,02-02-2024,CUST_2089,PROD_1023,SEL_509,PAY_UPI,,ST_DEL,1,1079.28,1079.28,53.96,0,1025.32
SALE_51906,ORD_11906,15-11-2024,CUST_2074,PROD_1029,SEL_514,PAY_AJIO_WALLET,COUP_NONE,ST_DEL,1,749.5,749.5,0,49,798.5
SALE_51907,ORD_11907,09-07-2024,CUST_2005,PROD_1029,SEL_502,PAY_NB,COUP_FIRST100,ST_DEL,1,749.5,749.5,0,49,798.5
SALE_51908,ORD_11908,29-08-2024,CUST_2284,PROD_1015,SEL_506,PAY_UPI,COUP_FESTIVE25,ST_DEL,1,869.42,869.42,0,49,918.42
SALE_51909,ORD_11909,09-02-2024,CUST_2045,PROD_1022,SEL_508,PAY_CC,COUP_FIRST100,ST_RET,1,714.45,714.45,0,49,763.45
SALE_51910,ORD_11910,20-03-2024,CUST_2186,PROD_1018,SEL_511,PAY_DC,COUP_TRENDS30,ST_DEL,3,5199.35,15598.05,4679.41,0,10918.64
SALE_51911,ORD_11911,12-08-2024,CUST_2167,PROD_1005,SEL_510,PAY_UPI,COUP_FESTIVE25,ST_CAN,1,444.11,444.11,0,49,493.11
SALE_51912,ORD_11912,04-03-2024,CUST_2284,PROD_1008,SEL_512,PAY_UPI,COUP_TRENDS30,ST_DEL,4,2919.27,11677.08,3503.12,0,8173.96
SALE_51913,ORD_11913,14-08-2024,CUST_2241,PROD_1006,SEL_502,PAY_COD,COUP_FREESHIP,ST_DEL,3,909.3,2727.9,136.4,0,2591.5
SALE_51914,ORD_11914,20-03-2024,CUST_2299,PROD_1006,SEL_514,PAY_UPI,COUP_AJIO20,ST_DEL,4,909.3,3637.2,727.44,0,2909.76
SALE_51915,ORD_11915,16-06-2024,CUST_2110,PROD_1024,SEL_507,PAY_CC,COUP_NONE,ST_SHP,2,1659.17,3318.34,0,0,3318.34
SALE_51916,ORD_11916,05-01-2024,CUST_2039,PROD_1021,SEL_505,PAY_CC,,ST_DEL,1,764.49,764.49,0,49,813.49
SALE_51917,ORD_11917,10-11-2024,CUST_2187,PROD_1023,SEL_504,PAY_NB,COUP_FESTIVE25,ST_DEL,1,1079.28,1079.28,0,0,1079.28
SALE_51918,ORD_11918,09-09-2024,CUST_2063,PROD_1016,SEL_512,PAY_AJIO_WALLET,,ST_SHP,1,2069.31,2069.31,0,0,2069.31
SALE_51919,ORD_11919,05-09-2024,CUST_2202,PROD_1010,SEL_504,PAY_UPI,COUP_FESTIVE25,ST_DEL,2,299.4,598.8,0,49,647.8
SALE_51920,ORD_11920,16-08-2024,CUST_2256,PROD_1020,SEL_512,PAY_AJIO_WALLET,COUP_NONE,ST_DEL,2,703.12,1406.24,0,,1406.24
SALE_51921,ORD_11921,02-05-2024,CUST_2299,PROD_1015,SEL_501,PAY_CC,COUP_FESTIVE25,ST_DEL,1,869.42,869.42,0,49,918.42
SALE_51922,ORD_11922,09-11-2024,CUST_2127,PROD_1022,SEL_515,PAY_NB,COUP_TRENDS30,ST_PEN,1,714.45,714.45,0,49,763.45
SALE_51923,ORD_11923,17-03-2024,CUST_2168,PROD_1005,SEL_510,PAY_NB,COUP_FESTIVE25,ST_DEL,2,444.11,888.22,0,49,937.22
SALE_51924,ORD_11924,06-01-2025,CUST_2051,PROD_1005,SEL_513,PAY_DC,COUP_TRENDS30,ST_SHP,1,444.11,444.11,,49,493.11
SALE_51925,ORD_11925,09-07-2024,CUST_2089,PROD_1002,SEL_515,PAY_UPI,COUP_AJIO20,ST_PEN,2,1199.2,2398.4,479.68,0,1918.72
SALE_51926,ORD_11926,16-12-2024,CUST_2239,PROD_1017,SEL_509,PAY_NB,COUP_FESTIVE25,ST_DEL,1,2174.13,2174.13,543.53,0,1630.6
SALE_51927,ORD_11927,30-09-2024,CUST_2191,PROD_1022,SEL_509,PAY_DC,COUP_FIRST100,ST_DEL,3,714.45,2143.35,,0,1821.85
SALE_51928,ORD_11928,17-07-2024,CUST_2021,PROD_1007,SEL_501,PAY_DC,COUP_AJIO20,ST_DEL,1,3279.18,3279.18,655.84,0,2623.34
SALE_51929,ORD_11929,04-02-2024,CUST_2294,PROD_1028,SEL_513,PAY_NB,COUP_AJIO20,ST_DEL,2,1078.17,2156.34,431.27,0,1725.07
SALE_51930,ORD_11930,17-02-2024,CUST_2084,PROD_1007,SEL_514,PAY_AJIO_WALLET,COUP_FESTIVE25,ST_RET,2,3279.18,6558.36,1639.59,0,4918.77
SALE_51931,ORD_11931,12-05-2024,CUST_2296,PROD_1006,SEL_513,PAY_AJIO_WALLET,COUP_FESTIVE25,ST_SHP,1,909.3,909.3,0,49,958.3
SALE_51932,ORD_11932,30-01-2024,CUST_2102,PROD_1016,SEL_505,PAY_AJIO_WALLET,COUP_FREESHIP,ST_DEL,2,2069.31,4138.62,206.93,,3931.69
SALE_51933,ORD_11933,30-10-2024,CUST_2003,PROD_1019,SEL_507,PAY_COD,COUP_NONE,ST_DEL,1,1339.33,1339.33,0,0,1339.33
SALE_51934,ORD_11934,18-03-2024,CUST_2059,PROD_1005,SEL_507,PAY_UPI,COUP_FREESHIP,ST_DEL,1,444.11,444.11,0,,493.11
SALE_51935,ORD_11935,20-01-2025,CUST_2061,PROD_1028,SEL_511,PAY_AJIO_WALLET,COUP_TRENDS30,ST_DEL,1,1078.17,1078.17,0,0,1078.17
SALE_51936,ORD_11936,27-02-2024,CUST_2059,PROD_1020,SEL_513,PAY_AJIO_WALLET,COUP_FREESHIP,ST_DEL,1,703.12,703.12,35.16,49,716.96
SALE_51937,ORD_11937,17-01-2024,CUST_2067,PROD_1030,SEL_503,PAY_UPI,COUP_NONE,ST_DEL,1,3239.19,3239.19,0,0,3239.19
SALE_51938,ORD_11938,04-11-2024,CUST_2176,PROD_1022,SEL_512,PAY_NB,COUP_TRENDS30,ST_RET,2,714.45,1428.9,0,0,1428.9
SALE_51939,ORD_11939,21-06-2024,CUST_2110,PROD_1002,SEL_505,PAY_NB,COUP_FIRST100,ST_DEL,1,1199.2,1199.2,179.88,0,1019.32
SALE_51940,ORD_11940,23-02-2024,CUST_2092,PROD_1015,SEL_511,PAY_AJIO_WALLET,,ST_PEN,2,869.42,1738.84,347.77,0,1391.07
SALE_51941,ORD_11941,10-12-2024,CUST_2145,PROD_1006,SEL_502,PAY_UPI,COUP_AJIO20,ST_DEL,1,909.3,909.3,0,49,958.3
SALE_51942,ORD_11942,16-06-2024,CUST_2269,PROD_1005,SEL_515,PAY_DC,COUP_NONE,ST_DEL,1,444.11,444.11,0,49,493.11
SALE_51943,ORD_11943,06-07-2024,CUST_2147,PROD_1013,SEL_503,PAY_UPI,COUP_FESTIVE25,ST_DEL,2,687.14,1374.28,0,,1374.28
SALE_51944,ORD_11944,19-04-2024,CUST_2034,PROD_1026,SEL_512,PAY_AJIO_WALLET,COUP_FREESHIP,ST_DEL,1,5119.36,5119.36,255.97,0,4863.39
SALE_51945,ORD_11945,01-09-2024,CUST_2177,PROD_1005,SEL_513,PAY_AJIO_WALLET,COUP_FESTIVE25,ST_DEL,1,444.11,444.11,0,,493.11
SALE_51946,ORD_11946,07-02-2024,CUST_2233,PROD_1004,SEL_503,PAY_DC,COUP_FIRST100,ST_DEL,1,3479.13,3479.13,,0,2957.26
SALE_51947,ORD_11947,05-12-2024,CUST_2188,PROD_1013,SEL_505,PAY_CC,COUP_FIRST100,ST_CAN,3,687.14,2061.42,309.21,0,1752.21
SALE_51948,ORD_11948,07-04-2024,CUST_2080,PROD_1001,SEL_503,PAY_COD,COUP_NONE,ST_DEL,1,6879.14,6879.14,0,0,6879.14
SALE_51949,ORD_11949,13-11-2024,CUST_2119,PROD_1018,SEL_508,PAY_DC,COUP_NONE,ST_DEL,1,5199.35,5199.35,0,0,5199.35
SALE_51950,ORD_11950,03-07-2024,CUST_2044,PROD_1014,SEL_507,PAY_NB,,ST_DEL,2,1119.44,2238.88,0,0,2238.88
SALE_51951,ORD_11951,22-03-2024,CUST_2272,PROD_1021,SEL_515,PAY_UPI,COUP_AJIO20,ST_DEL,1,764.49,764.49,0,49,813.49
SALE_51952,ORD_11952,31-01-2024,CUST_2004,PROD_1008,SEL_512,PAY_AJIO_WALLET,COUP_AJIO20,ST_DEL,1,2919.27,2919.27,583.85,0,2335.42
SALE_51953,ORD_11953,28-01-2025,CUST_2186,PROD_1030,SEL_515,PAY_COD,COUP_TRENDS30,ST_DEL,1,3239.19,3239.19,971.76,0,2267.43
SALE_51954,ORD_11954,14-08-2024,CUST_2217,PROD_1029,SEL_513,PAY_DC,COUP_FESTIVE25,ST_DEL,1,749.5,749.5,0,49,798.5
SALE_51955,ORD_11955,05-08-2024,CUST_2179,PROD_1012,SEL_505,PAY_COD,COUP_FIRST100,ST_RET,2,675.48,1350.96,202.64,0,1148.32
SALE_51956,ORD_11956,26-02-2024,CUST_2071,PROD_1027,SEL_513,PAY_DC,COUP_TRENDS30,ST_DEL,1,6639.17,6639.17,1991.75,0,4647.42
SALE_51957,ORD_11957,14-01-2024,CUST_2061,PROD_1026,SEL_513,PAY_NB,COUP_NONE,ST_DEL,1,5119.36,5119.36,0,0,5119.36
SALE_51958,ORD_11958,08-04-2024,CUST_2052,PROD_1015,SEL_507,PAY_DC,COUP_NONE,ST_DEL,1,869.42,869.42,0,49,918.42
SALE_51959,ORD_11959,24-02-2024,CUST_2007,PROD_1017,SEL_502,PAY_AJIO_WALLET,,ST_DEL,1,2174.13,2174.13,108.71,0,2065.42
SALE_51960,ORD_11960,17-09-2024,CUST_2056,PROD_1011,SEL_512,PAY_UPI,COUP_TRENDS30,ST_DEL,1,1899.24,1899.24,0,0,1899.24
SALE_51961,ORD_11961,02-10-2024,CUST_2053,PROD_1008,SEL_501,PAY_COD,COUP_FREESHIP,ST_DEL,2,2919.27,5838.54,291.93,0,5546.61
SALE_51962,ORD_11962,24-07-2024,CUST_2148,PROD_1012,SEL_509,PAY_DC,COUP_TRENDS30,ST_DEL,1,675.48,675.48,0,49,724.48
SALE_51963,ORD_11963,29-09-2024,CUST_2101,PROD_1001,SEL_501,PAY_NB,COUP_TRENDS30,ST_DEL,1,6879.14,6879.14,2063.74,0,4815.4
SALE_51964,ORD_11964,16-01-2024,CUST_2229,PROD_1014,SEL_512,PAY_COD,COUP_FESTIVE25,ST_DEL,1,1119.44,1119.44,0,0,1119.44
SALE_51965,ORD_11965,21-03-2024,CUST_2003,PROD_1011,SEL_504,PAY_AJIO_WALLET,COUP_FIRST100,ST_DEL,3,1899.24,5697.72,854.66,0,4843.06
SALE_51966,ORD_11966,26-10-2024,CUST_2224,PROD_1029,SEL_507,PAY_COD,COUP_FIRST100,ST_DEL,1,749.5,749.5,0,49,798.5
SALE_51967,ORD_11967,16-05-2024,CUST_2071,PROD_1023,SEL_514,PAY_COD,COUP_NONE,ST_DEL,1,1079.28,1079.28,0,0,1079.28
SALE_51968,ORD_11968,02-04-2024,CUST_2052,PROD_1010,SEL_506,PAY_AJIO_WALLET,COUP_FESTIVE25,ST_DEL,1,299.4,299.4,,49,348.4
SALE_51969,ORD_11969,18-01-2025,CUST_2249,PROD_1022,SEL_508,PAY_UPI,COUP_AJIO20,ST_DEL,1,714.45,714.45,0,49,763.45
SALE_51970,ORD_11970,15-10-2024,CUST_2121,PROD_1018,SEL_513,PAY_NB,COUP_NONE,ST_CAN,2,5199.35,10398.7,0,0,10398.7
SALE_51971,ORD_11971,28-12-2024,CUST_2139,PROD_1019,SEL_501,PAY_DC,COUP_FIRST100,ST_SHP,1,1339.33,1339.33,200.9,0,1138.43
SALE_51972,ORD_11972,28-10-2024,CUST_2089,PROD_1002,SEL_505,PAY_NB,COUP_FESTIVE25,ST_DEL,1,1199.2,1199.2,0,0,1199.2
SALE_51973,ORD_11973,09-09-2024,CUST_2255,PROD_1030,SEL_515,PAY_COD,COUP_FESTIVE25,ST_DEL,1,3239.19,3239.19,,0,2429.39
SALE_51974,ORD_11974,31-07-2024,CUST_2034,PROD_1007,SEL_508,PAY_NB,COUP_TRENDS30,ST_SHP,1,3279.18,3279.18,983.75,0,2295.43
SALE_51975,ORD_11975,09-05-2024,CUST_2150,PROD_1004,SEL_507,PAY_COD,COUP_NONE,ST_DEL,4,3479.13,13916.52,0,0,13916.52
SALE_51976,ORD_11976,30-03-2024,CUST_2249,PROD_1016,SEL_510,PAY_DC,COUP_FIRST100,ST_DEL,1,2069.31,2069.31,310.4,0,1758.91
SALE_51977,ORD_11977,28-05-2024,CUST_2108,PROD_1024,SEL_512,PAY_NB,COUP_FREESHIP,ST_DEL,1,1659.17,1659.17,82.96,0,1576.21
SALE_51978,ORD_11978,15-05-2024,CUST_2059,PROD_1020,SEL_508,PAY_UPI,COUP_NONE,ST_SHP,3,703.12,2109.36,0,0,2109.36
SALE_51979,ORD_11979,10-03-2024,CUST_2072,PROD_1001,SEL_504,PAY_COD,COUP_NONE,ST_DEL,1,6879.14,6879.14,0,0,6879.14
SALE_51980,ORD_11980,15-01-2024,CUST_2211,PROD_1002,SEL_514,PAY_CC,COUP_FREESHIP,ST_SHP,2,1199.2,2398.4,119.92,,2278.48
SALE_51981,ORD_11981,16-12-2024,CUST_2133,PROD_1004,SEL_514,PAY_NB,COUP_NONE,ST_DEL,2,3479.13,6958.26,,0,6958.26
SALE_51982,ORD_11982,16-03-2024,CUST_2293,PROD_1017,SEL_510,PAY_NB,COUP_FESTIVE25,ST_DEL,1,2174.13,2174.13,543.53,0,1630.6
SALE_51983,ORD_11983,28-05-2024,CUST_2228,PROD_1001,SEL_512,PAY_NB,COUP_FESTIVE25,ST_DEL,1,6879.14,6879.14,1719.79,0,5159.35
SALE_51984,ORD_11984,03-11-2024,CUST_2037,PROD_1018,SEL_515,PAY_COD,COUP_AJIO20,ST_DEL,2,5199.35,10398.7,2079.74,0,8318.96
SALE_51985,ORD_11985,29-04-2024,CUST_2232,PROD_1029,SEL_515,PAY_DC,COUP_FESTIVE25,ST_DEL,5,749.5,3747.5,936.88,0,2810.62
SALE_51986,ORD_11986,14-01-2024,CUST_2260,PROD_1012,SEL_508,PAY_UPI,COUP_FESTIVE25,ST_DEL,1,675.48,675.48,0,49,724.48
SALE_51987,ORD_11987,04-02-2024,CUST_2215,PROD_1016,SEL_506,PAY_COD,COUP_FREESHIP,ST_DEL,1,2069.31,2069.31,103.47,0,1965.84
SALE_51988,ORD_11988,12-08-2024,CUST_2044,PROD_1010,SEL_510,PAY_COD,COUP_NONE,ST_PEN,3,299.4,898.2,0,49,947.2
SALE_51989,ORD_11989,25-03-2024,CUST_2262,PROD_1029,SEL_508,PAY_AJIO_WALLET,COUP_FESTIVE25,ST_DEL,1,749.5,749.5,0,49,798.5
SALE_51990,ORD_11990,19-07-2024,CUST_2287,PROD_1029,SEL_509,PAY_CC,COUP_TRENDS30,ST_SHP,3,749.5,2248.5,0,0,2248.5
SALE_51991,ORD_11991,30-06-2024,CUST_2245,PROD_1022,SEL_511,PAY_UPI,COUP_AJIO20,ST_DEL,2,714.45,1428.9,0,0,1428.9
SALE_51992,ORD_11992,30-06-2024,CUST_2133,PROD_1029,SEL_513,PAY_UPI,COUP_FESTIVE25,ST_DEL,1,749.5,749.5,0,49,798.5
SALE_51993,ORD_11993,19-12-2024,CUST_2283,PROD_1021,SEL_504,PAY_CC,COUP_TRENDS30,ST_DEL,1,764.49,764.49,0,49,813.49
SALE_51994,ORD_11994,23-08-2024,CUST_2171,PROD_1024,SEL_507,PAY_DC,,ST_PEN,2,1659.17,3318.34,0,0,3318.34
SALE_51995,ORD_11995,08-03-2024,CUST_2204,PROD_1006,SEL_505,PAY_AJIO_WALLET,COUP_NONE,ST_RET,1,909.3,909.3,0,49,958.3
SALE_51996,ORD_11996,11-09-2024,CUST_2193,PROD_1013,SEL_509,PAY_CC,COUP_FREESHIP,ST_DEL,1,687.14,687.14,34.36,49,701.78
SALE_51997,ORD_11997,19-03-2024,CUST_2232,PROD_1017,SEL_505,PAY_CC,COUP_NONE,ST_DEL,1,2174.13,2174.13,0,0,2174.13
SALE_51998,ORD_11998,18-11-2024,CUST_2198,PROD_1005,SEL_503,PAY_DC,COUP_FESTIVE25,ST_PEN,1,444.11,444.11,0,49,493.11
SALE_51999,ORD_11999,02-02-2025,CUST_2280,PROD_1005,SEL_501,PAY_NB,COUP_FESTIVE25,ST_RET,1,444.11,444.11,0,49,493.11
SALE_52000,ORD_12000,08-11-2024,CUST_2205,PROD_1018,SEL_512,PAY_NB,COUP_FIRST100,ST_DEL,5,5199.35,25996.75,3899.51,0,22097.24
SALE_52001,ORD_12001,02-04-2024,CUST_2203,PROD_1016,SEL_503,PAY_NB,COUP_TRENDS30,ST_DEL,1,2069.31,2069.31,0,0,2069.31
SALE_52002,ORD_12002,27-02-2024,CUST_2033,PROD_1003,SEL_505,PAY_UPI,COUP_FIRST100,ST_EXC,3,503.37,1510.11,226.52,0,1283.59
SALE_52003,ORD_12003,14-04-2024,CUST_2128,PROD_1012,SEL_511,PAY_NB,COUP_FREESHIP,ST_CAN,1,675.48,675.48,33.77,49,690.71
SALE_52004,ORD_12004,05-07-2024,CUST_2110,PROD_1016,SEL_512,PAY_COD,COUP_NONE,ST_DEL,3,2069.31,6207.93,0,0,6207.93
SALE_52005,ORD_12005,24-12-2024,CUST_2165,PROD_1018,SEL_509,PAY_UPI,COUP_TRENDS30,ST_DEL,3,5199.35,15598.05,4679.41,0,10918.64
SALE_52006,ORD_12006,03-04-2024,CUST_2185,PROD_1030,SEL_505,PAY_DC,COUP_TRENDS30,ST_DEL,1,3239.19,3239.19,971.76,0,2267.43
SALE_52007,ORD_12007,15-01-2024,CUST_2163,PROD_1021,SEL_501,PAY_CC,COUP_FREESHIP,ST_DEL,1,764.49,764.49,38.22,49,775.27
SALE_52008,ORD_12008,17-01-2025,CUST_2033,PROD_1016,SEL_513,PAY_AJIO_WALLET,COUP_TRENDS30,ST_RET,2,2069.31,4138.62,1241.59,0,2897.03
SALE_52009,ORD_12009,10-06-2024,CUST_2065,PROD_1023,SEL_505,PAY_NB,COUP_FESTIVE25,ST_DEL,1,1079.28,1079.28,,0,1079.28
SALE_52010,ORD_12010,10-09-2024,CUST_2278,PROD_1030,SEL_512,PAY_UPI,COUP_TRENDS30,ST_DEL,1,3239.19,3239.19,971.76,0,2267.43
SALE_52011,ORD_12011,23-02-2024,CUST_2041,PROD_1015,SEL_505,PAY_COD,COUP_FESTIVE25,ST_CAN,2,869.42,1738.84,0,0,1738.84
SALE_52012,ORD_12012,10-06-2024,CUST_2095,PROD_1030,SEL_507,PAY_AJIO_WALLET,COUP_TRENDS30,ST_RET,1,3239.19,3239.19,971.76,,2267.43
SALE_52013,ORD_12013,21-07-2024,CUST_2276,PROD_1020,SEL_513,PAY_CC,COUP_FREESHIP,ST_RET,1,703.12,703.12,35.16,49,716.96
SALE_52014,ORD_12014,18-12-2024,CUST_2226,PROD_1010,SEL_515,PAY_NB,COUP_TRENDS30,ST_DEL,1,299.4,299.4,0,49,348.4
SALE_52015,ORD_12015,11-10-2024,CUST_2134,PROD_1011,SEL_513,PAY_AJIO_WALLET,COUP_NONE,ST_DEL,2,1899.24,3798.48,0,0,3798.48
SALE_52016,ORD_12016,05-06-2024,CUST_2093,PROD_1002,SEL_514,PAY_AJIO_WALLET,COUP_TRENDS30,ST_EXC,3,1199.2,3597.6,1079.28,,2518.32
SALE_52017,ORD_12017,15-12-2024,CUST_2023,PROD_1012,SEL_502,PAY_UPI,COUP_TRENDS30,ST_DEL,1,675.48,675.48,0,49,724.48
SALE_52018,ORD_12018,06-09-2024,CUST_2276,PROD_1025,SEL_513,PAY_NB,COUP_TRENDS30,ST_DEL,1,818.37,818.37,0,49,867.37
SALE_52019,ORD_12019,11-02-2024,CUST_2065,PROD_1004,SEL_509,PAY_NB,,ST_DEL,1,3479.13,3479.13,695.83,0,2783.3
SALE_52020,ORD_12020,06-03-2024,CUST_2004,PROD_1002,SEL_501,PAY_NB,,ST_SHP,1,1199.2,1199.2,59.96,0,1139.24
SALE_52021,ORD_12021,11-07-2024,CUST_2298,PROD_1009,SEL_503,PAY_UPI,COUP_AJIO20,ST_RET,2,3949.21,7898.42,1579.68,0,6318.74
SALE_52022,ORD_12022,16-06-2024,CUST_2286,PROD_1020,SEL_507,PAY_COD,COUP_TRENDS30,ST_DEL,1,703.12,703.12,0,49,752.12
SALE_52023,ORD_12023,07-05-2024,CUST_2008,PROD_1027,SEL_513,PAY_DC,COUP_AJIO20,ST_DEL,2,6639.17,13278.34,2655.67,0,10622.67
SALE_52024,ORD_12024,06-06-2024,CUST_2175,PROD_1018,SEL_515,PAY_UPI,COUP_FESTIVE25,ST_DEL,4,5199.35,20797.4,5199.35,0,15598.05
SALE_52025,ORD_12025,05-04-2024,CUST_2099,PROD_1026,SEL_509,PAY_NB,COUP_NONE,ST_DEL,1,5119.36,5119.36,0,0,5119.36
SALE_52026,ORD_12026,08-02-2024,CUST_2208,PROD_1029,SEL_507,PAY_CC,COUP_FREESHIP,ST_DEL,2,749.5,1499,74.95,0,1424.05
SALE_52027,ORD_12027,26-06-2024,CUST_2028,PROD_1004,SEL_507,PAY_AJIO_WALLET,COUP_AJIO20,ST_DEL,3,3479.13,10437.39,2087.48,,8349.91
SALE_52028,ORD_12028,04-05-2024,CUST_2005,PROD_1023,SEL_515,PAY_AJIO_WALLET,COUP_TRENDS30,ST_DEL,1,1079.28,1079.28,0,0,1079.28
SALE_52029,ORD_12029,09-01-2024,CUST_2151,PROD_1006,SEL_513,PAY_COD,COUP_TRENDS30,ST_RET,1,909.3,909.3,0,49,958.3
SALE_52030,ORD_12030,15-01-2024,CUST_2160,PROD_1013,SEL_503,PAY_DC,COUP_FESTIVE25,ST_DEL,1,687.14,687.14,0,,736.14
SALE_52031,ORD_12031,14-09-2024,CUST_2144,PROD_1023,SEL_502,PAY_UPI,COUP_AJIO20,ST_RET,1,1079.28,1079.28,0,,1079.28
SALE_52032,ORD_12032,01-10-2024,CUST_2265,PROD_1021,SEL_507,PAY_UPI,COUP_NONE,ST_PEN,1,764.49,764.49,0,49,813.49
SALE_52033,ORD_12033,03-06-2024,CUST_2265,PROD_1013,SEL_508,PAY_AJIO_WALLET,,ST_EXC,2,687.14,1374.28,0,0,1374.28
SALE_52034,ORD_12034,01-07-2024,CUST_2089,PROD_1019,SEL_510,PAY_DC,COUP_TRENDS30,ST_RET,1,1339.33,1339.33,0,0,1339.33
SALE_52035,ORD_12035,02-08-2024,CUST_2210,PROD_1026,SEL_505,PAY_CC,,ST_CAN,2,5119.36,10238.72,511.94,0,9726.78
SALE_52036,ORD_12036,23-01-2025,CUST_2085,PROD_1002,SEL_504,PAY_NB,COUP_AJIO20,ST_DEL,1,1199.2,1199.2,0,0,1199.2
SALE_52037,ORD_12037,20-01-2025,CUST_2221,PROD_1012,SEL_512,PAY_NB,COUP_FREESHIP,ST_DEL,1,675.48,675.48,33.77,49,690.71
SALE_52038,ORD_12038,15-05-2024,CUST_2284,PROD_1012,SEL_514,PAY_AJIO_WALLET,COUP_FIRST100,ST_DEL,1,675.48,675.48,0,49,724.48
SALE_52039,ORD_12039,14-09-2024,CUST_2066,PROD_1004,SEL_511,PAY_NB,COUP_FREESHIP,ST_PEN,2,3479.13,6958.26,347.91,0,6610.35
SALE_52040,ORD_12040,08-07-2024,CUST_2186,PROD_1026,SEL_513,PAY_DC,COUP_NONE,ST_DEL,1,5119.36,5119.36,0,0,5119.36
SALE_52041,ORD_12041,04-10-2024,CUST_2189,PROD_1010,SEL_511,PAY_COD,COUP_AJIO20,ST_SHP,1,299.4,299.4,,49,348.4
SALE_52042,ORD_12042,10-02-2024,CUST_2100,PROD_1005,SEL_515,PAY_AJIO_WALLET,COUP_TRENDS30,ST_DEL,2,444.11,888.22,0,,937.22
SALE_52043,ORD_12043,31-01-2025,CUST_2252,PROD_1022,SEL_510,PAY_AJIO_WALLET,COUP_NONE,ST_DEL,2,714.45,1428.9,0,0,1428.9
SALE_52044,ORD_12044,26-03-2024,CUST_2125,PROD_1022,SEL_505,PAY_AJIO_WALLET,COUP_FREESHIP,ST_SHP,1,714.45,714.45,35.72,49,727.73
SALE_52045,ORD_12045,27-03-2024,CUST_2099,PROD_1028,SEL_514,PAY_NB,COUP_FESTIVE25,ST_DEL,3,1078.17,3234.51,808.63,0,2425.88
SALE_52046,ORD_12046,02-04-2024,CUST_2182,PROD_1023,SEL_501,PAY_AJIO_WALLET,COUP_FESTIVE25,ST_DEL,2,1079.28,2158.56,539.64,0,1618.92
SALE_52047,ORD_12047,04-09-2024,CUST_2127,PROD_1027,SEL_501,PAY_DC,COUP_AJIO20,ST_SHP,1,6639.17,6639.17,1327.83,0,5311.34
SALE_52048,ORD_12048,16-05-2024,CUST_2118,PROD_1011,SEL_512,PAY_NB,COUP_FESTIVE25,ST_CAN,3,1899.24,5697.72,1424.43,0,4273.29
SALE_52049,ORD_12049,24-12-2024,CUST_2170,PROD_1028,SEL_504,PAY_DC,COUP_NONE,ST_DEL,2,1078.17,2156.34,0,0,2156.34
SALE_52050,ORD_12050,26-05-2024,CUST_2264,PROD_1003,SEL_512,PAY_COD,COUP_TRENDS30,ST_DEL,3,503.37,1510.11,,0,1510.11
SALE_52051,ORD_12051,12-09-2024,CUST_2218,PROD_1012,SEL_503,PAY_DC,,ST_DEL,1,675.48,675.48,0,49,724.48
SALE_52052,ORD_12052,07-04-2024,CUST_2219,PROD_1002,SEL_514,PAY_NB,COUP_FIRST100,ST_CAN,1,1199.2,1199.2,179.88,0,1019.32
SALE_52053,ORD_12053,17-12-2024,CUST_2112,PROD_1015,SEL_512,PAY_NB,COUP_NONE,ST_DEL,2,869.42,1738.84,0,0,1738.84
SALE_52054,ORD_12054,21-08-2024,CUST_2165,PROD_1008,SEL_511,PAY_NB,,ST_DEL,1,2919.27,2919.27,0,0,2919.27
SALE_52055,ORD_12055,17-10-2024,CUST_2131,PROD_1028,SEL_509,PAY_AJIO_WALLET,COUP_TRENDS30,ST_CAN,1,1078.17,1078.17,0,0,1078.17
SALE_52056,ORD_12056,06-05-2024,CUST_2271,PROD_1017,SEL_513,PAY_CC,COUP_FREESHIP,ST_DEL,1,2174.13,2174.13,108.71,0,2065.42
SALE_52057,ORD_12057,14-12-2024,CUST_2069,PROD_1027,SEL_508,PAY_UPI,COUP_AJIO20,ST_CAN,1,6639.17,6639.17,1327.83,,5311.34
SALE_52058,ORD_12058,10-03-2024,CUST_2120,PROD_1002,SEL_513,PAY_UPI,COUP_FREESHIP,ST_EXC,2,1199.2,2398.4,,0,2278.48
SALE_52059,ORD_12059,30-10-2024,CUST_2090,PROD_1009,SEL_503,PAY_CC,COUP_FESTIVE25,ST_DEL,1,3949.21,3949.21,987.3,0,2961.91
SALE_52060,ORD_12060,26-11-2024,CUST_2121,PROD_1008,SEL_510,PAY_UPI,COUP_FIRST100,ST_RET,1,2919.27,2919.27,437.89,,2481.38
SALE_52061,ORD_12061,29-03-2024,CUST_2016,PROD_1013,SEL_515,PAY_CC,COUP_FESTIVE25,ST_DEL,2,687.14,1374.28,0,0,1374.28
SALE_52062,ORD_12062,03-03-2024,CUST_2026,PROD_1023,SEL_510,PAY_NB,COUP_FIRST100,ST_DEL,2,1079.28,2158.56,323.78,0,1834.78
SALE_52063,ORD_12063,20-12-2024,CUST_2008,PROD_1006,SEL_504,PAY_CC,COUP_NONE,ST_DEL,1,909.3,909.3,0,49,958.3
SALE_52064,ORD_12064,19-11-2024,CUST_2223,PROD_1013,SEL_502,PAY_UPI,COUP_NONE,ST_DEL,1,687.14,687.14,0,49,736.14
SALE_52065,ORD_12065,03-03-2024,CUST_2286,PROD_1030,SEL_513,PAY_AJIO_WALLET,,ST_SHP,1,3239.19,3239.19,971.76,0,2267.43
SALE_52066,ORD_12066,01-05-2025,CUST_2152,PROD_1007,SEL_506,PAY_COD,COUP_NONE,ST_DEL,3,3279.18,9837.54,0,,9837.54
SALE_52067,ORD_12067,13-02-2024,CUST_2149,PROD_1030,SEL_506,PAY_AJIO_WALLET,COUP_FIRST100,ST_DEL,1,3239.19,3239.19,485.88,0,2753.31
SALE_52068,ORD_12068,27-01-2025,CUST_2025,PROD_1026,SEL_508,PAY_DC,,ST_PEN,1,5119.36,5119.36,1535.81,0,3583.55
SALE_52069,ORD_12069,12-12-2024,CUST_2100,PROD_1011,SEL_505,PAY_COD,COUP_FESTIVE25,ST_DEL,1,1899.24,1899.24,0,0,1899.24
SALE_52070,ORD_12070,25-07-2024,CUST_2102,PROD_1024,SEL_513,PAY_UPI,COUP_TRENDS30,ST_CAN,1,1659.17,1659.17,,0,1659.17
SALE_52071,ORD_12071,02-08-2024,CUST_2143,PROD_1011,SEL_512,PAY_NB,COUP_TRENDS30,ST_DEL,1,1899.24,1899.24,0,0,1899.24
SALE_52072,ORD_12072,17-02-2024,CUST_2024,PROD_1014,SEL_507,PAY_AJIO_WALLET,COUP_TRENDS30,ST_DEL,1,1119.44,1119.44,0,0,1119.44
SALE_52073,ORD_12073,26-12-2024,CUST_2202,PROD_1030,SEL_506,PAY_DC,COUP_NONE,ST_SHP,5,3239.19,16195.95,0,0,16195.95
SALE_52074,ORD_12074,11-10-2024,CUST_2001,PROD_1026,SEL_508,PAY_NB,COUP_AJIO20,ST_DEL,1,5119.36,5119.36,1023.87,0,4095.49
SALE_52075,ORD_12075,14-10-2024,CUST_2241,PROD_1002,SEL_509,PAY_NB,COUP_NONE,ST_DEL,1,1199.2,1199.2,,0,1199.2
SALE_52076,ORD_12076,01-06-2025,CUST_2281,PROD_1007,SEL_505,PAY_NB,COUP_FIRST100,ST_DEL,1,3279.18,3279.18,491.88,0,2787.3
SALE_52077,ORD_12077,27-09-2024,CUST_2208,PROD_1006,SEL_507,PAY_NB,COUP_TRENDS30,ST_PEN,1,909.3,909.3,0,49,958.3
SALE_52078,ORD_12078,27-09-2024,CUST_2286,PROD_1018,SEL_509,PAY_AJIO_WALLET,COUP_FESTIVE25,ST_DEL,1,5199.35,5199.35,1299.84,0,3899.51
SALE_52079,ORD_12079,29-10-2024,CUST_2249,PROD_1026,SEL_510,PAY_UPI,COUP_AJIO20,ST_DEL,1,5119.36,5119.36,1023.87,0,4095.49
SALE_52080,ORD_12080,12-01-2024,CUST_2233,PROD_1028,SEL_502,PAY_NB,COUP_TRENDS30,ST_RET,1,1078.17,1078.17,0,,1078.17
SALE_52081,ORD_12081,26-01-2025,CUST_2065,PROD_1001,SEL_502,PAY_CC,COUP_TRENDS30,ST_RET,1,6879.14,6879.14,2063.74,0,4815.4
SALE_52082,ORD_12082,02-10-2024,CUST_2268,PROD_1019,SEL_509,PAY_CC,COUP_TRENDS30,ST_DEL,2,1339.33,2678.66,803.6,0,1875.06
SALE_52083,ORD_12083,07-03-2024,CUST_2293,PROD_1012,SEL_515,PAY_CC,COUP_NONE,ST_PEN,1,675.48,675.48,0,49,724.48
SALE_52084,ORD_12084,12-09-2024,CUST_2061,PROD_1015,SEL_508,PAY_COD,COUP_AJIO20,ST_SHP,1,869.42,869.42,0,49,918.42
SALE_52085,ORD_12085,26-11-2024,CUST_2198,PROD_1020,SEL_503,PAY_UPI,COUP_NONE,ST_DEL,1,703.12,703.12,0,49,752.12
SALE_52086,ORD_12086,08-11-2024,CUST_2048,PROD_1020,SEL_512,PAY_NB,COUP_TRENDS30,ST_RET,1,703.12,703.12,0,49,752.12
SALE_52087,ORD_12087,18-08-2024,CUST_2073,PROD_1020,SEL_508,PAY_DC,COUP_FESTIVE25,ST_DEL,2,703.12,1406.24,0,0,1406.24
SALE_52088,ORD_12088,23-02-2024,CUST_2136,PROD_1024,SEL_512,PAY_DC,COUP_AJIO20,ST_RET,1,1659.17,1659.17,331.83,0,1327.34
SALE_52089,ORD_12089,15-09-2024,CUST_2151,PROD_1012,SEL_508,PAY_UPI,COUP_AJIO20,ST_DEL,1,675.48,675.48,0,49,724.48
SALE_52090,ORD_12090,29-12-2024,CUST_2296,PROD_1005,SEL_503,PAY_DC,COUP_TRENDS30,ST_CAN,1,444.11,444.11,0,49,493.11
SALE_52091,ORD_12091,24-06-2024,CUST_2026,PROD_1003,SEL_511,PAY_COD,COUP_FIRST100,ST_RET,1,503.37,503.37,0,49,552.37
SALE_52092,ORD_12092,28-08-2024,CUST_2028,PROD_1015,SEL_503,PAY_CC,COUP_FIRST100,ST_DEL,1,869.42,869.42,0,49,918.42
SALE_52093,ORD_12093,15-02-2024,CUST_2287,PROD_1020,SEL_506,PAY_AJIO_WALLET,COUP_AJIO20,ST_DEL,1,703.12,703.12,0,49,752.12
SALE_52094,ORD_12094,05-03-2024,CUST_2265,PROD_1006,SEL_503,PAY_AJIO_WALLET,COUP_AJIO20,ST_SHP,1,909.3,909.3,0,49,958.3
SALE_52095,ORD_12095,02-03-2024,CUST_2215,PROD_1003,SEL_507,PAY_NB,COUP_AJIO20,ST_DEL,2,503.37,1006.74,0,0,1006.74
SALE_52096,ORD_12096,07-09-2024,CUST_2288,PROD_1021,SEL_512,PAY_UPI,COUP_NONE,ST_DEL,1,764.49,764.49,0,49,813.49
SALE_52097,ORD_12097,05-04-2024,CUST_2238,PROD_1029,SEL_513,PAY_UPI,COUP_FREESHIP,ST_DEL,1,749.5,749.5,37.48,49,761.02
SALE_52098,ORD_12098,18-10-2024,CUST_2023,PROD_1024,SEL_506,PAY_CC,COUP_TRENDS30,ST_DEL,1,1659.17,1659.17,0,0,1659.17
SALE_52099,ORD_12099,08-01-2024,CUST_2017,PROD_1015,SEL_502,PAY_COD,COUP_FESTIVE25,ST_DEL,4,869.42,3477.68,869.42,0,2608.26
SALE_52100,ORD_12100,20-10-2024,CUST_2132,PROD_1029,SEL_512,PAY_AJIO_WALLET,COUP_NONE,ST_CAN,1,749.5,749.5,0,,798.5
SALE_52101,ORD_12101,17-10-2024,CUST_2168,PROD_1023,SEL_505,PAY_CC,COUP_FREESHIP,ST_DEL,1,1079.28,1079.28,53.96,0,1025.32
SALE_52102,ORD_12102,05-11-2024,CUST_2285,PROD_1019,SEL_504,PAY_COD,COUP_AJIO20,ST_DEL,4,1339.33,5357.32,1071.46,0,4285.86
SALE_52103,ORD_12103,01-04-2025,CUST_2060,PROD_1014,SEL_514,PAY_AJIO_WALLET,COUP_NONE,ST_RET,3,1119.44,3358.32,0,0,3358.32
SALE_52104,ORD_12104,29-01-2025,CUST_2243,PROD_1007,SEL_513,PAY_DC,COUP_FESTIVE25,ST_DEL,1,3279.18,3279.18,819.79,0,2459.39
SALE_52105,ORD_12105,25-07-2024,CUST_2171,PROD_1002,SEL_503,PAY_DC,COUP_FESTIVE25,ST_SHP,1,1199.2,1199.2,0,0,1199.2
SALE_52106,ORD_12106,01-07-2025,CUST_2036,PROD_1015,SEL_515,PAY_DC,COUP_FIRST100,ST_RET,1,869.42,869.42,0,49,918.42
SALE_52107,ORD_12107,18-03-2024,CUST_2269,PROD_1025,SEL_515,PAY_CC,COUP_AJIO20,ST_CAN,1,818.37,818.37,0,49,867.37
SALE_52108,ORD_12108,08-07-2024,CUST_2208,PROD_1028,SEL_505,PAY_NB,COUP_TRENDS30,ST_DEL,1,1078.17,1078.17,0,0,1078.17
SALE_52109,ORD_12109,14-09-2024,CUST_2281,PROD_1008,SEL_512,PAY_DC,COUP_AJIO20,ST_RET,1,2919.27,2919.27,583.85,0,2335.42
SALE_52110,ORD_12110,18-11-2024,CUST_2091,PROD_1011,SEL_513,PAY_CC,COUP_TRENDS30,ST_RET,1,1899.24,1899.24,0,0,1899.24
SALE_52111,ORD_12111,15-08-2024,CUST_2071,PROD_1018,SEL_501,PAY_DC,COUP_AJIO20,ST_DEL,2,5199.35,10398.7,2079.74,,8318.96
SALE_52112,ORD_12112,07-05-2024,CUST_2202,PROD_1012,SEL_508,PAY_NB,COUP_AJIO20,ST_DEL,1,675.48,675.48,0,49,724.48
SALE_52113,ORD_12113,19-06-2024,CUST_2290,PROD_1006,SEL_512,PAY_UPI,COUP_FESTIVE25,ST_DEL,1,909.3,909.3,0,49,958.3
SALE_52114,ORD_12114,11-03-2024,CUST_2253,PROD_1021,SEL_512,PAY_DC,COUP_FREESHIP,ST_DEL,3,764.49,2293.47,114.67,0,2178.8
SALE_52115,ORD_12115,18-02-2024,CUST_2052,PROD_1003,SEL_502,PAY_COD,COUP_FESTIVE25,ST_RET,5,503.37,2516.85,629.21,0,1887.64
SALE_52116,ORD_12116,15-12-2024,CUST_2010,PROD_1005,SEL_506,PAY_DC,COUP_FREESHIP,ST_RET,1,444.11,444.11,0,49,493.11
SALE_52117,ORD_12117,07-08-2024,CUST_2091,PROD_1006,SEL_511,PAY_UPI,COUP_TRENDS30,ST_SHP,1,909.3,909.3,0,49,958.3
SALE_52118,ORD_12118,02-12-2024,CUST_2138,PROD_1023,SEL_502,PAY_AJIO_WALLET,COUP_FIRST100,ST_EXC,1,1079.28,1079.28,161.89,49,966.39
SALE_52119,ORD_12119,31-01-2024,CUST_2225,PROD_1029,SEL_506,PAY_NB,COUP_AJIO20,ST_CAN,1,749.5,749.5,0,49,798.5
SALE_52120,ORD_12120,26-02-2024,CUST_2214,PROD_1025,SEL_513,PAY_AJIO_WALLET,COUP_NONE,ST_DEL,1,818.37,818.37,0,49,867.37
SALE_52121,ORD_12121,28-10-2024,CUST_2094,PROD_1030,SEL_515,PAY_DC,COUP_FREESHIP,ST_SHP,1,3239.19,3239.19,161.96,0,3077.23
SALE_52122,ORD_12122,09-09-2024,CUST_2174,PROD_1002,SEL_508,PAY_DC,COUP_NONE,ST_RET,2,1199.2,2398.4,,0,2398.4
SALE_52123,ORD_12123,30-06-2024,CUST_2098,PROD_1028,SEL_503,PAY_COD,COUP_FESTIVE25,ST_DEL,1,1078.17,1078.17,0,0,1078.17
SALE_52124,ORD_12124,20-07-2024,CUST_2015,PROD_1030,SEL_504,PAY_AJIO_WALLET,,ST_DEL,4,3239.19,12956.76,0,0,12956.76
SALE_52125,ORD_12125,23-10-2024,CUST_2111,PROD_1010,SEL_513,PAY_AJIO_WALLET,COUP_NONE,ST_DEL,1,299.4,299.4,0,49,348.4
SALE_52126,ORD_12126,11-09-2024,CUST_2179,PROD_1005,SEL_501,PAY_CC,COUP_TRENDS30,ST_DEL,4,444.11,1776.44,0,0,1776.44
SALE_52127,ORD_12127,18-02-2024,CUST_2146,PROD_1003,SEL_502,PAY_NB,COUP_AJIO20,ST_DEL,5,503.37,2516.85,503.37,0,2013.48
SALE_52128,ORD_12128,07-02-2024,CUST_2173,PROD_1029,SEL_510,PAY_NB,COUP_FIRST100,ST_RET,2,749.5,1499,224.85,,1274.15
SALE_52129,ORD_12129,24-01-2024,CUST_2125,PROD_1030,SEL_506,PAY_AJIO_WALLET,,ST_DEL,1,3239.19,3239.19,809.8,0,2429.39
SALE_52130,ORD_12130,01-07-2024,CUST_2018,PROD_1002,SEL_507,PAY_COD,COUP_FESTIVE25,ST_RET,1,1199.2,1199.2,0,0,1199.2
SALE_52131,ORD_12131,17-07-2024,CUST_2293,PROD_1014,SEL_515,PAY_NB,COUP_NONE,ST_DEL,1,1119.44,1119.44,0,0,1119.44
SALE_52132,ORD_12132,21-12-2024,CUST_2023,PROD_1025,SEL_512,PAY_CC,COUP_TRENDS30,ST_DEL,1,818.37,818.37,0,49,867.37
SALE_52133,ORD_12133,23-12-2024,CUST_2112,PROD_1022,SEL_504,PAY_NB,COUP_AJIO20,ST_DEL,2,714.45,1428.9,0,0,1428.9
SALE_52134,ORD_12134,21-03-2024,CUST_2011,PROD_1001,SEL_507,PAY_COD,COUP_TRENDS30,ST_DEL,1,6879.14,6879.14,2063.74,0,4815.4
SALE_52135,ORD_12135,18-04-2024,CUST_2112,PROD_1006,SEL_511,PAY_DC,COUP_NONE,ST_DEL,1,909.3,909.3,0,49,958.3
SALE_52136,ORD_12136,10-02-2024,CUST_2067,PROD_1029,SEL_507,PAY_CC,COUP_AJIO20,ST_DEL,1,749.5,749.5,0,49,798.5
SALE_52137,ORD_12137,17-03-2024,CUST_2032,PROD_1021,SEL_503,PAY_AJIO_WALLET,COUP_FESTIVE25,ST_SHP,2,764.49,1528.98,,0,1528.98
SALE_52138,ORD_12138,17-01-2024,CUST_2158,PROD_1011,SEL_514,PAY_UPI,COUP_NONE,ST_DEL,1,1899.24,1899.24,0,0,1899.24
SALE_52139,ORD_12139,22-11-2024,CUST_2216,PROD_1027,SEL_511,PAY_UPI,COUP_AJIO20,ST_DEL,1,6639.17,6639.17,1327.83,0,5311.34
SALE_52140,ORD_12140,29-02-2024,CUST_2212,PROD_1017,SEL_505,PAY_CC,COUP_NONE,ST_DEL,1,2174.13,2174.13,,0,2174.13
SALE_52141,ORD_12141,24-05-2024,CUST_2228,PROD_1008,SEL_513,PAY_CC,COUP_FESTIVE25,ST_RET,1,2919.27,2919.27,729.82,0,2189.45
SALE_52142,ORD_12142,10-05-2024,CUST_2234,PROD_1011,SEL_513,PAY_NB,COUP_FESTIVE25,ST_PEN,1,1899.24,1899.24,0,0,1899.24
SALE_52143,ORD_12143,30-10-2024,CUST_2290,PROD_1028,SEL_503,PAY_UPI,COUP_FIRST100,ST_DEL,1,1078.17,1078.17,161.73,49,965.44
SALE_52144,ORD_12144,04-01-2024,CUST_2203,PROD_1002,SEL_504,PAY_CC,COUP_TRENDS30,ST_SHP,3,1199.2,3597.6,1079.28,0,2518.32
SALE_52145,ORD_12145,05-10-2024,CUST_2073,PROD_1015,SEL_506,PAY_DC,COUP_FESTIVE25,ST_DEL,5,869.42,4347.1,1086.78,0,3260.32
SALE_52146,ORD_12146,28-02-2024,CUST_2013,PROD_1023,SEL_510,PAY_CC,COUP_NONE,ST_RET,2,1079.28,2158.56,0,0,2158.56
SALE_52147,ORD_12147,08-08-2024,CUST_2083,PROD_1008,SEL_512,PAY_NB,,ST_DEL,4,2919.27,11677.08,0,0,11677.08
SALE_52148,ORD_12148,02-04-2024,CUST_2051,PROD_1021,SEL_513,PAY_NB,COUP_FREESHIP,ST_SHP,3,764.49,2293.47,114.67,0,2178.8
SALE_52149,ORD_12149,01-05-2025,CUST_2269,PROD_1026,SEL_502,PAY_NB,COUP_FESTIVE25,ST_RET,1,5119.36,5119.36,1279.84,0,3839.52
SALE_52150,ORD_12150,18-04-2024,CUST_2290,PROD_1004,SEL_507,PAY_UPI,COUP_NONE,ST_DEL,1,3479.13,3479.13,0,0,3479.13
SALE_52151,ORD_12151,18-10-2024,CUST_2282,PROD_1018,SEL_502,PAY_AJIO_WALLET,COUP_FESTIVE25,ST_RET,1,5199.35,5199.35,1299.84,0,3899.51
SALE_52152,ORD_12152,21-09-2024,CUST_2241,PROD_1006,SEL_512,PAY_AJIO_WALLET,COUP_NONE,ST_DEL,2,909.3,1818.6,0,0,1818.6
SALE_52153,ORD_12153,24-12-2024,CUST_2174,PROD_1030,SEL_504,PAY_COD,COUP_FESTIVE25,ST_PEN,2,3239.19,6478.38,1619.6,0,4858.78
SALE_52154,ORD_12154,24-10-2024,CUST_2035,PROD_1018,SEL_507,PAY_NB,COUP_FIRST100,ST_DEL,3,5199.35,15598.05,2339.71,0,13258.34
SALE_52155,ORD_12155,20-09-2024,CUST_2261,PROD_1009,SEL_506,PAY_DC,COUP_NONE,ST_SHP,1,3949.21,3949.21,0,0,3949.21
SALE_52156,ORD_12156,11-10-2024,CUST_2245,PROD_1006,SEL_501,PAY_UPI,COUP_FIRST100,ST_DEL,1,909.3,909.3,0,49,958.3
SALE_52157,ORD_12157,22-05-2024,CUST_2118,PROD_1005,SEL_511,PAY_CC,COUP_NONE,ST_DEL,1,444.11,444.11,0,49,493.11
SALE_52158,ORD_12158,25-09-2024,CUST_2143,PROD_1021,SEL_504,PAY_AJIO_WALLET,COUP_FIRST100,ST_RET,1,764.49,764.49,0,49,813.49
SALE_52159,ORD_12159,12-10-2024,CUST_2185,PROD_1019,SEL_510,PAY_AJIO_WALLET,COUP_FIRST100,ST_SHP,2,1339.33,2678.66,401.8,0,2276.86
SALE_52160,ORD_12160,21-05-2024,CUST_2007,PROD_1005,SEL_501,PAY_AJIO_WALLET,COUP_FIRST100,ST_RET,1,444.11,444.11,0,,493.11
SALE_52161,ORD_12161,03-06-2024,CUST_2068,PROD_1005,SEL_512,PAY_COD,COUP_TRENDS30,ST_DEL,2,444.11,888.22,0,49,937.22
SALE_52162,ORD_12162,23-01-2025,CUST_2125,PROD_1012,SEL_512,PAY_CC,COUP_NONE,ST_RET,1,675.48,675.48,0,49,724.48
SALE_52163,ORD_12163,04-10-2024,CUST_2214,PROD_1011,SEL_515,PAY_UPI,COUP_TRENDS30,ST_DEL,1,1899.24,1899.24,0,0,1899.24
SALE_52164,ORD_12164,13-08-2024,CUST_2030,PROD_1012,SEL_512,PAY_NB,COUP_FIRST100,ST_RET,1,675.48,675.48,0,49,724.48
SALE_52165,ORD_12165,03-08-2024,CUST_2204,PROD_1029,SEL_510,PAY_UPI,COUP_FESTIVE25,ST_DEL,1,749.5,749.5,0,49,798.5
SALE_52166,ORD_12166,17-12-2024,CUST_2083,PROD_1020,SEL_502,PAY_COD,COUP_FREESHIP,ST_RET,1,703.12,703.12,35.16,49,716.96
SALE_52167,ORD_12167,28-09-2024,CUST_2194,PROD_1028,SEL_510,PAY_UPI,COUP_FIRST100,ST_DEL,1,1078.17,1078.17,161.73,49,965.44
SALE_52168,ORD_12168,02-04-2024,CUST_2015,PROD_1009,SEL_504,PAY_AJIO_WALLET,COUP_FESTIVE25,ST_CAN,1,3949.21,3949.21,987.3,0,2961.91
SALE_52169,ORD_12169,08-02-2024,CUST_2084,PROD_1005,SEL_510,PAY_UPI,COUP_FIRST100,ST_RET,1,444.11,444.11,0,49,493.11
SALE_52170,ORD_12170,08-01-2024,CUST_2029,PROD_1012,SEL_507,PAY_NB,COUP_AJIO20,ST_RET,1,675.48,675.48,0,49,724.48
SALE_52171,ORD_12171,13-02-2024,CUST_2021,PROD_1013,SEL_504,PAY_AJIO_WALLET,COUP_TRENDS30,ST_RET,1,687.14,687.14,0,49,736.14
SALE_52172,ORD_12172,02-02-2025,CUST_2202,PROD_1012,SEL_506,PAY_UPI,COUP_AJIO20,ST_DEL,1,675.48,675.48,0,49,724.48
SALE_52173,ORD_12173,05-11-2024,CUST_2019,PROD_1015,SEL_507,PAY_COD,COUP_FIRST100,ST_SHP,2,869.42,1738.84,260.83,0,1478.01
SALE_52174,ORD_12174,07-11-2024,CUST_2291,PROD_1014,SEL_506,PAY_UPI,,ST_DEL,1,1119.44,1119.44,0,0,1119.44
SALE_52175,ORD_12175,03-01-2024,CUST_2067,PROD_1028,SEL_503,PAY_COD,COUP_FIRST100,ST_DEL,1,1078.17,1078.17,161.73,49,965.44
SALE_52176,ORD_12176,13-01-2025,CUST_2076,PROD_1009,SEL_504,PAY_COD,COUP_FREESHIP,ST_DEL,3,3949.21,11847.63,592.38,,11255.25
SALE_52177,ORD_12177,13-12-2024,CUST_2285,PROD_1023,SEL_506,PAY_DC,COUP_FREESHIP,ST_DEL,2,1079.28,2158.56,107.93,0,2050.63
SALE_52178,ORD_12178,11-12-2024,CUST_2021,PROD_1018,SEL_512,PAY_COD,COUP_FESTIVE25,ST_RET,2,5199.35,10398.7,2599.68,0,7799.02
SALE_52179,ORD_12179,30-12-2024,CUST_2209,PROD_1005,SEL_511,PAY_CC,COUP_FREESHIP,ST_DEL,1,444.11,444.11,,49,493.11
SALE_52180,ORD_12180,22-06-2024,CUST_2293,PROD_1022,SEL_507,PAY_DC,COUP_FIRST100,ST_DEL,3,714.45,2143.35,321.5,0,1821.85
SALE_52181,ORD_12181,29-09-2024,CUST_2145,PROD_1015,SEL_503,PAY_DC,COUP_FREESHIP,ST_DEL,1,869.42,869.42,43.47,49,874.95
SALE_52182,ORD_12182,02-10-2024,CUST_2134,PROD_1007,SEL_514,PAY_UPI,COUP_FREESHIP,ST_DEL,2,3279.18,6558.36,327.92,0,6230.44
SALE_52183,ORD_12183,16-05-2024,CUST_2271,PROD_1016,SEL_507,PAY_UPI,COUP_AJIO20,ST_EXC,2,2069.31,4138.62,827.72,,3310.9
SALE_52184,ORD_12184,18-06-2024,CUST_2200,PROD_1030,SEL_512,PAY_NB,COUP_FREESHIP,ST_DEL,1,3239.19,3239.19,161.96,0,3077.23
SALE_52185,ORD_12185,07-03-2024,CUST_2138,PROD_1024,SEL_513,PAY_AJIO_WALLET,COUP_AJIO20,ST_RET,1,1659.17,1659.17,331.83,0,1327.34
SALE_52186,ORD_12186,01-07-2025,CUST_2289,PROD_1016,SEL_514,PAY_DC,COUP_TRENDS30,ST_DEL,2,2069.31,4138.62,1241.59,0,2897.03
SALE_52187,ORD_12187,03-05-2024,CUST_2196,PROD_1026,SEL_502,PAY_COD,COUP_FIRST100,ST_RET,1,5119.36,5119.36,767.9,0,4351.46
SALE_52188,ORD_12188,20-10-2024,CUST_2147,PROD_1012,SEL_501,PAY_NB,COUP_FREESHIP,ST_RET,3,675.48,2026.44,101.32,0,1925.12
SALE_52189,ORD_12189,11-01-2024,CUST_2157,PROD_1017,SEL_502,PAY_DC,COUP_FIRST100,ST_PEN,1,2174.13,2174.13,326.12,0,1848.01
SALE_52190,ORD_12190,04-03-2024,CUST_2191,PROD_1019,SEL_507,PAY_COD,COUP_AJIO20,ST_CAN,2,1339.33,2678.66,,0,2142.93
SALE_52191,ORD_12191,02-01-2025,CUST_2123,PROD_1001,SEL_508,PAY_DC,COUP_FIRST100,ST_DEL,5,6879.14,34395.7,5159.35,0,29236.35
SALE_52192,ORD_12192,12-07-2024,CUST_2137,PROD_1006,SEL_507,PAY_UPI,,ST_DEL,1,909.3,909.3,0,49,958.3
SALE_52193,ORD_12193,06-03-2024,CUST_2299,PROD_1007,SEL_504,PAY_CC,COUP_TRENDS30,ST_CAN,3,3279.18,9837.54,2951.26,0,6886.28
SALE_52194,ORD_12194,22-04-2024,CUST_2110,PROD_1023,SEL_513,PAY_UPI,COUP_TRENDS30,ST_DEL,2,1079.28,2158.56,0,0,2158.56
SALE_52195,ORD_12195,26-11-2024,CUST_2116,PROD_1004,SEL_515,PAY_AJIO_WALLET,COUP_NONE,ST_DEL,2,3479.13,6958.26,0,0,6958.26
SALE_52196,ORD_12196,03-02-2024,CUST_2254,PROD_1017,SEL_514,PAY_DC,COUP_FIRST100,ST_DEL,1,2174.13,2174.13,,0,1848.01
SALE_52197,ORD_12197,17-04-2024,CUST_2282,PROD_1015,SEL_502,PAY_NB,COUP_AJIO20,ST_DEL,2,869.42,1738.84,347.77,0,1391.07
SALE_52198,ORD_12198,15-09-2024,CUST_2144,PROD_1024,SEL_515,PAY_CC,COUP_TRENDS30,ST_RET,1,1659.17,1659.17,0,,1659.17
SALE_52199,ORD_12199,24-03-2024,CUST_2256,PROD_1002,SEL_502,PAY_COD,COUP_FIRST100,ST_DEL,3,1199.2,3597.6,,0,3057.96
SALE_52200,ORD_12200,16-03-2024,CUST_2013,PROD_1023,SEL_509,PAY_COD,COUP_AJIO20,ST_CAN,3,1079.28,3237.84,647.57,,2590.27
